{"setup-app-name-header":{"_":"بريد"},"setup-empty-account-prompt":{"_":"أنت غير مٌعدّ لإرسال أو استقبال البريد الإلكتروني. ترغب في القيام بذلك الآن ؟"},"setup-pick-service":{"_":"لإرسال واستقبال البريد الإلكتروني، تحتاج لإعداد حساب."},"setup-account-header3":{"_":"حساب جديد"},"setup-info-header":{"_":"معلوماتك لتسجيل الدخول"},"setup-info-name":{"placeholder":"اسمك"},"setup-info-email":{"placeholder":"someone@example.com"},"setup-info-password":{"placeholder":"كلمة السِّر"},"setup-info-next":{"_":"التالي"},"setup-progress-wait-msg":{"_":"Setting up account"},"setup-completed-header":{"_":"إعداد حساب بريد"},"setup-completed-label":{"_":"تم!"},"setup-add-another-account":{"_":"إضافة حساب آخر"},"setup-show-mail":{"_":"المواصلة للبريد"},"setup-error-offline":{"_":"الجهاز حاليا غير متصل. اتصل بالشبكة وحاول مرة اخرى."},"setup-error-bad-user-or-pass2":{"_":"اسم المستخدم وكلمة السِّر غير معرّفة"},"setup-error-not-authorized":{"_":"غير مصرح لك بإنشاء اسم مستخدم"},"setup-error-pop-server-not-great":{"_":"Server unsupported. The POP3 server does not implement required features."},"setup-error-unknown2":{"_":"حدث خطأ غير معروف. تحقق من اتصال الشبكة أو حاول باستخدام خيار الاعداد اليدوي."},"setup-error-needs-app-pass":{"_":"يتوجب عليك استخدام كلمة السّر الخاصة بالتطبيق لحسابات two-factor الخاصة بالجيميل"},"setup-error-imap-disabled":{"_":"يجب عليك تفعيل الـ IMAP في حساب الجيميل الخاص بك"},"setup-error-pop3-disabled":{"_":"You must enable POP3 for your Gmail account"},"setup-error-bad-security":{"_":"غير قادر على تأسيس اتصال آمن مع \"{{server}}\". قد تكون هناك مشكلة مع الشبكة أو الخادم."},"setup-error-unresponsive-server":{"_":"غير قادر على تأسيس اتصال مع \"{{server}}\".  قد تكون هناك مشكلة مع الشبكة.."},"setup-error-server-problem":{"_":"يوجد مشكلة مع الخادم \"{{server}}\". حاول مرة اخرى لاحقا."},"setup-error-no-config-info":{"_":"غير قادر على إعداد حسابك تلقائيا. صحح بريدك الالكتروني أو حاول باستخدام خيار الاعداد اليدوي."},"setup-error-server-maintenance":{"_":"الخادم \"{{server}}\" غير متصل للصيانة. حاول مرة اخرى لاحقا."},"setup-error-account-already-exists":{"_":"This account is already configured."},"setup-manual-config2":{"_":"اعداد يدوي"},"setup-manual-config-header":{"_":"إعداد يدوي"},"setup-manual-account-type":{"_":"نوع الحساب"},"setup-manual-imap-header":{"_":"إعدادات IMAP"},"setup-manual-pop3-header":{"_":"POP3 settings"},"setup-manual-smtp-header":{"_":"إعدادات SMTP"},"setup-manual-activesync-header":{"_":"إعدادات ActiveSync"},"setup-manual-next":{"_":"التالي"},"setup-manual-socket":{"_":"نوع المقبس"},"setup-manual-socket-ssl":{"_":"SSL"},"setup-manual-socket-starttls":{"_":"STARTTLS"},"setup-manual-hostname":{"placeholder":"اسم المضيف"},"setup-manual-port":{"placeholder":"رقم المنفذ"},"setup-manual-username":{"placeholder":"اسم المستخدم"},"setup-bad-password-header":{"_":"كلمة سرّ خاطئة"},"setup-bad-password":{"_":"لا يمكننا تسجيل الدخول إلى الخادم. قد تكون كلمة السِّر خاطئة؟"},"setup-new-password":{"placeholder":"كلمة سِر جديدة"},"setup-fix-password":{"_":"حاول بكلمة سرّ جديدة"},"setup-gmail-twofactor-header":{"_":"تم تفعيل Two-Factor"},"setup-gmail-twofactor-message":{"_":"أدخل كلمة السّر الخاصة بالتطبيق أدناه"},"setup-gmail-twofactor-fix":{"_":"استخدم كلمة السّر الخاصة بالتطبيق"},"setup-gmail-imap-header":{"_":"IMAP معطّل"},"setup-gmail-imap-message":{"_":"يجب تفعيل  IMAP في حساب الجيميل الخاص بك "},"setup-gmail-imap-retry":{"_":"محاولة مرة أخرى"},"setup-gmail-pop3-header":{"_":"POP3 Disabled"},"setup-gmail-pop3-message":{"_":"You must enable POP3 on your Gmail account"},"setup-gmail-pop3-retry":{"_":"Retry"},"settings-main-header":{"_":"إعدادات البريد"},"settings-sub-header-account":{"_":"Account"},"settings-account-name":{"_":"Your name"},"settings-account-display-notifications":{"_":"Display notifications for new messages"},"settings-sub-header-data":{"_":"Data"},"settings-account-check-mail":{"_":"Check for new messages"},"settings-sub-header-server":{"_":"Server settings"},"settings-account-userpass":{"_":"Username and password"},"fld-account-picker-last-sync":{"_":"Last sync:"},"settings-done":{"_":"تم"},"settings-account-section":{"_":"حسابات"},"settings-account-add":{"_":"إضافة حساب"},"settings-account-delete":{"_":"حذف حساب"},"settings-account-delete-prompt":{"_":"هل أنت متأكد من حذف حساب البريد الخاص بك {{account}}؟ يتوجب عليك إعادة تنزيل بريدك اذا تم إعادة إنشاءه مرة أخرى."},"settings-account-delete-cancel":{"_":"ألغِ"},"settings-account-delete-confirm":{"_":"حذف"},"settings-about-section":{"_":"عن"},"settings-general-section":{"_":"إعدادات عامة"},"settings-check-mail":{"_":"التحقق من البريد"},"settings-show-images":{"_":"إعرض الصور دائما"},"settings-download-attachments":{"_":"تنزيل المرفقات"},"settings-notify-mail":{"_":"تنبيه للرسائل جديدة"},"settings-check-every-3min":{"_":"Every 3 minutes"},"settings-check-every-5min":{"_":"Every 5 minutes"},"settings-check-every-10min":{"_":"Every 10 minutes"},"settings-check-every-15min":{"_":"Every 15 minutes"},"settings-check-every-30min":{"_":"Every 30 minutes"},"settings-check-every-60min":{"_":"Every hour"},"settings-check-every-manual":{"_":"Manually"},"settings-check-dynamic":{"_":"{[ plural(n) ]}","_[zero]":"seconds","_[one]":"{{ n }} seconds","_[two]":"{{ n }} seconds","_[few]":"{{ n }} seconds","_[many]":"{{ n }} seconds","_[other]":"{{ n }} seconds"},"settings-default-account":{"_":"حساب افتراضي"},"settings-account-type":{"_":"نوع الحساب"},"settings-account-credentials":{"_":"بيانات الاعتماد"},"settings-activesync-label":{"_":"إعدادات ActiveSync "},"settings-imap-label":{"_":"إعدادات IMAP "},"settings-pop3-label":{"_":"POP3 settings"},"settings-smtp-label":{"_":"إعدادات SMTP "},"settings-hostname":{"_":"اسم المضيف"},"settings-port":{"_":"المنفذ"},"settings-username":{"_":"اسم المستخدم"},"settings-password":{"_":"كلمة السِّر"},"settings-save":{"_":"حفظ"},"settings-password-empty":{"_":"لا يجب أن تكون كلمة السِّر فارغة"},"settings-account-synchronize-window":{"_":"Days to sync"},"settings-synchronize-auto":{"_":"تلقائي"},"settings-synchronize-one-day":{"_":"يوم واحد"},"settings-synchronize-three-days":{"_":"3 أيام"},"settings-synchronize-one-week":{"_":"أسبوع واحد"},"settings-synchronize-two-weeks":{"_":"أسبوعان"},"settings-synchronize-one-month":{"_":"شهر واحد"},"settings-synchronize-all":{"_":"كل الرسائل"},"accounts-header":{"_":"حسابات"},"accounts-button":{"_":"حسابات"},"envelope-from":{"_":"من"},"envelope-to":{"_":"إلى"},"envelope-cc":{"_":"cc"},"envelope-bcc":{"_":"bcc"},"reader-header":{"_":"قراءة"},"compose-header":{"_":"إنشاء رسالة"},"compose-header-short":{"_":"Compose"},"compose-send":{"_":"إرسال"},"compose-to":{"_":"إلى"},"compose-cc":{"_":"cc"},"compose-bcc":{"_":"bcc"},"compose-attachments":{"_":"{[ plural(n) ]}","_[zero]":"مرففات","_[one]":"{{ n }} مرفق","_[two]":"{{ n }} مرفق","_[few]":"{{ n }} مرفق","_[many]":"{{ n }} مرفق","_[other]":"{{ n }} مرفق"},"compose-subject":{"_":"الموضوع"},"compose-draft-save":{"_":"Save to Local Drafts"},"compose-discard-message":{"_":"تجاهل البريد الإلكتروني؟"},"compose-discard-confirm":{"_":"تجاهل"},"compose-sending-message":{"_":"جارِ إرسال البريد الالكتروني"},"compose-send-message-failed":{"_":"تعذر إرسال البريد الالكتروني"},"composer-attachment-large":{"_":"Attachment too large"},"composer-attachments-large":{"_":"Attachments too large"},"compose-attchment-size-exceeded":{"_":"The selected attachment is too large to send with this message."},"compose-attchments-size-exceeded":{"_":"The selected attachments are too large to send with this message. Try selecting fewer files."},"dialog-button-ok":{"_":"موافق"},"default-attachment-name":{"_":"{[ plural(n) ]}","_[one]":"attachment1","_[two]":"attachment{{ n }}","_[few]":"attachment{{ n }}","_[many]":"attachment{{ n }}","_[other]":"attachment{{ n }}"},"attachment-size-kib":{"_":"{{kilobytes}}K"},"message-attachment-view":{"textContent":"عرض"},"message-no-subject":{"_":"(بلا موضوع)"},"message-edit-menu-star":{"_":"ميزها بنجمة"},"message-edit-menu-unstar":{"_":"إلغاء التمييز بنجمة"},"message-edit-menu-mark-read":{"_":"جعل الرسالة كمقروءة"},"message-edit-menu-mark-unread":{"_":"جعل الرسالة كغير مقروءة"},"message-edit-menu-move":{"_":"نقل"},"message-edit-menu-delete":{"_":"حذف"},"message-edit-delete-confirm":{"_":"حذف الرسالة؟"},"message-send-attachment-disabled-confirm":{"_":"Attachments can not be forwarded."},"message-multiedit-header":{"_":"{[ plural(n) ]}","_[zero]":"تعديل","_[one]":"{{ n }} مُختارة","_[two]":"{{ n }} مُختارة","_[few]":"{{ n }} مُختارة","_[many]":"{{ n }} مُختارة","_[other]":"{{ n }} مُختارة"},"browse-to-url-prompt":{"_":"تصفَّح إلى العنوان؟: {{ url }}"},"message-download-images":{"_":"{[ plural(n) ]}","_[one]":"هذه الرسالة تحوي صورة واحدة، اضغط لتحميلها.","_[two]":"هذه الرسالة تحوي {{ n }} صور، اضغط لتحميلها.","_[few]":"هذه الرسالة تحوي {{ n }} صور، اضغط لتحميلها.","_[many]":"هذه الرسالة تحوي {{ n }} صور، اضغط لتحميلها.","_[other]":"هذه الرسالة تحوي {{ n }} صور، اضغط لتحميلها."},"message-show-external-images":{"_":"عرض الصور الخارجية"},"message-multiedit-cancel":{"_":"إلغاء"},"message-multiedit-delete-confirm":{"_":"{[ plural(n) ]}","_[one]":"هل تريد حذف هذه الرسالة؟","_[two]":"هل تريد حذف {{ n }} رسائل؟","_[few]":"هل تريد حذف {{ n }} رسالة؟","_[many]":"حذف  {{ n }} رسائل؟","_[other]":"حذف  {{ n }} رسالة؟"},"message-large-message-cancel":{"_":"Cancel"},"message-large-message-ok":{"_":"Continue"},"message-large-message-confirm":{"_":"This message is large and may take some time to download."},"message-search-from":{"_":"من"},"message-search-to":{"_":"إلى"},"message-search-subject":{"_":"الموضوع"},"message-search-body":{"_":"الرسالة"},"message-search-all":{"_":"الكل"},"message-search-input":{"placeholder":"إبجث في البريد"},"message-search-cancel-accessible":{"_":"ألغِ البحث"},"messages-syncing":{"_":"جارِ تحميل الرسائل"},"messages-sync-more":{"_":"تحميل المزيد من الرسائل من الخادم"},"messages-folder-empty":{"_":"لا توجد رسائل في هذا المجلد"},"messages-search-empty":{"_":"لم يتم العثور على نتائج في الرسائل المخزنة محليا"},"messages-folder-select":{"_":"اختر مجلد"},"message-contact-menu-create":{"_":"Save new contact"},"message-contact-menu-add-existing":{"_":"Add to existing contact"},"message-contact-menu-view":{"_":"عرض الإسم"},"message-contact-menu-reply":{"_":"الرد"},"message-contact-menu-new":{"_":"Send new mail"},"message-reply-menu-reply":{"_":"Reply"},"message-reply-menu-reply-all":{"_":"Reply All"},"message-reply-menu-forward":{"_":"Forward"},"message-reply-menu-cancel":{"_":"Cancel"},"folder-list-header":{"_":"مجلدات"},"account-last-synced-label":{"_":"آخر تزامن:"},"account-never-synced":{"_":"أبداً"},"reply-quoting-wrote":{"_":"كتب {name } "},"forward-original-message":{"_":"الرسالة الأصلية"},"forward-header-subject":{"_":"الموضوع"},"forward-header-date":{"_":"تاريخ"},"forward-header-from":{"_":"من"},"forward-header-reply-to":{"_":"رد على"},"forward-header-to":{"_":"إلى"},"forward-header-cc":{"_":"CC"},"folder-inbox":{"_":"الوارد"},"folder-sent":{"_":"المرسل"},"folder-drafts":{"_":"المسودات"},"folder-trash":{"_":"المهملات"},"folder-queue":{"_":"غير مُرسَل"},"folder-junk":{"_":"غير مرغوب به"},"folder-archives":{"_":"الأرشيف"},"folder-localdrafts":{"_":"Local Drafts"},"toaster-undo":{"_":"تراجع"},"toaster-retry":{"_":"حاول مرة أخرى"},"toaster-message-star":{"_":"{[ plural(n) ]}","_[one]":"وضع علامة على رسالة واحدة","_[two]":"وضع علامة على {{ n }} رسالة","_[few]":"وضع علامة على {{ n }} رسالة","_[many]":"وضع علامة على {{ n }} رسالة","_[other]":"وضع علامة على {{ n }} رسالة"},"toaster-message-unstar":{"_":"{[ plural(n) ]}","_[one]":"حذف العلامة من رسالة واحدة","_[two]":"تم حذف {{ n }} علامة","_[few]":"تم حذف {{ n }} علامة","_[many]":"تم حذف {{ n }} علامة","_[other]":"حذف العلامة عن علامة "},"toaster-message-read":{"_":"{[ plural(n) ]}","_[one]":"رسالة واحدة مُعلّمة كمقروءة","_[two]":"تم تعليم{{ n }} رسالة كمقروءة","_[few]":"تم تعليم {{ n }} رسالة كمقروءة","_[many]":"تم تعليم {{ n }} رسالة كمقروءة","_[other]":"{{ n }} رسالة مُعلّمة كمقروءة"},"toaster-message-unread":{"_":"{[ plural(n) ]}","_[one]":"رسالة واحدة مُعلّمة كغيرمقروءة","_[two]":"تم تعليم {{ n }} رسالة كغير مقروءة","_[few]":"تم تعليم {{ n }} رسالة كغير مقروءة","_[many]":"تم تعليم {{ n }} رسالة كغير مقروءة","_[other]":"{{ n }} رسالة مُعلّمة كغير مقروءة"},"toaster-message-move":{"_":"{[ plural(n) ]}","_[one]":"رسالة واحدة منقولة","_[two]":"تم نقل {{ n }} رسالة","_[few]":"تم نقل {{ n }} رسالة","_[many]":"تم نقل {{ n }} رسالة","_[other]":"{{ n }} رسالة منقولة"},"toaster-message-delete":{"_":"{[ plural(n) ]}","_[one]":"رسالة واحدة محذوفة","_[two]":"تم حذف {{ n }} رسالة","_[few]":"تم حذف {{ n }} رسالة","_[many]":"تم حذف {{ n }} رسالة","_[other]":"{{ n }} رسالة محذوفة"},"toaster-retryable-syncfailed":{"_":"فشل الإتصال مع الخادم"},"form-clear-input":{"_":"إحذف النص"},"confirm-dialog-title":{"_":"تأكيد"},"senders-separation-sign":{"_":", "},"new-emails":{"_":"{[ plural(n) ]}","_[one]":"1 New Email","_[two]":"{{ n }} New Emails","_[few]":"{{ n }} New Emails","_[many]":"{{ n }} New Emails","_[other]":"{{ n }} New Emails"},"new-emails-notify-one-account":{"_":"{[ plural(n) ]}","_[one]":"1 New Email","_[two]":"{{ n }} New Emails","_[few]":"{{ n }} New Emails","_[many]":"{{ n }} New Emails","_[other]":"{{ n }} New Emails"},"new-emails-notify-multiple-accounts":{"_":"{[ plural(n) ]}","_[one]":"1 New Email ({{ accountName }})","_[two]":"{{ n }} New Emails ({{ accountName }})","_[few]":"{{ n }} New Emails ({{ accountName }})","_[many]":"{{ n }} New Emails ({{ accountName }})","_[other]":"{{ n }} New Emails ({{ accountName }})"},"new-emails-notify-multiple-accounts-body":{"_":"{{ from }} “{{ subject }}”"},"setup-progress-wait":{"_":"الرجاء الانتظار بينما يمكنني إعداد حسابك"},"settings-check-3min":{"_":"3 دقائق"},"settings-check-5min":{"_":"خمس دقائق"},"settings-check-10min":{"_":"عشر دقائق"},"settings-check-15min":{"_":"15 دقيقة"},"settings-check-30min":{"_":"٣٠ دقيقة"},"settings-check-60min":{"_":"٦٠ دقيقة"},"settings-check-manual":{"_":"يدوياُ"},"settings-account-synchronize":{"_":"مزامنة"},"weekday-0-long":{"_":"Sunday"},"weekday-1-long":{"_":"Monday"},"weekday-2-long":{"_":"Tuesday"},"weekday-3-long":{"_":"Wednesday"},"weekday-4-long":{"_":"Thursday"},"weekday-5-long":{"_":"Friday"},"weekday-6-long":{"_":"Saturday"},"weekday-0-short":{"_":"Sun"},"weekday-1-short":{"_":"Mon"},"weekday-2-short":{"_":"Tue"},"weekday-3-short":{"_":"Wed"},"weekday-4-short":{"_":"Thu"},"weekday-5-short":{"_":"Fri"},"weekday-6-short":{"_":"Sat"},"month-0-long":{"_":"January"},"month-1-long":{"_":"February"},"month-2-long":{"_":"March"},"month-3-long":{"_":"April"},"month-4-long":{"_":"May"},"month-5-long":{"_":"June"},"month-6-long":{"_":"July"},"month-7-long":{"_":"August"},"month-8-long":{"_":"September"},"month-9-long":{"_":"October"},"month-10-long":{"_":"November"},"month-11-long":{"_":"December"},"month-0-genitive":{"_":"January"},"month-1-genitive":{"_":"February"},"month-2-genitive":{"_":"March"},"month-3-genitive":{"_":"April"},"month-4-genitive":{"_":"May"},"month-5-genitive":{"_":"June"},"month-6-genitive":{"_":"July"},"month-7-genitive":{"_":"August"},"month-8-genitive":{"_":"September"},"month-9-genitive":{"_":"October"},"month-10-genitive":{"_":"November"},"month-11-genitive":{"_":"December"},"month-0-short":{"_":"Jan"},"month-1-short":{"_":"Feb"},"month-2-short":{"_":"Mar"},"month-3-short":{"_":"Apr"},"month-4-short":{"_":"May"},"month-5-short":{"_":"Jun"},"month-6-short":{"_":"Jul"},"month-7-short":{"_":"Aug"},"month-8-short":{"_":"Sep"},"month-9-short":{"_":"Oct"},"month-10-short":{"_":"Nov"},"month-11-short":{"_":"Dec"},"minutes-ago-long":{"_":"{[ plural(value) ]}","_[zero]":"just now","_[one]":"a minute ago","_[two]":"{{value}} minutes ago","_[few]":"{{value}} minutes ago","_[many]":"{{value}} minutes ago","_[other]":"{{value}} minutes ago"},"hours-ago-long":{"_":"{[ plural(value) ]}","_[zero]":"just now","_[one]":"an hour ago","_[two]":"{{value}} hours ago","_[few]":"{{value}} hours ago","_[many]":"{{value}} hours ago","_[other]":"{{value}} hours ago"},"days-ago-long":{"_":"{[ plural(value) ]}","_[zero]":"today","_[one]":"yesterday","_[two]":"{{value}} days ago","_[few]":"{{value}} days ago","_[many]":"{{value}} days ago","_[other]":"{{value}} days ago"},"weeks-ago-long":{"_":"{[ plural(value) ]}","_[zero]":"this week","_[one]":"last week","_[two]":"{{value}} weeks ago","_[few]":"{{value}} weeks ago","_[many]":"{{value}} weeks ago","_[other]":"{{value}} weeks ago"},"months-ago-long":{"_":"{[ plural(value) ]}","_[zero]":"this month","_[one]":"last month","_[two]":"{{value}} months ago","_[few]":"{{value}} months ago","_[many]":"{{value}} months ago","_[other]":"{{value}} months ago"},"years-ago-long":{"_":"{[ plural(value) ]}","_[zero]":"this year","_[one]":"last year","_[two]":"{{value}} years ago","_[few]":"{{value}} years ago","_[many]":"{{value}} years ago","_[other]":"{{value}} years ago"},"minutes-until-long":{"_":"{[ plural(value) ]}","_[zero]":"now","_[one]":"in a minute","_[two]":"in {{value}} minutes","_[few]":"in {{value}} minutes","_[many]":"in {{value}} minutes","_[other]":"in {{value}} minutes"},"hours-until-long":{"_":"{[ plural(value) ]}","_[zero]":"now","_[one]":"in an hour","_[two]":"in {{value}} hours","_[few]":"in {{value}} hours","_[many]":"in {{value}} hours","_[other]":"in {{value}} hours"},"days-until-long":{"_":"{[ plural(value) ]}","_[zero]":"today","_[one]":"tomorrow","_[two]":"in {{value}} days","_[few]":"in {{value}} days","_[many]":"in {{value}} days","_[other]":"in {{value}} days"},"weeks-until-long":{"_":"{[ plural(value) ]}","_[zero]":"this week","_[one]":"next week","_[two]":"in {{value}} weeks","_[few]":"in {{value}} weeks","_[many]":"in {{value}} weeks","_[other]":"in {{value}} weeks"},"months-until-long":{"_":"{[ plural(value) ]}","_[zero]":"this month","_[one]":"next month","_[two]":"in {{value}} months","_[few]":"in {{value}} months","_[many]":"in {{value}} months","_[other]":"in {{value}} months"},"years-until-long":{"_":"{[ plural(value) ]}","_[zero]":"this year","_[one]":"next year","_[two]":"in {{value}} years","_[few]":"in {{value}} years","_[many]":"in {{value}} years","_[other]":"in {{value}} years"},"minutes-ago-short":{"_":"{[ plural(value) ]}","_[zero]":"just now","_[other]":"{{value}}m ago"},"hours-ago-short":{"_":"{[ plural(value) ]}","_[zero]":"just now","_[other]":"{{value}}h ago"},"days-ago-short":{"_":"{[ plural(value) ]}","_[zero]":"today","_[other]":"{{value}}d ago"},"minutes-until-short":{"_":"{[ plural(value) ]}","_[zero]":"now","_[other]":"in {{value}}m"},"hours-until-short":{"_":"{[ plural(value) ]}","_[zero]":"now","_[other]":"in {{value}}h"},"days-until-short":{"_":"{[ plural(value) ]}","_[zero]":"today","_[other]":"in {{value}}d"},"incorrectDate":{"_":"(incorrect date)"},"dateTimeFormat_%c":{"_":"%a %b %e %Y %I:%M:%S %p"},"dateTimeFormat_%x":{"_":"%m/%d/%Y"},"dateTimeFormat_%X":{"_":"%I:%M:%S %p"},"shortTimeFormat":{"_":"%I:%M %p"},"shortDateTimeFormat":{"_":"%x %I:%M %p"},"weekStartsOnMonday":{"_":"0"}}