{"music":{"_":"موسيقى"},"mix":{"_":"خَلط"},"playlists":{"_":"قائمة التشغيل"},"artists":{"_":"المغنيون"},"albums":{"_":"الألبومات"},"songs":{"_":"Songs"},"more":{"_":"المزيد"},"songArtist":{"_":"المُغني"},"songAlbum":{"_":"الألبوم"},"unknownArtist":{"_":"فنان غير معروف"},"unknownAlbum":{"_":"ألبوم غير معروف"},"unknownTitle":{"_":"عنوان غير معروف"},"empty-title":{"_":"قم بإضافة موسيقى للبدء"},"empty-text":{"_":"تحميل الأغاني على بطاقة الذاكرة."},"nocard2-title":{"_":"No memory card found"},"nocard2-text":{"_":"Insert a memory card to listen to songs or select an alternate default media location in settings."},"pluggedin-title":{"_":"لا يمكن الإستماع إلى الموسيقى في حالة توصيل الجوّال بجهاز آخر"},"pluggedin-text":{"_":"إفصل الجوّال للإستماع إلى الموسيقى."},"upgrade-title":{"_":"Database Upgrade"},"upgrade-text":{"_":"Please wait while Music updates its database."},"search-music":{"placeholder":"Search Music","_":"بحث الموسيقى"},"search-cancel":{"_":"إلغاء"},"search-artists":{"_":"Artists"},"search-albums":{"_":"Albums"},"search-titles":{"_":"Tracks"},"search-close":{"_":"close"},"playlists-shuffle-all":{"_":"إخلط الكل"},"playlists-highest-rated":{"_":"الأكثر تقييما "},"playlists-recently-added":{"_":"المضافة مؤخراً"},"playlists-most-played":{"_":"الأكثر إستماعاً"},"playlists-least-played":{"_":"الأقل إستماعاً"},"picker-title":{"_":"Select a track"},"save":{"_":"Save"},"saved":{"_":"Saved {{title}} to Music"},"audioinvalid":{"_":"Audio cannot be played: format is unsupported or file is invalid."},"storage-setting-button":{"_":"Media storage settings"},"music-paused-notification":{"_":"Music paused during the call"},"nocard-title":{"_":"لم يتم العثور على بطاقة الذاكرة"},"nocard-text":{"_":"أدخل بطاقة الذاكرة للإستماع إلى الموسيقى."}}