{"music":{"_":"Music"},"mix":{"_":"Mix"},"playlists":{"_":"Playlist"},"artists":{"_":"Artists"},"albums":{"_":"Albums"},"songs":{"_":"Songs"},"more":{"_":"More"},"songArtist":{"_":"Song artist"},"songAlbum":{"_":"Song album"},"unknownArtist":{"_":"Unknown artist"},"unknownAlbum":{"_":"Unknown album"},"unknownTitle":{"_":"Unknown title"},"empty-title":{"_":"Add songs to get started"},"empty-text":{"_":"Load songs on to the memory card."},"nocard2-title":{"_":"No memory card found"},"nocard3-text":{"_":"Insert a memory card to listen to songs."},"pluggedin-title":{"_":"Music can not be used while phone is plugged in"},"pluggedin-text":{"_":"Unplug the phone to play music."},"upgrade-title":{"_":"Database Upgrade"},"upgrade-text":{"_":"Please wait while Music updates its database."},"search-music":{"placeholder":"Search Music"},"search-cancel":{"_":"Cancel"},"search-artists":{"_":"Artists"},"search-albums":{"_":"Albums"},"search-titles":{"_":"Tracks"},"search-close":{"_":"close"},"playlists-shuffle-all":{"_":"Shuffle all"},"playlists-highest-rated":{"_":"Highest rated"},"playlists-recently-added":{"_":"Recently added"},"playlists-most-played":{"_":"Most played"},"playlists-least-played":{"_":"Least played"},"picker-title":{"_":"Select a track"},"save":{"_":"Save"},"saved":{"_":"Saved {{title}} to Music"},"audioinvalid":{"_":"Audio cannot be played: format is unsupported or file is invalid."},"overlay-cancel-button":{"_":"Cancel"},"music-paused-notification":{"_":"Music paused during the call"}}