[{"$i":"nospace2","$v":"Ƞǿǿŧ ḗḗƞǿǿŭŭɠħ şƥȧȧƈḗḗ ǿǿƞ ḿḗḗḿǿǿřẏ ƈȧȧřḓ. Ŧřẏ ƒřḗḗḗḗīīƞɠ ŭŭƥ şƥȧȧƈḗḗ ƀẏ ḓḗḗŀḗḗŧīīƞɠ ḿḗḗḓīīȧȧ."},{"$i":"nospace2-title","$v":"Ƞǿǿŧ ḗḗƞǿǿŭŭɠħ şƥȧȧƈḗḗ ǿǿƞ ḿḗḗḿǿǿřẏ ƈȧȧřḓ"},{"$i":"nospace2-text","$v":"Ŧřẏ ƒřḗḗḗḗīīƞɠ ŭŭƥ şƥȧȧƈḗḗ ƀẏ ḓḗḗŀḗḗŧīīƞɠ ḿḗḗḓīīȧȧ."},{"$i":"error-saving","$v":"Ƥīīƈŧŭŭřḗḗ ƞǿǿŧ şȧȧṽḗḗḓ. Ȧȧƞ ḗḗřřǿǿř ƥřḗḗṽḗḗƞŧḗḗḓ Ƈȧȧḿḗḗřȧȧ ƒřǿǿḿ şȧȧṽīīƞɠ ŧħḗḗ ƥīīƈŧŭŭřḗḗ."},{"$i":"error-video-file-path","$v":"Ṽīīḓḗḗǿǿ ƞǿǿŧ řḗḗƈǿǿřḓḗḗḓ. Ḗḗřřǿǿř ƈřḗḗȧȧŧīīƞɠ ṽīīḓḗḗǿǿ ƒīīŀḗḗ ƥȧȧŧħ."},{"$i":"nocard2-title","$v":"Ƞǿǿ ḿḗḗḿǿǿřẏ ƈȧȧřḓ ƒǿǿŭŭƞḓ"},{"$i":"nocard3-text","$v":"Īīƞşḗḗřŧ ȧȧ ḿḗḗḿǿǿřẏ ƈȧȧřḓ ŧǿǿ ŧȧȧķḗḗ ƥīīƈŧŭŭřḗḗş."},{"$i":"pluggedin2-title","$v":"Ƈȧȧḿḗḗřȧȧ ƈȧȧƞ ƞǿǿŧ ƀḗḗ ŭŭşḗḗḓ ẇħīīŀḗḗ ƥħǿǿƞḗḗ īīş ƥŀŭŭɠɠḗḗḓ īīƞ"},{"$i":"pluggedin2-text","$v":"Ŭŭƞƥŀŭŭɠ ŧħḗḗ ƥħǿǿƞḗḗ ŧǿǿ ƈȧȧƥŧŭŭřḗḗ ƥħǿǿŧǿǿş ȧȧƞḓ ṽīīḓḗḗǿǿş"},{"$i":"storage-size-limit-reached","$v":"Ẏǿǿŭŭ ħȧȧṽḗḗ řŭŭƞ ǿǿŭŭŧ ǿǿƒ ḿḗḗḓīīȧȧ şŧǿǿřȧȧɠḗḗ şƥȧȧƈḗḗ."},{"$i":"activity-size-limit-reached","$v":"Ẏǿǿŭŭ ħȧȧṽḗḗ řḗḗȧȧƈħḗḗḓ ŧħḗḗ ḿȧȧẋīīḿŭŭḿ ƒīīŀḗḗ şīīẑḗḗ ƒǿǿř ŧħīīş ȧȧŧŧȧȧƈħḿḗḗƞŧ."},{"$i":"retake-button","$v":"Řḗḗŧȧȧķḗḗ"},{"$i":"select-button","$v":"Şḗḗŀḗḗƈŧ"},{"$i":"close-button","$v":"Ƈŀǿǿşḗḗ"},{"$i":"delete-photo?","$v":"Ḓḗḗŀḗḗŧḗḗ ƥħǿǿŧǿǿ?"},{"$i":"delete-video?","$v":"Ḓḗḗŀḗḗŧḗḗ ṽīīḓḗḗǿǿ?"},{"$i":"cancel","$v":"Ƈȧȧƞƈḗḗŀ"},{"$i":"delete","$v":"Ḓḗḗŀḗḗŧḗḗ"},{"$i":"mp","$v":"ḾƤ"},{"$i":"camera-resolution","$v":"Ƈȧȧḿḗḗřȧȧ Řḗḗşǿǿŀŭŭŧīīǿǿƞ"},{"$i":"camera-resolution-header","$v":[{"t":"idOrVar","v":"camera-resolution"}]},{"$i":"video-resolution","$v":"Ṽīīḓḗḗǿǿ Řḗḗşǿǿŀŭŭŧīīǿǿƞ"},{"$i":"video-resolution-header","$v":[{"t":"idOrVar","v":"video-resolution"}]},{"$i":"scene-mode","$v":"Şƈḗḗƞḗḗ Ḿǿǿḓḗḗ"},{"$i":"scene-mode-header","$v":[{"t":"idOrVar","v":"scene-mode"}]},{"$i":"self-timer","$v":"Şḗḗŀƒ-Ŧīīḿḗḗř"},{"$i":"self-timer-header","$v":[{"t":"idOrVar","v":"self-timer"}]},{"$i":"self-timer-off","$v":"Ǿǿƒƒ"},{"$i":"self-timer-2-seconds","$v":"2 şḗḗƈǿǿƞḓş"},{"$i":"self-timer-5-seconds","$v":"5 şḗḗƈǿǿƞḓş"},{"$i":"self-timer-10-seconds","$v":"10 şḗḗƈǿǿƞḓş"},{"$i":"battery-shutdown-title","$v":"Ŀǿǿẇ Ɓȧȧŧŧḗḗřẏ"},{"$i":"battery-shutdown-text","$v":"Ŧħḗḗ ƀȧȧŧŧḗḗřẏ īīş ŧǿǿǿǿ ŀǿǿẇ ŧǿǿ ŭŭşḗḗ ŧħḗḗ ƈȧȧḿḗḗřȧȧ."},{"$i":"battery-critical-text","$v":"Ƈřīīŧīīƈȧȧŀŀẏ ŀǿǿẇ ƀȧȧŧŧḗḗřẏ","ariaLabel":"Ƈřīīŧīīƈȧȧŀŀẏ ŀǿǿẇ ƀȧȧŧŧḗḗřẏ"},{"$i":"battery-verylow-text","$v":"10% ƀȧȧŧŧḗḗřẏ řḗḗḿȧȧīīƞīīƞɠ","ariaLabel":"10% ƀȧȧŧŧḗḗřẏ řḗḗḿȧȧīīƞīīƞɠ"},{"$i":"battery-low-text","$v":"15% ƀȧȧŧŧḗḗřẏ řḗḗḿȧȧīīƞīīƞɠ","ariaLabel":"15% ƀȧȧŧŧḗḗřẏ řḗḗḿȧȧīīƞīīƞɠ"},{"$i":"camera-unavailable-title","$v":"Ƈȧȧḿḗḗřȧȧ Ŭŭƞȧȧṽȧȧīīŀȧȧƀŀḗḗ"},{"$i":"camera-unavailable-text","$v":"Ŧħḗḗ ƈȧȧḿḗḗřȧȧ īīş īīƞ ŭŭşḗḗ ƀẏ ȧȧƞǿǿŧħḗḗř ȧȧƥƥ."},{"$i":"hdr","$v":"ĦḒŘ"},{"$i":"hdr-header","$v":[{"t":"idOrVar","v":"hdr"}]},{"$i":"hdr-on","$v":"Ǿǿƞ"},{"$i":"hdr-off","$v":"Ǿǿƒƒ"},{"$i":"hdr-deactivated","$v":"(ĦḒŘ ḓḗḗȧȧƈŧīīṽȧȧŧḗḗḓ)"},{"$i":"grid","$v":"Ɠřīīḓ Ŀīīƞḗḗş"},{"$i":"grid-header","$v":[{"t":"idOrVar","v":"grid"}]},{"$i":"grid-on","$v":"Ǿǿƞ"},{"$i":"grid-off","$v":"Ǿǿƒƒ"},{"$i":"flash","$v":"Ƒŀȧȧşħ"},{"$i":"flash-on","$v":"Ǿǿƞ"},{"$i":"flash-off","$v":"Ǿǿƒƒ"},{"$i":"flash-auto","$v":"Ȧȧŭŭŧǿǿ"},{"$i":"flash-deactivated","$v":"(Ƒŀȧȧşħ ḓḗḗȧȧƈŧīīṽȧȧŧḗḗḓ)"},{"$i":"Photo-Mode","$v":"Ƥħǿǿŧǿǿ Ḿǿǿḓḗḗ"},{"$i":"Video-Mode","$v":"Ṽīīḓḗḗǿǿ Ḿǿǿḓḗḗ"},{"$i":"options","$v":"Ǿǿƥŧīīǿǿƞş"},{"$i":"open-gallery","$v":"Ǿǿƥḗḗƞ Ɠȧȧŀŀḗḗřẏ"},{"$i":"preview","$v":"Ƥřḗḗṽīīḗḗẇ"},{"$i":"close-menu-button","ariaLabel":"Ƈŀǿǿşḗḗ ḿḗḗƞŭŭ"},{"$i":"back-button","ariaLabel":"Ɓȧȧƈķ"},{"$i":"setting-option","ariaLabel":{"$v":[{"t":"idOrVar","v":"value"}]}},{"$i":"setting-option-hdr","ariaLabel":{"$v":["ĦḒŘ ",{"t":"idOrVar","v":"value"}]}},{"$i":"setting-option-self-timer","ariaLabel":{"$v":["Şḗḗŀƒ-Ŧīīḿḗḗř ",{"t":"idOrVar","v":"value"}]}},{"$i":"setting-option-grid","ariaLabel":{"$v":["Ɠřīīḓ Ŀīīƞḗḗş ",{"t":"idOrVar","v":"value"}]}},{"$i":"setting-option-camera-resolution","ariaLabel":{"$v":["Ƥīīƈŧŭŭřḗḗ Řḗḗşǿǿŀŭŭŧīīǿǿƞ ",{"t":"idOrVar","v":"value"}]}},{"$i":"setting-option-video-resolution","ariaLabel":{"$v":["Ṽīīḓḗḗǿǿ Řḗḗşǿǿŀŭŭŧīīǿǿƞ ",{"t":"idOrVar","v":"value"}]}},{"$i":"flash-on-button","ariaLabel":"Ƒŀȧȧşħ Ǿǿƞ"},{"$i":"flash-off-button","ariaLabel":"Ƒŀȧȧşħ Ǿǿƒƒ"},{"$i":"flash-auto-button","ariaLabel":"Ƒŀȧȧşħ Ȧȧŭŭŧǿǿ"},{"$i":"toggle-camera-rear-button","ariaLabel":"Řḗḗȧȧř ƈȧȧḿḗḗřȧȧ"},{"$i":"toggle-camera-front-button","ariaLabel":"Ƒřǿǿƞŧ ƈȧȧḿḗḗřȧȧ"},{"$i":"menu-button","ariaLabel":"Ḿḗḗƞŭŭ"},{"$i":"preview-button","ariaLabel":"Ƥřḗḗṽīīḗḗẇ"},{"$i":"controls-button-close","ariaLabel":"Ƈŀǿǿşḗḗ"},{"$i":"share-button","ariaLabel":"Şħȧȧřḗḗ"},{"$i":"more-button","ariaLabel":"Ḿǿǿřḗḗ"},{"$i":"media-frame","ariaLabel":{"$v":["Ƒřȧȧḿḗḗ ",{"t":"idOrVar","v":"current"}," ǿǿƒ ",{"t":"idOrVar","v":"total"}]},"ariaMozHint":"Şẇīīƥḗḗ ŀḗḗƒŧ ẇīīŧħ 2 ƒīīƞɠḗḗřş ŧǿǿ ĵŭŭḿƥ ŧǿǿ ƞḗḗẋŧ, ǿǿř şẇīīƥḗḗ řīīɠħŧ ŧǿǿ ĵŭŭḿƥ ŧǿǿ ƥřḗḗṽīīǿǿŭŭş"},{"$i":"capture-button","ariaLabel":"Ƈȧȧƥŧŭŭřḗḗ"},{"$i":"stop-capture-button","ariaLabel":"Şŧǿǿƥ ƈȧȧƥŧŭŭřḗḗ"},{"$i":"picture-mode-button","ariaLabel":"Şḗḗŧ Ṽīīḓḗḗǿǿ Ḿǿǿḓḗḗ"},{"$i":"video-mode-button","ariaLabel":"Şḗḗŧ Ƥħǿǿŧǿǿ Ḿǿǿḓḗḗ"},{"$i":"self-timer-indicator","ariaLabel":"Şḗḗŀƒ-Ŧīīḿḗḗř ḗḗƞȧȧƀŀḗḗḓ"},{"$i":"hdr-indicator","ariaLabel":"ĦḒŘ ḗḗƞȧȧƀŀḗḗḓ"},{"$i":"location-indicator","ariaLabel":"Ɠḗḗǿǿŀǿǿƈȧȧŧīīǿǿƞ ḗḗƞȧȧƀŀḗḗḓ"},{"$i":"battery-low-indicator","ariaLabel":"15% ƀȧȧŧŧḗḗřẏ řḗḗḿȧȧīīƞīīƞɠ"},{"$i":"battery-verylow-indicator","ariaLabel":"10% ƀȧȧŧŧḗḗřẏ řḗḗḿȧȧīīƞīīƞɠ"},{"$i":"battery-critical-indicator","ariaLabel":"Ƈřīīŧīīƈȧȧŀŀẏ ŀǿǿẇ ƀȧȧŧŧḗḗřẏ"},{"$i":"weekday-0-long","$v":"Şŭŭƞḓȧȧẏ"},{"$i":"weekday-1-long","$v":"Ḿǿǿƞḓȧȧẏ"},{"$i":"weekday-2-long","$v":"Ŧŭŭḗḗşḓȧȧẏ"},{"$i":"weekday-3-long","$v":"Ẇḗḗḓƞḗḗşḓȧȧẏ"},{"$i":"weekday-4-long","$v":"Ŧħŭŭřşḓȧȧẏ"},{"$i":"weekday-5-long","$v":"Ƒřīīḓȧȧẏ"},{"$i":"weekday-6-long","$v":"Şȧȧŧŭŭřḓȧȧẏ"},{"$i":"weekday-0-short","$v":"Şŭŭƞ"},{"$i":"weekday-1-short","$v":"Ḿǿǿƞ"},{"$i":"weekday-2-short","$v":"Ŧŭŭḗḗ"},{"$i":"weekday-3-short","$v":"Ẇḗḗḓ"},{"$i":"weekday-4-short","$v":"Ŧħŭŭ"},{"$i":"weekday-5-short","$v":"Ƒřīī"},{"$i":"weekday-6-short","$v":"Şȧȧŧ"},{"$i":"month-0-long","$v":"Ĵȧȧƞŭŭȧȧřẏ"},{"$i":"month-1-long","$v":"Ƒḗḗƀřŭŭȧȧřẏ"},{"$i":"month-2-long","$v":"Ḿȧȧřƈħ"},{"$i":"month-3-long","$v":"Ȧȧƥřīīŀ"},{"$i":"month-4-long","$v":"Ḿȧȧẏ"},{"$i":"month-5-long","$v":"Ĵŭŭƞḗḗ"},{"$i":"month-6-long","$v":"Ĵŭŭŀẏ"},{"$i":"month-7-long","$v":"Ȧȧŭŭɠŭŭşŧ"},{"$i":"month-8-long","$v":"Şḗḗƥŧḗḗḿƀḗḗř"},{"$i":"month-9-long","$v":"Ǿǿƈŧǿǿƀḗḗř"},{"$i":"month-10-long","$v":"Ƞǿǿṽḗḗḿƀḗḗř"},{"$i":"month-11-long","$v":"Ḓḗḗƈḗḗḿƀḗḗř"},{"$i":"month-0-genitive","$v":"Ĵȧȧƞŭŭȧȧřẏ"},{"$i":"month-1-genitive","$v":"Ƒḗḗƀřŭŭȧȧřẏ"},{"$i":"month-2-genitive","$v":"Ḿȧȧřƈħ"},{"$i":"month-3-genitive","$v":"Ȧȧƥřīīŀ"},{"$i":"month-4-genitive","$v":"Ḿȧȧẏ"},{"$i":"month-5-genitive","$v":"Ĵŭŭƞḗḗ"},{"$i":"month-6-genitive","$v":"Ĵŭŭŀẏ"},{"$i":"month-7-genitive","$v":"Ȧȧŭŭɠŭŭşŧ"},{"$i":"month-8-genitive","$v":"Şḗḗƥŧḗḗḿƀḗḗř"},{"$i":"month-9-genitive","$v":"Ǿǿƈŧǿǿƀḗḗř"},{"$i":"month-10-genitive","$v":"Ƞǿǿṽḗḗḿƀḗḗř"},{"$i":"month-11-genitive","$v":"Ḓḗḗƈḗḗḿƀḗḗř"},{"$i":"month-0-short","$v":"Ĵȧȧƞ"},{"$i":"month-1-short","$v":"Ƒḗḗƀ"},{"$i":"month-2-short","$v":"Ḿȧȧř"},{"$i":"month-3-short","$v":"Ȧȧƥř"},{"$i":"month-4-short","$v":"Ḿȧȧẏ"},{"$i":"month-5-short","$v":"Ĵŭŭƞ"},{"$i":"month-6-short","$v":"Ĵŭŭŀ"},{"$i":"month-7-short","$v":"Ȧȧŭŭɠ"},{"$i":"month-8-short","$v":"Şḗḗƥ"},{"$i":"month-9-short","$v":"Ǿǿƈŧ"},{"$i":"month-10-short","$v":"Ƞǿǿṽ"},{"$i":"month-11-short","$v":"Ḓḗḗƈ"},{"$i":"minutes-ago-long","$v":{"zero":"ĵŭŭşŧ ƞǿǿẇ","one":"ȧȧ ḿīīƞŭŭŧḗḗ ȧȧɠǿǿ","two":[{"t":"idOrVar","v":"value"}," ḿīīƞŭŭŧḗḗş ȧȧɠǿǿ"],"few":[{"t":"idOrVar","v":"value"}," ḿīīƞŭŭŧḗḗş ȧȧɠǿǿ"],"many":[{"t":"idOrVar","v":"value"}," ḿīīƞŭŭŧḗḗş ȧȧɠǿǿ"],"other":[{"t":"idOrVar","v":"value"}," ḿīīƞŭŭŧḗḗş ȧȧɠǿǿ"]},"$x":[{"t":"idOrVar","v":"plural"},"value"]},{"$i":"hours-ago-long","$v":{"zero":"ĵŭŭşŧ ƞǿǿẇ","one":"ȧȧƞ ħǿǿŭŭř ȧȧɠǿǿ","two":[{"t":"idOrVar","v":"value"}," ħǿǿŭŭřş ȧȧɠǿǿ"],"few":[{"t":"idOrVar","v":"value"}," ħǿǿŭŭřş ȧȧɠǿǿ"],"many":[{"t":"idOrVar","v":"value"}," ħǿǿŭŭřş ȧȧɠǿǿ"],"other":[{"t":"idOrVar","v":"value"}," ħǿǿŭŭřş ȧȧɠǿǿ"]},"$x":[{"t":"idOrVar","v":"plural"},"value"]},{"$i":"days-ago-long","$v":{"zero":"ŧǿǿḓȧȧẏ","one":"ẏḗḗşŧḗḗřḓȧȧẏ","two":[{"t":"idOrVar","v":"value"}," ḓȧȧẏş ȧȧɠǿǿ"],"few":[{"t":"idOrVar","v":"value"}," ḓȧȧẏş ȧȧɠǿǿ"],"many":[{"t":"idOrVar","v":"value"}," ḓȧȧẏş ȧȧɠǿǿ"],"other":[{"t":"idOrVar","v":"value"}," ḓȧȧẏş ȧȧɠǿǿ"]},"$x":[{"t":"idOrVar","v":"plural"},"value"]},{"$i":"weeks-ago-long","$v":{"zero":"ŧħīīş ẇḗḗḗḗķ","one":"ŀȧȧşŧ ẇḗḗḗḗķ","two":[{"t":"idOrVar","v":"value"}," ẇḗḗḗḗķş ȧȧɠǿǿ"],"few":[{"t":"idOrVar","v":"value"}," ẇḗḗḗḗķş ȧȧɠǿǿ"],"many":[{"t":"idOrVar","v":"value"}," ẇḗḗḗḗķş ȧȧɠǿǿ"],"other":[{"t":"idOrVar","v":"value"}," ẇḗḗḗḗķş ȧȧɠǿǿ"]},"$x":[{"t":"idOrVar","v":"plural"},"value"]},{"$i":"months-ago-long","$v":{"zero":"ŧħīīş ḿǿǿƞŧħ","one":"ŀȧȧşŧ ḿǿǿƞŧħ","two":[{"t":"idOrVar","v":"value"}," ḿǿǿƞŧħş ȧȧɠǿǿ"],"few":[{"t":"idOrVar","v":"value"}," ḿǿǿƞŧħş ȧȧɠǿǿ"],"many":[{"t":"idOrVar","v":"value"}," ḿǿǿƞŧħş ȧȧɠǿǿ"],"other":[{"t":"idOrVar","v":"value"}," ḿǿǿƞŧħş ȧȧɠǿǿ"]},"$x":[{"t":"idOrVar","v":"plural"},"value"]},{"$i":"years-ago-long","$v":{"zero":"ŧħīīş ẏḗḗȧȧř","one":"ŀȧȧşŧ ẏḗḗȧȧř","two":[{"t":"idOrVar","v":"value"}," ẏḗḗȧȧřş ȧȧɠǿǿ"],"few":[{"t":"idOrVar","v":"value"}," ẏḗḗȧȧřş ȧȧɠǿǿ"],"many":[{"t":"idOrVar","v":"value"}," ẏḗḗȧȧřş ȧȧɠǿǿ"],"other":[{"t":"idOrVar","v":"value"}," ẏḗḗȧȧřş ȧȧɠǿǿ"]},"$x":[{"t":"idOrVar","v":"plural"},"value"]},{"$i":"minutes-until-long","$v":{"zero":"ƞǿǿẇ","one":"īīƞ ȧȧ ḿīīƞŭŭŧḗḗ","two":["īīƞ ",{"t":"idOrVar","v":"value"}," ḿīīƞŭŭŧḗḗş"],"few":["īīƞ ",{"t":"idOrVar","v":"value"}," ḿīīƞŭŭŧḗḗş"],"many":["īīƞ ",{"t":"idOrVar","v":"value"}," ḿīīƞŭŭŧḗḗş"],"other":["īīƞ ",{"t":"idOrVar","v":"value"}," ḿīīƞŭŭŧḗḗş"]},"$x":[{"t":"idOrVar","v":"plural"},"value"]},{"$i":"hours-until-long","$v":{"zero":"ƞǿǿẇ","one":"īīƞ ȧȧƞ ħǿǿŭŭř","two":["īīƞ ",{"t":"idOrVar","v":"value"}," ħǿǿŭŭřş"],"few":["īīƞ ",{"t":"idOrVar","v":"value"}," ħǿǿŭŭřş"],"many":["īīƞ ",{"t":"idOrVar","v":"value"}," ħǿǿŭŭřş"],"other":["īīƞ ",{"t":"idOrVar","v":"value"}," ħǿǿŭŭřş"]},"$x":[{"t":"idOrVar","v":"plural"},"value"]},{"$i":"days-until-long","$v":{"zero":"ŧǿǿḓȧȧẏ","one":"ŧǿǿḿǿǿřřǿǿẇ","two":["īīƞ ",{"t":"idOrVar","v":"value"}," ḓȧȧẏş"],"few":["īīƞ ",{"t":"idOrVar","v":"value"}," ḓȧȧẏş"],"many":["īīƞ ",{"t":"idOrVar","v":"value"}," ḓȧȧẏş"],"other":["īīƞ ",{"t":"idOrVar","v":"value"}," ḓȧȧẏş"]},"$x":[{"t":"idOrVar","v":"plural"},"value"]},{"$i":"weeks-until-long","$v":{"zero":"ŧħīīş ẇḗḗḗḗķ","one":"ƞḗḗẋŧ ẇḗḗḗḗķ","two":["īīƞ ",{"t":"idOrVar","v":"value"}," ẇḗḗḗḗķş"],"few":["īīƞ ",{"t":"idOrVar","v":"value"}," ẇḗḗḗḗķş"],"many":["īīƞ ",{"t":"idOrVar","v":"value"}," ẇḗḗḗḗķş"],"other":["īīƞ ",{"t":"idOrVar","v":"value"}," ẇḗḗḗḗķş"]},"$x":[{"t":"idOrVar","v":"plural"},"value"]},{"$i":"months-until-long","$v":{"zero":"ŧħīīş ḿǿǿƞŧħ","one":"ƞḗḗẋŧ ḿǿǿƞŧħ","two":["īīƞ ",{"t":"idOrVar","v":"value"}," ḿǿǿƞŧħş"],"few":["īīƞ ",{"t":"idOrVar","v":"value"}," ḿǿǿƞŧħş"],"many":["īīƞ ",{"t":"idOrVar","v":"value"}," ḿǿǿƞŧħş"],"other":["īīƞ ",{"t":"idOrVar","v":"value"}," ḿǿǿƞŧħş"]},"$x":[{"t":"idOrVar","v":"plural"},"value"]},{"$i":"years-until-long","$v":{"zero":"ŧħīīş ẏḗḗȧȧř","one":"ƞḗḗẋŧ ẏḗḗȧȧř","two":["īīƞ ",{"t":"idOrVar","v":"value"}," ẏḗḗȧȧřş"],"few":["īīƞ ",{"t":"idOrVar","v":"value"}," ẏḗḗȧȧřş"],"many":["īīƞ ",{"t":"idOrVar","v":"value"}," ẏḗḗȧȧřş"],"other":["īīƞ ",{"t":"idOrVar","v":"value"}," ẏḗḗȧȧřş"]},"$x":[{"t":"idOrVar","v":"plural"},"value"]},{"$i":"minutes-ago-short","$v":{"zero":"ĵŭŭşŧ ƞǿǿẇ","other":[{"t":"idOrVar","v":"value"},"ḿ ȧȧɠǿǿ"]},"$x":[{"t":"idOrVar","v":"plural"},"value"]},{"$i":"hours-ago-short","$v":{"zero":"ĵŭŭşŧ ƞǿǿẇ","other":[{"t":"idOrVar","v":"value"},"ħ ȧȧɠǿǿ"]},"$x":[{"t":"idOrVar","v":"plural"},"value"]},{"$i":"days-ago-short","$v":{"zero":"ŧǿǿḓȧȧẏ","other":[{"t":"idOrVar","v":"value"},"ḓ ȧȧɠǿǿ"]},"$x":[{"t":"idOrVar","v":"plural"},"value"]},{"$i":"minutes-until-short","$v":{"zero":"ƞǿǿẇ","other":["īīƞ ",{"t":"idOrVar","v":"value"},"ḿ"]},"$x":[{"t":"idOrVar","v":"plural"},"value"]},{"$i":"hours-until-short","$v":{"zero":"ƞǿǿẇ","other":["īīƞ ",{"t":"idOrVar","v":"value"},"ħ"]},"$x":[{"t":"idOrVar","v":"plural"},"value"]},{"$i":"days-until-short","$v":{"zero":"ŧǿǿḓȧȧẏ","other":["īīƞ ",{"t":"idOrVar","v":"value"},"ḓ"]},"$x":[{"t":"idOrVar","v":"plural"},"value"]},{"$i":"incorrectDate","$v":"(īīƞƈǿǿřřḗḗƈŧ ḓȧȧŧḗḗ)"},{"$i":"dateTimeFormat_%c","$v":"%a %b %e %Y %I:%M:%S %p"},{"$i":"dateTimeFormat_%x","$v":"%m/%d/%Y"},{"$i":"dateTimeFormat_%X","$v":"%I:%M:%S %p"},{"$i":"shortTimeFormat","$v":"%I:%M %p"},{"$i":"shortTimeFormat12","$v":"%I:%M %p"},{"$i":"shortTimeFormat24","$v":"%H:%M"},{"$i":"shortDateTimeFormat","$v":"%x %I:%M %p"},{"$i":"weekStartsOnMonday","$v":"0"},{"$i":"firstDayOfTheWeek","$v":"0"},{"$i":"timePickerOrder","$v":"ĦḾƥ"},{"$i":"datePickerOrder","$v":"ḾḒẎ"},{"$i":"hourMinutesSeparator","$v":":"},{"$i":"listSeparator_middle","$v":", "},{"$i":"time_am","$v":"ȦȧḾ"},{"$i":"time_pm","$v":"ƤḾ"},{"$i":"durationPattern","$v":"ħħ:ḿḿ:şş.ŞŞ"},{"$i":"imageDescription","ariaLabel":{"$v":[{"t":"idOrVar","v":"orientation"}," īīḿȧȧɠḗḗ, ",{"t":"idOrVar","v":"timestamp"}]}},{"$i":"imageDescriptionNoTimestamp","ariaLabel":{"$v":[{"t":"idOrVar","v":"orientation"}," īīḿȧȧɠḗḗ"]}},{"$i":"videoDescription","ariaLabel":{"$v":[{"t":"idOrVar","v":"orientation"}," ṽīīḓḗḗǿǿ, ",{"t":"idOrVar","v":"timestamp"}]}},{"$i":"videoDescriptionNoTimestamp","ariaLabel":{"$v":[{"t":"idOrVar","v":"orientation"}," ṽīīḓḗḗǿǿ"]}},{"$i":"orientationPortrait","$v":"ƥǿǿřŧřȧȧīīŧ"},{"$i":"orientationLandscape","$v":"ŀȧȧƞḓşƈȧȧƥḗḗ"},{"$i":"playbackPlay","ariaLabel":"Ƥŀȧȧẏ"},{"$i":"playbackPause","ariaLabel":"Ƥȧȧŭŭşḗḗ"},{"$i":"playbackNext","ariaLabel":"Ƞḗḗẋŧ"},{"$i":"playbackPrevious","ariaLabel":"Ƥřḗḗṽīīǿǿŭŭş"},{"$i":"playbackFullscreen","ariaLabel":"Ƒŭŭŀŀşƈřḗḗḗḗƞ"},{"$i":"playbackSeekBar","ariaLabel":{"$v":["Şḗḗḗḗķ ƀȧȧř, ḓŭŭřȧȧŧīīǿǿƞ ",{"t":"idOrVar","v":"duration"}]}}]