{
"marketplace-tv-front-end/index.html": { "lastModified": "Wed, 09 Dec 2015 20:14:58 GMT", "lastFetched": "Wed, 09 Dec 2015 20:18:29 GMT"},
"marketplace-tv-front-end/offline.html": { "lastModified": "Wed, 09 Dec 2015 20:14:58 GMT", "lastFetched": "Wed, 09 Dec 2015 20:18:29 GMT"},
"*": { "lastModified": "Wed, 09 Dec 2015 20:14:58 GMT", "lastFetched": "Wed, 09 Dec 2015 20:18:29 GMT"},
"stage/cache/manifest.appcache": { "lastModified": "Wed, 09 Dec 2015 20:14:58 GMT", "lastFetched": "Wed, 09 Dec 2015 20:18:29 GMT"}
}
