{"setup-app-name-header":"‮Wɐıʅ‬","setup-empty-account-prompt":"‮ʎon‬ ‮ɐɹǝ‬ ‮uoʇ‬ ‮sǝʇ‬ ‮nd‬ ‮ʇo‬ ‮sǝup‬ ‮oɹ‬ ‮ɹǝɔǝıʌǝ‬ ‮ǝɯɐıʅ‬. ‮Ｍonʅp‬ ‮ʎon‬ ‮ʅıʞǝ‬ ‮ʇo‬ ‮po‬ ‮ʇɥɐʇ‬ ‮uoʍ‬?","setup-pick-service":"‮⊥o‬ ‮sǝup‬ ‮ɐup‬ ‮ɹǝɔǝıʌǝ‬ ‮ǝɯɐıʅ‬, ‮ʎon‬ ‮ʍıʅʅ‬ ‮uǝǝp‬ ‮ʇo‬ ‮sǝʇ‬ ‮nd‬ ‮ɐu‬ ‮ɐɔɔonuʇ‬.","setup-account-header3":"‮Nǝʍ‬ ‮∀ɔɔonuʇ‬","setup-info-name":{"placeholder":"‮ʎonɹ‬ ‮uɐɯǝ‬"},"setup-info-email":{"placeholder":"‮soɯǝouǝ‬@‮ǝxɐɯdʅǝ‬.‮ɔoɯ‬"},"setup-info-password":{"placeholder":"‮Ԁɐssʍoɹp‬"},"setup-info-next":"‮Nǝxʇ‬","setup-progress-wait-msg":"‮Sǝʇʇıuƃ‬ ‮nd‬ ‮ɐɔɔonuʇ‬","setup-completed-header":"‮Wɐıʅ‬ ‮ɐɔɔonuʇ‬ ‮sǝʇnd‬","setup-completed-label":"‮∀ʅʅ‬ ‮pouǝ‬!","setup-add-another-account":"‮∀pp‬ ‮ɐuoʇɥǝɹ‬ ‮ɐɔɔonuʇ‬","setup-show-mail":"‮Ↄouʇıunǝ‬ ‮ʇo‬ ‮Wɐıʅ‬","setup-error-offline":"‮⊥ɥıs‬ ‮pǝʌıɔǝ‬ ‮ıs‬ ‮ɔnɹɹǝuʇʅʎ‬ ‮oɟɟʅıuǝ‬. ‮Ↄouuǝɔʇ‬ ‮ʇo‬ ‮ɐ‬ ‮uǝʇʍoɹʞ‬ ‮ɐup‬ ‮ʇɹʎ‬ ‮ɐƃɐıu‬.","setup-error-bad-user-or-pass2":"‮Iuʌɐʅıp‬ ‮nsǝɹuɐɯǝ‬ ‮oɹ‬ ‮dɐssʍoɹp‬. ‮Ↄɥǝɔʞ‬ ‮ɟoɹ‬ ‮ʇʎdos‬.","setup-error-bad-address":"‮Iuʌɐʅıp‬ ‮ǝ‬-‮ɯɐıʅ‬ ‮ɐppɹǝss‬. ‮Ↄɥǝɔʞ‬ ‮ɟoɹ‬ ‮ʇʎdos‬.","setup-error-not-authorized":"‮⊥ɥǝ‬ ‮sǝɹʌǝɹ‬ ‮sɐıp‬ ‮ʎon‬’‮ɹǝ‬ ‮uoʇ‬ ‮ɐnʇɥoɹızǝp‬ ‮ʇo‬ ‮ɔɹǝɐʇǝ‬ ‮ɐu‬ ‮ɐɔɔonuʇ‬","setup-error-pop-server-not-great":"‮Sǝɹʌǝɹ‬ ‮nusnddoɹʇǝp‬. ‮⊥ɥǝ‬ ‮ԀOԀ‬3 ‮sǝɹʌǝɹ‬ ‮poǝs‬ ‮uoʇ‬ ‮ıɯdʅǝɯǝuʇ‬ ‮ɹǝbnıɹǝp‬ ‮ɟǝɐʇnɹǝs‬.","setup-error-unknown2":"‮∀u‬ ‮nuʞuoʍu‬ ‮ǝɹɹoɹ‬ ‮oɔɔnɹɹǝp‬. ‮Ↄɥǝɔʞ‬ ‮ʎonɹ‬ ‮uǝʇʍoɹʞ‬ ‮ɔouuǝɔʇıou‬ ‮oɹ‬ ‮ʇɹʎ‬ ‮ʇɥǝ‬ ‮ɯɐunɐʅ‬ ‮ɔouɟıƃnɹɐʇıou‬ ‮odʇıou‬.","setup-error-needs-app-pass":"‮ʎon‬ ‮ɯnsʇ‬ ‮nsǝ‬ ‮ɐu‬ ‮ɐddʅıɔɐʇıou‬ ‮sdǝɔıɟıɔ‬ ‮dɐssʍoɹp‬ ‮ɟoɹ‬ ‮ʇʍo‬-‮ɟɐɔʇoɹ‬ ‮פɯɐıʅ‬ ‮ɐɔɔonuʇs‬","setup-error-imap-disabled":"‮ʎon‬ ‮ɯnsʇ‬ ‮ǝuɐqʅǝ‬ ‮IW∀Ԁ‬ ‮ɟoɹ‬ ‮ʎonɹ‬ ‮פɯɐıʅ‬ ‮ɐɔɔonuʇ‬","setup-error-pop3-disabled":"‮ʎon‬ ‮ɯnsʇ‬ ‮ǝuɐqʅǝ‬ ‮ԀOԀ‬3 ‮ɟoɹ‬ ‮ʎonɹ‬ ‮פɯɐıʅ‬ ‮ɐɔɔonuʇ‬","setup-error-bad-security":"‮∩uɐqʅǝ‬ ‮ʇo‬ ‮ǝsʇɐqʅısɥ‬ ‮ɐ‬ ‮sǝɔnɹǝ‬ ‮ɔouuǝɔʇıou‬ ‮ʍıʇɥ‬ \"{{server}}\". ‮⊥ɥǝɹǝ‬ ‮ɯɐʎ‬ ‮qǝ‬ ‮ɐ‬ ‮dɹoqʅǝɯ‬ ‮ʍıʇɥ‬ ‮ʎonɹ‬ ‮uǝʇʍoɹʞ‬ ‮oɹ‬ ‮ʇɥǝ‬ ‮sǝɹʌǝɹ‬.","setup-error-unresponsive-server":"‮∩uɐqʅǝ‬ ‮ʇo‬ ‮ǝsʇɐqʅısɥ‬ ‮ɐ‬ ‮ɔouuǝɔʇıou‬ ‮ʍıʇɥ‬ \"{{server}}\". ‮⊥ɥǝɹǝ‬ ‮ɯɐʎ‬ ‮qǝ‬ ‮ɐ‬ ‮dɹoqʅǝɯ‬ ‮ʍıʇɥ‬ ‮ʇɥǝ‬ ‮uǝʇʍoɹʞ‬.","setup-error-server-problem":"‮⊥ɥǝɹǝ‬ ‮ıs‬ ‮ɐ‬ ‮dɹoqʅǝɯ‬ ‮ʍıʇɥ‬ ‮ʇɥǝ‬ ‮sǝɹʌǝɹ‬ \"{{server}}\". ‮⊥ɹʎ‬ ‮ɐƃɐıu‬ ‮ʅɐʇǝɹ‬.","setup-error-no-config-info":"‮∩uɐqʅǝ‬ ‮ʇo‬ ‮ɐnʇoɯɐʇıɔɐʅʅʎ‬ ‮ɔouɟıƃnɹǝ‬ ‮ʎonɹ‬ ‮ɐɔɔonuʇ‬. ‮Ↄoɹɹǝɔʇ‬ ‮ʎonɹ‬ ‮ǝ‬-‮ɯɐıʅ‬ ‮ɐppɹǝss‬ ‮oɹ‬ ‮ʇɹʎ‬ ‮ʇɥǝ‬ ‮ɯɐunɐʅ‬ ‮ɔouɟıƃnɹɐʇıou‬ ‮odʇıou‬.","setup-error-server-maintenance":"‮⊥ɥǝ‬ ‮sǝɹʌǝɹ‬ \"{{server}}\" ‮ıs‬ ‮oɟɟʅıuǝ‬ ‮ɟoɹ‬ ‮ɯɐıuʇǝuɐuɔǝ‬. ‮⊥ɹʎ‬ ‮ɐƃɐıu‬ ‮ʅɐʇǝɹ‬.","setup-error-account-already-exists":"‮⊥ɥıs‬ ‮ɐɔɔonuʇ‬ ‮ıs‬ ‮ɐʅɹǝɐpʎ‬ ‮ɔouɟıƃnɹǝp‬.","setup-manual-config2":"‮Wɐunɐʅ‬ ‮sǝʇnd‬","setup-manual-config-header":"‮Wɐunɐʅ‬ ‮Sǝʇnd‬","setup-manual-account-type":"‮∀ɔɔonuʇ‬ ‮ʇʎdǝ‬","setup-manual-imap-header":"‮IW∀Ԁ‬ ‮sǝʇʇıuƃs‬","setup-manual-pop3-header":"‮ԀOԀ‬3 ‮sǝʇʇıuƃs‬","setup-manual-smtp-header":"‮SW⊥Ԁ‬ ‮sǝʇʇıuƃs‬","setup-manual-activesync-header":"‮∀ɔʇıʌǝSʎuɔ‬ ‮sǝʇʇıuƃs‬","setup-manual-next":"‮Nǝxʇ‬","setup-manual-socket":"‮Soɔʞǝʇ‬ ‮⊥ʎdǝ‬","setup-manual-socket-ssl":"‮SS˥‬","setup-manual-socket-starttls":"‮S⊥∀ᴚ⊥⊥˥S‬","setup-manual-hostname":{"placeholder":"‮Hosʇuɐɯǝ‬"},"setup-manual-port":{"placeholder":"‮Ԁoɹʇ‬ ‮Nnɯqǝɹ‬"},"setup-manual-username":{"placeholder":"‮∩sǝɹuɐɯǝ‬"},"setup-manual-activesync-username":{"placeholder":"‮poɯɐıu‬\\‮∩sǝɹuɐɯǝ‬"},"setup-bad-password-header":"‮Ԑɐp‬ ‮dɐssʍoɹp‬!","setup-bad-password":"‮Ｍǝ‬ ‮ɔonʅp‬ ‮uoʇ‬ ‮sıƃu‬ ‮ıu‬ ‮ʇo‬ ‮ʇɥǝ‬ ‮sǝɹʌǝɹ‬. ‮Wɐʎqǝ‬ ‮ʎonɹ‬ ‮dɐssʍoɹp‬ ‮ıs‬ ‮ʍɹouƃ‬?","setup-new-password":{"placeholder":"‮Nǝʍ‬ ‮dɐssʍoɹp‬"},"setup-fix-password":"‮ᴚǝʇɹʎ‬ ‮ʍıʇɥ‬ ‮uǝʍ‬ ‮dɐssʍoɹp‬","setup-gmail-twofactor-header":"‮⊥ʍo‬-‮ɟɐɔʇoɹ‬ ‮Ǝuɐqʅǝp‬","setup-gmail-twofactor-message":"‮ʎon‬ ‮uǝǝp‬ ‮ʇo‬ ‮ǝuʇǝɹ‬ ‮ɐu‬ ‮ɐddʅıɔɐʇıou‬-‮sdǝɔıɟıɔ‬ ‮dɐssʍoɹp‬ ‮qǝʅoʍ‬.","setup-gmail-twofactor-fix":"‮∩sǝ‬ ‮ɐddʅıɔɐʇıou‬ ‮dɐssʍoɹp‬","setup-gmail-imap-header":"‮IW∀Ԁ‬ ‮pısɐqʅǝp‬","setup-gmail-imap-message":"‮ʎon‬ ‮ɯnsʇ‬ ‮ǝuɐqʅǝ‬ ‮IW∀Ԁ‬ ‮ou‬ ‮ʎonɹ‬ ‮פɯɐıʅ‬ ‮ɐɔɔonuʇ‬","setup-gmail-imap-retry":"‮ᴚǝʇɹʎ‬","setup-gmail-pop3-header":"‮ԀOԀ‬3 ‮pısɐqʅǝp‬","setup-gmail-pop3-message":"‮ʎon‬ ‮ɯnsʇ‬ ‮ǝuɐqʅǝ‬ ‮ԀOԀ‬3 ‮ou‬ ‮ʎonɹ‬ ‮פɯɐıʅ‬ ‮ɐɔɔonuʇ‬","setup-gmail-pop3-retry":"‮ᴚǝʇɹʎ‬","settings-main-header":"‮Wɐıʅ‬ ‮Sǝʇʇıuƃs‬","settings-sub-header-account":"‮∀ɔɔonuʇ‬","settings-account-name":"‮ʎonɹ‬ ‮uɐɯǝ‬","settings-account-display-notifications":"‮pısdʅɐʎ‬ ‮uoʇıɟıɔɐʇıous‬ ‮ɟoɹ‬ ‮uǝʍ‬ ‮ɯǝssɐƃǝs‬","settings-account-play-sound-onsend":"‮Ԁʅɐʎ‬ ‮sonup‬ ‮ɐɟʇǝɹ‬ ‮ɯǝssɐƃǝ‬ ‮ıs‬ ‮sǝuʇ‬","settings-sub-header-data":"‮pɐʇɐ‬","settings-account-check-mail":"‮Ↄɥǝɔʞ‬ ‮ɟoɹ‬ ‮uǝʍ‬ ‮ɯǝssɐƃǝs‬","settings-sub-header-server":"‮Sǝɹʌǝɹ‬ ‮sǝʇʇıuƃs‬","settings-account-userpass":"‮∩sǝɹuɐɯǝ‬ ‮ɐup‬ ‮dɐssʍoɹp‬","settings-done":"‮pouǝ‬","settings-account-section":"‮∀ɔɔonuʇs‬","settings-account-add":"‮∀pp‬ ‮∀ɔɔonuʇ‬","settings-account-delete":"‮pǝʅǝʇǝ‬ ‮ɐɔɔonuʇ‬","settings-account-delete-prompt":"‮∀ɹǝ‬ ‮ʎon‬ ‮snɹǝ‬ ‮ʎon‬ ‮ʍɐuʇ‬ ‮ʇo‬ ‮pǝʅǝʇǝ‬ ‮ʎonɹ‬ {{account}} ‮ɯɐıʅ‬ ‮ɐɔɔonuʇ‬? ‮ʎon‬ ‮ʍıʅʅ‬ ‮ɥɐʌǝ‬ ‮ʇo‬ ‮ɹǝ‬-‮poʍuʅoɐp‬ ‮ʎonɹ‬ ‮ɯɐıʅ‬ ‮ıɟ‬ ‮ʎon‬ ‮ɹǝ‬-‮ɔɹǝɐʇǝ‬ ‮ʇɥǝ‬ ‮ɐɔɔonuʇ‬.","settings-account-delete-cancel":"‮Ↄɐuɔǝʅ‬","settings-account-delete-confirm":"‮pǝʅǝʇǝ‬","settings-account-clarify-imap":"{{account-name}} (‮IW∀Ԁ‬)","settings-account-clarify-pop3":"{{account-name}} (‮ԀOԀ‬3)","settings-account-clarify-smtp":"{{account-name}} (‮SW⊥Ԁ‬)","settings-general-section":"‮פǝuǝɹɐʅ‬ ‮sǝʇʇıuƃs‬","settings-show-images":"‮∀ʅʍɐʎs‬ ‮sɥoʍ‬ ‮ıɯɐƃǝs‬","settings-download-attachments":"‮poʍuʅoɐp‬ ‮ɐʇʇɐɔɥɯǝuʇs‬","settings-check-every-5min":"‮Ǝʌǝɹʎ‬ 5 ‮ɯıunʇǝs‬","settings-check-every-10min":"‮Ǝʌǝɹʎ‬ 10 ‮ɯıunʇǝs‬","settings-check-every-15min":"‮Ǝʌǝɹʎ‬ 15 ‮ɯıunʇǝs‬","settings-check-every-30min":"‮Ǝʌǝɹʎ‬ 30 ‮ɯıunʇǝs‬","settings-check-every-60min":"‮Ǝʌǝɹʎ‬ ‮ɥonɹ‬","settings-check-every-manual":"‮Wɐunɐʅʅʎ‬","settings-check-dynamic":{"_":{"zero":"‮sǝɔoups‬","one":"{{ n }} ‮sǝɔoups‬","two":"{{ n }} ‮sǝɔoups‬","few":"{{ n }} ‮sǝɔoups‬","many":"{{ n }} ‮sǝɔoups‬","other":"{{ n }} ‮sǝɔoups‬"}},"settings-default-account":"‮Sǝʇ‬ ‮ɐs‬ ‮pǝɟɐnʅʇ‬ ‮ǝɯɐıʅ‬","settings-account-type":"‮∀ɔɔonuʇ‬ ‮ʇʎdǝ‬","settings-account-credentials":"‮Ↄɹǝpǝuʇıɐʅs‬","settings-activesync-label":"‮∀ɔʇıʌǝSʎuɔ‬ ‮sǝʇʇıuƃs‬","settings-imap-label":"‮IW∀Ԁ‬ ‮sǝʇʇıuƃs‬","settings-pop3-label":"‮ԀOԀ‬3 ‮sǝʇʇıuƃs‬","settings-smtp-label":"‮SW⊥Ԁ‬ ‮sǝʇʇıuƃs‬","settings-hostname":"‮Hosʇuɐɯǝ‬","settings-port":"‮Ԁoɹʇ‬","settings-username":"‮∩sǝɹuɐɯǝ‬","settings-password":"‮Ԁɐssʍoɹp‬","settings-save":"‮Sɐʌǝ‬","settings-password-empty":"‮Ԁɐssʍoɹp‬ ‮ɟıǝʅp‬ ‮sɥonʅp‬ ‮uoʇ‬ ‮qǝ‬ ‮ǝɯdʇʎ‬","settings-account-synchronize-window":"‮pɐʎs‬ ‮ʇo‬ ‮sʎuɔ‬","settings-synchronize-auto":"‮∀nʇoɯɐʇıɔ‬","settings-synchronize-one-day":"1 ‮pɐʎ‬","settings-synchronize-three-days":"3 ‮pɐʎs‬","settings-synchronize-one-week":"1 ‮ʍǝǝʞ‬","settings-synchronize-two-weeks":"2 ‮ʍǝǝʞs‬","settings-synchronize-one-month":"1 ‮ɯouʇɥ‬","settings-synchronize-all":"‮∀ʅʅ‬ ‮ɯǝssɐƃǝs‬","envelope-from":"‮ɟɹoɯ‬","envelope-to":"‮⊥o‬","envelope-cc":"‮Ↄɔ‬","envelope-bcc":"‮Ԑɔɔ‬","reader-header":"‮ᴚǝɐp‬","compose-header":"‮Ↄoɯdosǝ‬ ‮ɯǝssɐƃǝ‬","compose-header-short":"‮Ↄoɯdosǝ‬","compose-send":"‮Sǝup‬","compose-to":"‮⊥o‬","compose-cc":"‮ɔɔ‬","compose-bcc":"‮qɔɔ‬","compose-attachments":{"_":{"zero":"‮∀ʇʇɐɔɥɯǝuʇs‬","one":"{{ n }} ‮ɐʇʇɐɔɥɯǝuʇ‬","two":"{{ n }} ‮ɐʇʇɐɔɥɯǝuʇs‬","few":"{{ n }} ‮ɐʇʇɐɔɥɯǝuʇs‬","many":"{{ n }} ‮ɐʇʇɐɔɥɯǝuʇs‬","other":"{{ n }} ‮ɐʇʇɐɔɥɯǝuʇs‬"}},"compose-attachment-still-working":"‮Ouǝ‬ ‮ɯoɯǝuʇ‬, ‮sʇıʅʅ‬ ‮ʍoɹʞıuƃ‬ ‮ou‬ ‮ʇɥǝ‬ ‮dɹǝʌıons‬ ‮ɐʇʇɐɔɥɯǝuʇ‬...","compose-subject":"‮Snqɾǝɔʇ‬","compose-draft-save":"‮Sɐʌǝ‬ ‮ʇo‬ ‮˥oɔɐʅ‬ ‮pɹɐɟʇs‬","compose-discard-message":"‮pısɔɐɹp‬ ‮ǝɯɐıʅ‬?","compose-discard-confirm":"‮pısɔɐɹp‬","compose-sending-message":"‮Sǝupıuƃ‬ ‮ǝɯɐıʅ‬","compose-send-message-failed":"‮Sǝupıuƃ‬ ‮ǝɯɐıʅ‬ ‮ɟɐıʅǝp‬","composer-attachment-large":"‮∀ʇʇɐɔɥɯǝuʇ‬ ‮ʇoo‬ ‮ʅɐɹƃǝ‬","composer-attachments-large":"‮∀ʇʇɐɔɥɯǝuʇs‬ ‮ʇoo‬ ‮ʅɐɹƃǝ‬","compose-attchment-size-exceeded":"‮⊥ɥǝ‬ ‮sǝʅǝɔʇǝp‬ ‮ɐʇʇɐɔɥɯǝuʇ‬ ‮ıs‬ ‮ʇoo‬ ‮ʅɐɹƃǝ‬ ‮ʇo‬ ‮sǝup‬ ‮ʍıʇɥ‬ ‮ʇɥıs‬ ‮ɯǝssɐƃǝ‬.","compose-attchments-size-exceeded":"‮⊥ɥǝ‬ ‮sǝʅǝɔʇǝp‬ ‮ɐʇʇɐɔɥɯǝuʇs‬ ‮ɐɹǝ‬ ‮ʇoo‬ ‮ʅɐɹƃǝ‬ ‮ʇo‬ ‮sǝup‬ ‮ʍıʇɥ‬ ‮ʇɥıs‬ ‮ɯǝssɐƃǝ‬. ‮⊥ɹʎ‬ ‮sǝʅǝɔʇıuƃ‬ ‮ɟǝʍǝɹ‬ ‮ɟıʅǝs‬.","dialog-button-ok":"‮OӼ‬","default-attachment-filename":"‮ɐʇʇɐɔɥɯǝuʇ‬{{ n }}","attachment-size-kib":"{{kilobytes}}‮Ӽ‬","message-attachment-view":{"textContent":"‮Ʌıǝʍ‬"},"message-attachment-too-large":"‮⊥ɥıs‬ ‮ɟıʅǝ‬ ‮ıs‬ ‮ʇoo‬ ‮ʅɐɹƃǝ‬ ‮ʇo‬ ‮poʍuʅoɐp‬.","message-no-subject":"(‮uo‬ ‮snqɾǝɔʇ‬)","message-edit-menu-delete":"‮pǝʅǝʇǝ‬","message-edit-delete-confirm":"‮pǝʅǝʇǝ‬ ‮ǝɯɐıʅ‬ ‮ɯǝssɐƃǝ‬?","message-send-attachment-disabled-confirm":"‮∀ʇʇɐɔɥɯǝuʇs‬ ‮ɔɐu‬ ‮uoʇ‬ ‮qǝ‬ ‮ɟoɹʍɐɹpǝp‬.","message-multiedit-header":{"_":{"zero":"‮Ǝpıʇ‬","one":"{{ n }} ‮sǝʅǝɔʇǝp‬","two":"{{ n }} ‮sǝʅǝɔʇǝp‬","few":"{{ n }} ‮sǝʅǝɔʇǝp‬","many":"{{ n }} ‮sǝʅǝɔʇǝp‬","other":"{{ n }} ‮sǝʅǝɔʇǝp‬"}},"browse-to-url-prompt":"‮Ԑɹoʍsǝ‬ ‮ʇo‬ ‮∩ᴚ˥‬?: {{ url }}","message-download-images":{"_":{"one":"‮⊥ɥıs‬ ‮ǝɯɐıʅ‬ ‮ɔouʇɐıus‬ ‮ouǝ‬ ‮ıɯɐƃǝ‬. ‮Ↄʅıɔʞ‬ ‮ʇo‬ ‮poʍuʅoɐp‬.","two":"‮⊥ɥıs‬ ‮ǝɯɐıʅ‬ ‮ɔouʇɐıus‬ {{ n }} ‮ıɯɐƃǝs‬. ‮Ↄʅıɔʞ‬ ‮ʇo‬ ‮poʍuʅoɐp‬.","few":"‮⊥ɥıs‬ ‮ǝɯɐıʅ‬ ‮ɔouʇɐıus‬ {{ n }} ‮ıɯɐƃǝs‬. ‮Ↄʅıɔʞ‬ ‮ʇo‬ ‮poʍuʅoɐp‬.","many":"‮⊥ɥıs‬ ‮ǝɯɐıʅ‬ ‮ɔouʇɐıus‬ {{ n }} ‮ıɯɐƃǝs‬. ‮Ↄʅıɔʞ‬ ‮ʇo‬ ‮poʍuʅoɐp‬.","other":"‮⊥ɥıs‬ ‮ǝɯɐıʅ‬ ‮ɔouʇɐıus‬ {{ n }} ‮ıɯɐƃǝs‬. ‮Ↄʅıɔʞ‬ ‮ʇo‬ ‮poʍuʅoɐp‬."}},"message-show-external-images":"‮Sɥoʍ‬ ‮ǝxʇǝɹuɐʅ‬ ‮ıɯɐƃǝs‬","message-multiedit-cancel":"‮Ↄɐuɔǝʅ‬","message-multiedit-delete-confirm":{"_":{"one":"‮pǝʅǝʇǝ‬ ‮ʇɥıs‬ ‮ǝɯɐıʅ‬ ‮ɯǝssɐƃǝ‬?","two":"‮pǝʅǝʇǝ‬ {{ n }} ‮ǝɯɐıʅ‬ ‮ɯǝssɐƃǝs‬?","few":"‮pǝʅǝʇǝ‬ {{ n }} ‮ǝɯɐıʅ‬ ‮ɯǝssɐƃǝs‬?","many":"‮pǝʅǝʇǝ‬ {{ n }} ‮ǝɯɐıʅ‬ ‮ɯǝssɐƃǝs‬?","other":"‮pǝʅǝʇǝ‬ {{ n }} ‮ǝɯɐıʅ‬ ‮ɯǝssɐƃǝs‬?"}},"message-large-message-cancel":"‮Ↄɐuɔǝʅ‬","message-large-message-ok":"‮Ↄouʇıunǝ‬","message-large-message-confirm":"‮⊥ɥıs‬ ‮ɯǝssɐƃǝ‬ ‮ıs‬ ‮ʅɐɹƃǝ‬ ‮ɐup‬ ‮ɯɐʎ‬ ‮ʇɐʞǝ‬ ‮soɯǝ‬ ‮ʇıɯǝ‬ ‮ʇo‬ ‮poʍuʅoɐp‬.","message-search-from":"‮ɟɹoɯ‬","message-search-to":"‮⊥o‬","message-search-subject":"‮Snqɾǝɔʇ‬","message-search-body":"‮Ԑopʎ‬","message-search-all":"‮∀ʅʅ‬","message-search-input":{"placeholder":"‮Sǝɐɹɔɥ‬ ‮Wɐıʅ‬"},"message-search-cancel":"‮Ↄɐuɔǝʅ‬","messages-syncing":"‮˥oɐpıuƃ‬ ‮Wǝssɐƃǝs‬","messages-sync-more":"‮˥oɐp‬ ‮ɯoɹǝ‬ ‮ɯǝssɐƃǝs‬ ‮ɟɹoɯ‬ ‮sǝɹʌǝɹ‬","messages-folder-empty":"‮No‬ ‮ɯɐıʅ‬ ‮ıu‬ ‮ʇɥıs‬ ‮ɟoʅpǝɹ‬","messages-search-empty":"‮No‬ ‮ɯɐʇɔɥǝs‬ ‮ıu‬ ‮ʅoɔɐʅʅʎ‬ ‮ɔɐɔɥǝp‬ ‮ɯǝssɐƃǝs‬","messages-folder-select":"‮Sǝʅǝɔʇ‬ ‮ɟoʅpǝɹ‬","message-contact-menu-create":"‮Sɐʌǝ‬ ‮uǝʍ‬ ‮ɔouʇɐɔʇ‬","message-contact-menu-add-existing":"‮∀pp‬ ‮ʇo‬ ‮ǝxısʇıuƃ‬ ‮ɔouʇɐɔʇ‬","message-contact-menu-view":"‮Ʌıǝʍ‬ ‮ɔouʇɐɔʇ‬","message-contact-menu-reply":"‮ᴚǝdʅʎ‬","message-contact-menu-new":"‮Sǝup‬ ‮uǝʍ‬ ‮ɯɐıʅ‬","message-reply-menu-reply":"‮ᴚǝdʅʎ‬","message-reply-menu-reply-all":"‮ᴚǝdʅʎ‬ ‮∀ʅʅ‬","message-reply-menu-forward":"‮ɟoɹʍɐɹp‬","message-reply-menu-cancel":"‮Ↄɐuɔǝʅ‬","reply-quoting-wrote":"{name} ‮ʍɹoʇǝ‬","forward-original-message":"‮Oɹıƃıuɐʅ‬ ‮ɯǝssɐƃǝ‬","forward-header-subject":"‮Snqɾǝɔʇ‬","forward-header-date":"‮pɐʇǝ‬","forward-header-from":"‮ɟɹoɯ‬","forward-header-reply-to":"‮ᴚǝdʅʎ‬-‮⊥o‬","forward-header-to":"‮⊥o‬","forward-header-cc":"‮Ↄɔ‬","folder-inbox":"‮Iuqox‬","folder-sent":"‮Sǝuʇ‬","folder-drafts":"‮pɹɐɟʇs‬","folder-trash":"‮⊥ɹɐsɥ‬","folder-queue":"‮∩usǝuʇ‬","folder-junk":"‮ſnuʞ‬","folder-archives":"‮∀ɹɔɥıʌǝs‬","folder-localdrafts":"‮˥oɔɐʅ‬ ‮pɹɐɟʇs‬","drawer-back":"‮Ԑɐɔʞ‬","drawer-accounts-header":"‮∀ɔɔonuʇs‬","drawer-settings-link":"‮Sǝʇʇıuƃs‬","folder-last-synced-label":"‮˥ɐsʇ‬ ‮sʎuɔ‬:","toaster-undo":"‮∩upo‬","toaster-retry":"‮ᴚǝʇɹʎ‬","toaster-message-star":{"_":{"one":"1 ‮ɯǝssɐƃǝ‬ ‮ɟʅɐƃ‬ ‮sǝʇ‬","two":"{{ n }} ‮ɯǝssɐƃǝ‬ ‮ɟʅɐƃs‬ ‮sǝʇ‬","few":"{{ n }} ‮ɯǝssɐƃǝ‬ ‮ɟʅɐƃs‬ ‮sǝʇ‬","many":"{{ n }} ‮ɯǝssɐƃǝ‬ ‮ɟʅɐƃs‬ ‮sǝʇ‬","other":"{{ n }} ‮ɯǝssɐƃǝ‬ ‮ɟʅɐƃs‬ ‮sǝʇ‬"}},"toaster-message-unstar":{"_":{"one":"1 ‮ɯǝssɐƃǝ‬ ‮ɟʅɐƃ‬ ‮ɹǝɯoʌǝp‬","two":"{{ n }} ‮ɯǝssɐƃǝ‬ ‮ɟʅɐƃs‬ ‮ɹǝɯoʌǝp‬","few":"{{ n }} ‮ɯǝssɐƃǝ‬ ‮ɟʅɐƃs‬ ‮ɹǝɯoʌǝp‬","many":"{{ n }} ‮ɯǝssɐƃǝ‬ ‮ɟʅɐƃs‬ ‮ɹǝɯoʌǝp‬","other":"{{ n }} ‮ɯǝssɐƃǝ‬ ‮ɟʅɐƃs‬ ‮ɹǝɯoʌǝp‬"}},"toaster-message-read":{"_":{"one":"1 ‮ɯǝssɐƃǝ‬ ‮ɯɐɹʞǝp‬ ‮ɐs‬ ‮ɹǝɐp‬","two":"{{ n }} ‮ɯǝssɐƃǝs‬ ‮ɯɐɹʞǝp‬ ‮ɐs‬ ‮ɹǝɐp‬","few":"{{ n }} ‮ɯǝssɐƃǝs‬ ‮ɯɐɹʞǝp‬ ‮ɐs‬ ‮ɹǝɐp‬","many":"{{ n }} ‮ɯǝssɐƃǝs‬ ‮ɯɐɹʞǝp‬ ‮ɐs‬ ‮ɹǝɐp‬","other":"{{ n }} ‮ɯǝssɐƃǝs‬ ‮ɯɐɹʞǝp‬ ‮ɐs‬ ‮ɹǝɐp‬"}},"toaster-message-unread":{"_":{"one":"1 ‮ɯǝssɐƃǝ‬ ‮ɯɐɹʞǝp‬ ‮ɐs‬ ‮nuɹǝɐp‬","two":"{{ n }} ‮ɯǝssɐƃǝs‬ ‮ɯɐɹʞǝp‬ ‮ɐs‬ ‮nuɹǝɐp‬","few":"{{ n }} ‮ɯǝssɐƃǝs‬ ‮ɯɐɹʞǝp‬ ‮ɐs‬ ‮nuɹǝɐp‬","many":"{{ n }} ‮ɯǝssɐƃǝs‬ ‮ɯɐɹʞǝp‬ ‮ɐs‬ ‮nuɹǝɐp‬","other":"{{ n }} ‮ɯǝssɐƃǝs‬ ‮ɯɐɹʞǝp‬ ‮ɐs‬ ‮nuɹǝɐp‬"}},"toaster-message-move":{"_":{"one":"1 ‮ɯǝssɐƃǝ‬ ‮ɯoʌǝp‬","two":"{{ n }} ‮ɯǝssɐƃǝs‬ ‮ɯoʌǝp‬","few":"{{ n }} ‮ɯǝssɐƃǝs‬ ‮ɯoʌǝp‬","many":"{{ n }} ‮ɯǝssɐƃǝs‬ ‮ɯoʌǝp‬","other":"{{ n }} ‮ɯǝssɐƃǝs‬ ‮ɯoʌǝp‬"}},"toaster-message-delete":{"_":{"one":"1 ‮ɯǝssɐƃǝ‬ ‮pǝʅǝʇǝp‬","two":"{{ n }} ‮ɯǝssɐƃǝs‬ ‮pǝʅǝʇǝp‬","few":"{{ n }} ‮ɯǝssɐƃǝs‬ ‮pǝʅǝʇǝp‬","many":"{{ n }} ‮ɯǝssɐƃǝs‬ ‮pǝʅǝʇǝp‬","other":"{{ n }} ‮ɯǝssɐƃǝs‬ ‮pǝʅǝʇǝp‬"}},"toaster-retryable-syncfailed":"‮∩uɐqʅǝ‬ ‮ʇo‬ ‮ɔouuǝɔʇ‬ ‮ʇo‬ ‮sǝɹʌǝɹ‬","form-clear-input":"‮ᴚǝɯoʌǝ‬ ‮ʇǝxʇ‬","confirm-dialog-title":"‮Ↄouɟıɹɯɐʇıou‬","senders-separation-sign":", ","new-emails":{"_":{"one":"1 ‮Nǝʍ‬ ‮Ǝɯɐıʅ‬","two":"{{ n }} ‮Nǝʍ‬ ‮Ǝɯɐıʅs‬","few":"{{ n }} ‮Nǝʍ‬ ‮Ǝɯɐıʅs‬","many":"{{ n }} ‮Nǝʍ‬ ‮Ǝɯɐıʅs‬","other":"{{ n }} ‮Nǝʍ‬ ‮Ǝɯɐıʅs‬"}},"new-emails-notify-one-account":{"_":{"one":"1 ‮Nǝʍ‬ ‮Ǝɯɐıʅ‬","two":"{{ n }} ‮Nǝʍ‬ ‮Ǝɯɐıʅs‬","few":"{{ n }} ‮Nǝʍ‬ ‮Ǝɯɐıʅs‬","many":"{{ n }} ‮Nǝʍ‬ ‮Ǝɯɐıʅs‬","other":"{{ n }} ‮Nǝʍ‬ ‮Ǝɯɐıʅs‬"}},"new-emails-notify-multiple-accounts":{"_":{"one":"1 ‮Nǝʍ‬ ‮Ǝɯɐıʅ‬ ({{ accountName }})","two":"{{ n }} ‮Nǝʍ‬ ‮Ǝɯɐıʅs‬ ({{ accountName }})","few":"{{ n }} ‮Nǝʍ‬ ‮Ǝɯɐıʅs‬ ({{ accountName }})","many":"{{ n }} ‮Nǝʍ‬ ‮Ǝɯɐıʅs‬ ({{ accountName }})","other":"{{ n }} ‮Nǝʍ‬ ‮Ǝɯɐıʅs‬ ({{ accountName }})"}},"new-emails-notify-multiple-accounts-body":"{{ from }} “{{ subject }}”","weekday-0-long":"‮Snupɐʎ‬","weekday-1-long":"‮Woupɐʎ‬","weekday-2-long":"‮⊥nǝspɐʎ‬","weekday-3-long":"‮Ｍǝpuǝspɐʎ‬","weekday-4-long":"‮⊥ɥnɹspɐʎ‬","weekday-5-long":"‮ɟɹıpɐʎ‬","weekday-6-long":"‮Sɐʇnɹpɐʎ‬","weekday-0-short":"‮Snu‬","weekday-1-short":"‮Wou‬","weekday-2-short":"‮⊥nǝ‬","weekday-3-short":"‮Ｍǝp‬","weekday-4-short":"‮⊥ɥn‬","weekday-5-short":"‮ɟɹı‬","weekday-6-short":"‮Sɐʇ‬","month-0-long":"‮ſɐunɐɹʎ‬","month-1-long":"‮ɟǝqɹnɐɹʎ‬","month-2-long":"‮Wɐɹɔɥ‬","month-3-long":"‮∀dɹıʅ‬","month-4-long":"‮Wɐʎ‬","month-5-long":"‮ſnuǝ‬","month-6-long":"‮ſnʅʎ‬","month-7-long":"‮∀nƃnsʇ‬","month-8-long":"‮Sǝdʇǝɯqǝɹ‬","month-9-long":"‮Oɔʇoqǝɹ‬","month-10-long":"‮Noʌǝɯqǝɹ‬","month-11-long":"‮pǝɔǝɯqǝɹ‬","month-0-genitive":"‮ſɐunɐɹʎ‬","month-1-genitive":"‮ɟǝqɹnɐɹʎ‬","month-2-genitive":"‮Wɐɹɔɥ‬","month-3-genitive":"‮∀dɹıʅ‬","month-4-genitive":"‮Wɐʎ‬","month-5-genitive":"‮ſnuǝ‬","month-6-genitive":"‮ſnʅʎ‬","month-7-genitive":"‮∀nƃnsʇ‬","month-8-genitive":"‮Sǝdʇǝɯqǝɹ‬","month-9-genitive":"‮Oɔʇoqǝɹ‬","month-10-genitive":"‮Noʌǝɯqǝɹ‬","month-11-genitive":"‮pǝɔǝɯqǝɹ‬","month-0-short":"‮ſɐu‬","month-1-short":"‮ɟǝq‬","month-2-short":"‮Wɐɹ‬","month-3-short":"‮∀dɹ‬","month-4-short":"‮Wɐʎ‬","month-5-short":"‮ſnu‬","month-6-short":"‮ſnʅ‬","month-7-short":"‮∀nƃ‬","month-8-short":"‮Sǝd‬","month-9-short":"‮Oɔʇ‬","month-10-short":"‮Noʌ‬","month-11-short":"‮pǝɔ‬","minutes-ago-long":{"_":{"zero":"‮ɾnsʇ‬ ‮uoʍ‬","one":"‮ɐ‬ ‮ɯıunʇǝ‬ ‮ɐƃo‬","two":"{{value}} ‮ɯıunʇǝs‬ ‮ɐƃo‬","few":"{{value}} ‮ɯıunʇǝs‬ ‮ɐƃo‬","many":"{{value}} ‮ɯıunʇǝs‬ ‮ɐƃo‬","other":"{{value}} ‮ɯıunʇǝs‬ ‮ɐƃo‬"}},"hours-ago-long":{"_":{"zero":"‮ɾnsʇ‬ ‮uoʍ‬","one":"‮ɐu‬ ‮ɥonɹ‬ ‮ɐƃo‬","two":"{{value}} ‮ɥonɹs‬ ‮ɐƃo‬","few":"{{value}} ‮ɥonɹs‬ ‮ɐƃo‬","many":"{{value}} ‮ɥonɹs‬ ‮ɐƃo‬","other":"{{value}} ‮ɥonɹs‬ ‮ɐƃo‬"}},"days-ago-long":{"_":{"zero":"‮ʇopɐʎ‬","one":"‮ʎǝsʇǝɹpɐʎ‬","two":"{{value}} ‮pɐʎs‬ ‮ɐƃo‬","few":"{{value}} ‮pɐʎs‬ ‮ɐƃo‬","many":"{{value}} ‮pɐʎs‬ ‮ɐƃo‬","other":"{{value}} ‮pɐʎs‬ ‮ɐƃo‬"}},"weeks-ago-long":{"_":{"zero":"‮ʇɥıs‬ ‮ʍǝǝʞ‬","one":"‮ʅɐsʇ‬ ‮ʍǝǝʞ‬","two":"{{value}} ‮ʍǝǝʞs‬ ‮ɐƃo‬","few":"{{value}} ‮ʍǝǝʞs‬ ‮ɐƃo‬","many":"{{value}} ‮ʍǝǝʞs‬ ‮ɐƃo‬","other":"{{value}} ‮ʍǝǝʞs‬ ‮ɐƃo‬"}},"months-ago-long":{"_":{"zero":"‮ʇɥıs‬ ‮ɯouʇɥ‬","one":"‮ʅɐsʇ‬ ‮ɯouʇɥ‬","two":"{{value}} ‮ɯouʇɥs‬ ‮ɐƃo‬","few":"{{value}} ‮ɯouʇɥs‬ ‮ɐƃo‬","many":"{{value}} ‮ɯouʇɥs‬ ‮ɐƃo‬","other":"{{value}} ‮ɯouʇɥs‬ ‮ɐƃo‬"}},"years-ago-long":{"_":{"zero":"‮ʇɥıs‬ ‮ʎǝɐɹ‬","one":"‮ʅɐsʇ‬ ‮ʎǝɐɹ‬","two":"{{value}} ‮ʎǝɐɹs‬ ‮ɐƃo‬","few":"{{value}} ‮ʎǝɐɹs‬ ‮ɐƃo‬","many":"{{value}} ‮ʎǝɐɹs‬ ‮ɐƃo‬","other":"{{value}} ‮ʎǝɐɹs‬ ‮ɐƃo‬"}},"minutes-until-long":{"_":{"zero":"‮uoʍ‬","one":"‮ıu‬ ‮ɐ‬ ‮ɯıunʇǝ‬","two":"‮ıu‬ {{value}} ‮ɯıunʇǝs‬","few":"‮ıu‬ {{value}} ‮ɯıunʇǝs‬","many":"‮ıu‬ {{value}} ‮ɯıunʇǝs‬","other":"‮ıu‬ {{value}} ‮ɯıunʇǝs‬"}},"hours-until-long":{"_":{"zero":"‮uoʍ‬","one":"‮ıu‬ ‮ɐu‬ ‮ɥonɹ‬","two":"‮ıu‬ {{value}} ‮ɥonɹs‬","few":"‮ıu‬ {{value}} ‮ɥonɹs‬","many":"‮ıu‬ {{value}} ‮ɥonɹs‬","other":"‮ıu‬ {{value}} ‮ɥonɹs‬"}},"days-until-long":{"_":{"zero":"‮ʇopɐʎ‬","one":"‮ʇoɯoɹɹoʍ‬","two":"‮ıu‬ {{value}} ‮pɐʎs‬","few":"‮ıu‬ {{value}} ‮pɐʎs‬","many":"‮ıu‬ {{value}} ‮pɐʎs‬","other":"‮ıu‬ {{value}} ‮pɐʎs‬"}},"weeks-until-long":{"_":{"zero":"‮ʇɥıs‬ ‮ʍǝǝʞ‬","one":"‮uǝxʇ‬ ‮ʍǝǝʞ‬","two":"‮ıu‬ {{value}} ‮ʍǝǝʞs‬","few":"‮ıu‬ {{value}} ‮ʍǝǝʞs‬","many":"‮ıu‬ {{value}} ‮ʍǝǝʞs‬","other":"‮ıu‬ {{value}} ‮ʍǝǝʞs‬"}},"months-until-long":{"_":{"zero":"‮ʇɥıs‬ ‮ɯouʇɥ‬","one":"‮uǝxʇ‬ ‮ɯouʇɥ‬","two":"‮ıu‬ {{value}} ‮ɯouʇɥs‬","few":"‮ıu‬ {{value}} ‮ɯouʇɥs‬","many":"‮ıu‬ {{value}} ‮ɯouʇɥs‬","other":"‮ıu‬ {{value}} ‮ɯouʇɥs‬"}},"years-until-long":{"_":{"zero":"‮ʇɥıs‬ ‮ʎǝɐɹ‬","one":"‮uǝxʇ‬ ‮ʎǝɐɹ‬","two":"‮ıu‬ {{value}} ‮ʎǝɐɹs‬","few":"‮ıu‬ {{value}} ‮ʎǝɐɹs‬","many":"‮ıu‬ {{value}} ‮ʎǝɐɹs‬","other":"‮ıu‬ {{value}} ‮ʎǝɐɹs‬"}},"minutes-ago-short":{"_":{"zero":"‮ɾnsʇ‬ ‮uoʍ‬","other":"{{value}}‮ɯ‬ ‮ɐƃo‬"}},"hours-ago-short":{"_":{"zero":"‮ɾnsʇ‬ ‮uoʍ‬","other":"{{value}}‮ɥ‬ ‮ɐƃo‬"}},"days-ago-short":{"_":{"zero":"‮ʇopɐʎ‬","other":"{{value}}‮p‬ ‮ɐƃo‬"}},"minutes-until-short":{"_":{"zero":"‮uoʍ‬","other":"‮ıu‬ {{value}}‮ɯ‬"}},"hours-until-short":{"_":{"zero":"‮uoʍ‬","other":"‮ıu‬ {{value}}‮ɥ‬"}},"days-until-short":{"_":{"zero":"‮ʇopɐʎ‬","other":"‮ıu‬ {{value}}‮p‬"}},"incorrectDate":"(‮ıuɔoɹɹǝɔʇ‬ ‮pɐʇǝ‬)","dateTimeFormat_%c":"%a %b %e %Y %I:%M:%S %p","dateTimeFormat_%x":"%m/%d/%Y","dateTimeFormat_%X":"%I:%M:%S %p","shortTimeFormat":"%I:%M %p","shortDateTimeFormat":"%x %I:%M %p","weekStartsOnMonday":"0","time_am":"‮∀W‬","time_pm":"‮ԀW‬"}