[{"$i":"number-selected2","$v":{"zero":"‮Sǝʅǝɔʇ‬","one":[{"t":"idOrVar","v":"n"}," ‮sǝʅǝɔʇǝp‬"],"two":[{"t":"idOrVar","v":"n"}," ‮sǝʅǝɔʇǝp‬"],"few":[{"t":"idOrVar","v":"n"}," ‮sǝʅǝɔʇǝp‬"],"many":[{"t":"idOrVar","v":"n"}," ‮sǝʅǝɔʇǝp‬"],"other":[{"t":"idOrVar","v":"n"}," ‮sǝʅǝɔʇǝp‬"]},"$x":[{"t":"idOrVar","v":"plural"},"n"]},{"$i":"delete-photo?","$v":"‮pǝʅǝʇǝ‬ ‮dɥoʇo‬?"},{"$i":"delete-video?","$v":"‮pǝʅǝʇǝ‬ ‮ʌıpǝo‬?"},{"$i":"delete-n-items?","$v":{"zero":"‮Noʇɥıuƃ‬ ‮sǝʅǝɔʇǝp‬","one":"‮pǝʅǝʇǝ‬ ‮sǝʅǝɔʇǝp‬ ‮ıʇǝɯ‬?","two":["‮pǝʅǝʇǝ‬ ",{"t":"idOrVar","v":"n"}," ‮ıʇǝɯs‬?"],"few":["‮pǝʅǝʇǝ‬ ",{"t":"idOrVar","v":"n"}," ‮ıʇǝɯs‬?"],"many":["‮pǝʅǝʇǝ‬ ",{"t":"idOrVar","v":"n"}," ‮ıʇǝɯs‬?"],"other":["‮pǝʅǝʇǝ‬ ",{"t":"idOrVar","v":"n"}," ‮ıʇǝɯs‬?"]},"$x":[{"t":"idOrVar","v":"plural"},"n"]},{"$i":"pickoneimage2","$v":"‮Sǝʅǝɔʇ‬"},{"$i":"cropimage","$v":"‮Ↄɹod‬"},{"$i":"cancel","$v":"‮Ↄɐuɔǝʅ‬"},{"$i":"delete","$v":"‮pǝʅǝʇǝ‬"},{"$i":"ok","$v":"‮OӼ‬"},{"$i":"edit","$v":"‮Ǝpıʇ‬"},{"$i":"save","$v":"‮Sɐʌǝ‬"},{"$i":"done","$v":"‮pouǝ‬"},{"$i":"exposure","$v":"‮Ǝxdosnɹǝ‬"},{"$i":"crop","$v":"‮Ↄɹod‬"},{"$i":"effects","$v":"‮Ǝɟɟǝɔʇs‬"},{"$i":"borders","$v":"‮Ԑoɹpǝɹs‬"},{"$i":"enhance-on","$v":"‮∀nʇo‬-‮ǝuɥɐuɔǝ‬ ‮ou‬"},{"$i":"enhance-off","$v":"‮∀nʇo‬-‮ǝuɥɐuɔǝ‬ ‮oɟɟ‬"},{"$i":"apply","$v":"‮∀ddʅʎ‬"},{"$i":"filters","$v":"‮ɟıʅʇǝɹs‬"},{"$i":"original","$v":"‮Oɹıƃıuɐʅ‬"},{"$i":"blackandwhite","$v":"‮Ԑ‬&‮Ｍ‬"},{"$i":"sepia","$v":"‮Sǝdıɐ‬"},{"$i":"freeform","$v":"‮ɟɹǝǝɟoɹɯ‬"},{"$i":"portrait","$v":"‮Ԁoɹʇɹɐıʇ‬"},{"$i":"landscape","$v":"‮˥ɐupsɔɐdǝ‬"},{"$i":"square","$v":"‮Sbnɐɹǝ‬"},{"$i":"emptygallery2-title","$v":"‮No‬ ‮dɥoʇos‬ ‮oɹ‬ ‮ʌıpǝos‬"},{"$i":"emptygallery2-text","$v":"‮∩sǝ‬ ‮ʇɥǝ‬ ‮Ↄɐɯǝɹɐ‬ ‮ɐdd‬ ‮ʇo‬ ‮ƃǝʇ‬ ‮sʇɐɹʇǝp‬."},{"$i":"emptygallery2-title-pick","$v":"‮No‬ ‮dɥoʇos‬"},{"$i":"nocard3-title","$v":"‮No‬ ‮ɯǝɯoɹʎ‬ ‮ɔɐɹp‬"},{"$i":"nocard4-text","$v":"‮Iusǝɹʇ‬ ‮ɐ‬ ‮ɯǝɯoɹʎ‬ ‮ɔɐɹp‬ ‮ʇo‬ ‮nsǝ‬ ‮ʇɥıs‬ ‮ɐdd‬."},{"$i":"pluggedin2-title","$v":"‮Wǝɯoɹʎ‬ ‮ɔɐɹp‬ ‮ıu‬ ‮nsǝ‬"},{"$i":"pluggedin2-text","$v":"‮∩udʅnƃ‬ ‮ʇɥǝ‬ ‮dɥouǝ‬ ‮ʇo‬ ‮nsǝ‬ ‮ʇɥıs‬ ‮ɐdd‬."},{"$i":"scanning-title","$v":"‮Sɔɐuuıuƃ‬"},{"$i":"scanning-text","$v":"‮˥ooʞıuƃ‬ ‮ɟoɹ‬ ‮dɥoʇos‬ ‮ɐup‬ ‮ʌıpǝos‬."},{"$i":"upgrade-title","$v":"‮pɐʇɐqɐsǝ‬ ‮∩dƃɹɐpǝ‬"},{"$i":"upgrade-text","$v":"‮Ԁʅǝɐsǝ‬ ‮ʍɐıʇ‬ ‮ʍɥıʅǝ‬ ‮פɐʅʅǝɹʎ‬ ‮ndpɐʇǝs‬ ‮ıʇs‬ ‮pɐʇɐqɐsǝ‬."},{"$i":"share-noprovider","$v":"‮Ↄɐu‬ ‮uoʇ‬ ‮sɥɐɹǝ‬ ‮ʇɥıs‬ ‮ıɯɐƃǝ‬ ‮ɟıʅǝ‬ ‮ʇʎdǝ‬."},{"$i":"memorycardfull","$v":"‮Ↄɐu‬ ‮uoʇ‬ ‮ǝpıʇ‬ ‮dɥoʇos‬: ‮Wǝɯoɹʎ‬ ‮ɔɐɹp‬ ‮ıs‬ ‮ɟnʅʅ‬."},{"$i":"imagetoobig","$v":"‮Iɯɐƃǝ‬ ‮ıs‬ ‮ʇoo‬ ‮ʅɐɹƃǝ‬ ‮ʇo‬ ‮pısdʅɐʎ‬ ‮ou‬ ‮ʇɥıs‬ ‮pǝʌıɔǝ‬."},{"$i":"imageinvalid","$v":"‮Iɯɐƃǝ‬ ‮ıs‬ ‮ıuʌɐʅıp‬ ‮oɹ‬ ‮ɔoɹɹndʇ‬ ‮ɐup‬ ‮ɔɐuuoʇ‬ ‮qǝ‬ ‮pısdʅɐʎǝp‬."},{"$i":"saved","$v":[{"t":"idOrVar","v":"filename"}," ‮sɐʌǝp‬ ‮ʇo‬ ‮פɐʅʅǝɹʎ‬"]},{"$i":"edit-copy-saved","$v":"‮Nǝʍ‬ ‮ɔodʎ‬ ‮sɐʌǝp‬."},{"$i":"overlay-camera-button","$v":"‮פo‬ ‮ʇo‬ ‮Ↄɐɯǝɹɐ‬"},{"$i":"name-label","$v":"‮Nɐɯǝ‬"},{"$i":"size-label","$v":"‮Sızǝ‬"},{"$i":"image-type-label","$v":"‮Iɯɐƃǝ‬ ‮⊥ʎdǝ‬"},{"$i":"date-taken-label","$v":"‮pɐʇǝ‬ ‮⊥ɐʞǝu‬"},{"$i":"resolution-label","$v":"‮ᴚǝsoʅnʇıou‬"},{"$i":"close-button","$v":"‮Ↄʅosǝ‬"},{"$i":"byteUnit-B","$v":"‮Ԑʎʇǝs‬"},{"$i":"byteUnit-KB","$v":"‮ӼԐ‬"},{"$i":"byteUnit-MB","$v":"‮WԐ‬"},{"$i":"byteUnit-GB","$v":"‮פԐ‬"},{"$i":"gallery","$v":"‮פɐʅʅǝɹʎ‬"},{"$i":"preview","$v":"‮Ԁɹǝʌıǝʍ‬"},{"$i":"videoDated","ariaLabel":{"$v":["‮Ʌıpǝo‬ ‮pɐʇǝp‬ ",{"t":"idOrVar","v":"timeStamp"}]}},{"$i":"imageDated","ariaLabel":{"$v":["‮Iɯɐƃǝ‬ ‮pɐʇǝp‬ ",{"t":"idOrVar","v":"timeStamp"}]}},{"$i":"back-button","ariaLabel":"‮Ԑɐɔʞ‬"},{"$i":"crop-options","ariaLabel":"‮Ↄɹod‬"},{"$i":"crop-aspect-free","ariaLabel":"‮Ↄnsʇoɯ‬ ‮ɐsdǝɔʇ‬ ‮ɹɐʇıo‬"},{"$i":"crop-aspect-portrait","ariaLabel":"‮Ԁoɹʇɹɐıʇ‬ ‮ɐsdǝɔʇ‬ ‮ɹɐʇıo‬"},{"$i":"crop-aspect-landscape","ariaLabel":"‮˥ɐupsɔɐdǝ‬ ‮ɐsdǝɔʇ‬ ‮ɹɐʇıo‬"},{"$i":"crop-aspect-square","ariaLabel":"‮Sbnɐɹǝ‬ ‮ɐsdǝɔʇ‬ ‮ɹɐʇıo‬"},{"$i":"crop-aspect-more","ariaLabel":"‮Woɹǝ‬ ‮ɐsdǝɔʇ‬ ‮ɹɐʇıos‬"},{"$i":"crop-aspect-3x4","$v":"3:4 ‮doɹʇɹɐıʇ‬"},{"$i":"crop-aspect-4x3","$v":"4:3 ‮ʅɐupsɔɐdǝ‬"},{"$i":"crop-aspect-16x9","$v":"16:9 ‮ʅɐupsɔɐdǝ‬"},{"$i":"effect-options","ariaLabel":"‮Ǝɟɟǝɔʇ‬"},{"$i":"effect-none","ariaLabel":"‮Nouǝ‬"},{"$i":"effect-bw","ariaLabel":"‮Ԑʅɐɔʞ‬ ‮ɐup‬ ‮ʍɥıʇǝ‬"},{"$i":"effect-sepia","ariaLabel":"‮Sǝdıɐ‬"},{"$i":"effect-bluesteel","ariaLabel":"‮Ԑʅnǝ‬ ‮sʇǝǝʅ‬"},{"$i":"effect-faded","ariaLabel":"‮ɟɐpǝp‬"},{"$i":"exposure-button","ariaLabel":"‮Ǝxdosnɹǝ‬"},{"$i":"crop-button","ariaLabel":"‮Ↄɹod‬"},{"$i":"effect-button","ariaLabel":"‮Ǝɟɟǝɔʇs‬"},{"$i":"enhance-button","ariaLabel":"‮Ǝuɥɐuɔǝ‬"},{"$i":"camera-button","ariaLabel":"‮Ↄɐɯǝɹɐ‬"},{"$i":"select-multiple-button","ariaLabel":"‮Sǝʅǝɔʇ‬ ‮ɯnʅʇıdʅǝ‬"},{"$i":"edit-button","ariaLabel":"‮Ǝpıʇ‬"},{"$i":"share-button","ariaLabel":"‮Sɥɐɹǝ‬"},{"$i":"info-button","ariaLabel":"‮Iuɟoɹɯɐʇıou‬"},{"$i":"delete-button","ariaLabel":"‮pǝʅǝʇǝ‬"},{"$i":"editImagePreview","ariaLabel":"‮Ǝpıʇ‬ ‮ıɯɐƃǝ‬ ‮dɹǝʌıǝʍ‬"},{"$i":"fileSize","$v":[{"t":"idOrVar","v":"size"}," ",{"t":"idOrVar","v":"unit"}]},{"$i":"imageDescription","ariaLabel":{"$v":[{"t":"idOrVar","v":"orientation"}," ‮ıɯɐƃǝ‬, ",{"t":"idOrVar","v":"timestamp"}]}},{"$i":"imageDescriptionNoTimestamp","ariaLabel":{"$v":[{"t":"idOrVar","v":"orientation"}," ‮ıɯɐƃǝ‬"]}},{"$i":"videoDescription","ariaLabel":{"$v":[{"t":"idOrVar","v":"orientation"}," ‮ʌıpǝo‬, ",{"t":"idOrVar","v":"timestamp"}]}},{"$i":"videoDescriptionNoTimestamp","ariaLabel":{"$v":[{"t":"idOrVar","v":"orientation"}," ‮ʌıpǝo‬"]}},{"$i":"orientationPortrait","$v":"‮doɹʇɹɐıʇ‬"},{"$i":"orientationLandscape","$v":"‮ʅɐupsɔɐdǝ‬"},{"$i":"playbackPlay","ariaLabel":"‮Ԁʅɐʎ‬"},{"$i":"playbackPause","ariaLabel":"‮Ԁɐnsǝ‬"},{"$i":"playbackNext","ariaLabel":"‮Nǝxʇ‬"},{"$i":"playbackPrevious","ariaLabel":"‮Ԁɹǝʌıons‬"},{"$i":"playbackFullscreen","ariaLabel":"‮ɟnʅʅsɔɹǝǝu‬"},{"$i":"playbackSeekBar","ariaLabel":{"$v":["‮Sǝǝʞ‬ ‮qɐɹ‬, ‮pnɹɐʇıou‬ ",{"t":"idOrVar","v":"duration"}]}},{"$i":"shrinking-tip","$v":"‮Sʍıdǝ‬ ‮ʇo‬ ‮sɥɐɹǝ‬"}]