{"title":{"_":"WAP Push message"},"close":{"_":"Close"},"accept":{"_":"Accept"},"quit":{"_":"Quit"},"cancel":{"_":"Cancel"},"store":{"_":"Store"},"try-again":{"_":"Try again"},"finish":{"_":"Finish"},"this-message-has-expired":{"_":"This message has expired"},"cp-pin":{"placeholder":"PIN"},"cp-message-received":{"_":"Configuration message received"},"cp-message-received-not-processed":{"_":"Configuration message not processed yet"},"cp-container-title":{"_":"OTA Access Point Configuration"},"cp-accept-help":{"_":"Configuration message received, click on 'Accept' to continue."},"cp-accept-help-pin":{"_":"The PIN code should have been provided to you by whomever sent you the configuration message."},"cp-quit-app-confirm-dialog-message":{"_":"The message has not been processed yet, do you really want to quit?"},"cp-auth-failure-confirm-dialog-message":{"_":"The PIN you have entered is incorrect. The PIN code should have been provided to you by whomever sent you the configuration message."},"cp-store-confirm-dialog-message":{"_":"You are about to store the following APN(s) on your phone:"},"cp-finish-confirm-dialog-message":{"_":"We are done, the APN(s) are now stored."},"cp-finish-confirm-dialog-message-invalid-doc":{"_":"The configuration message you received could not be authenticated against your SIM card, so cannot be used to configure your device."},"cp-finish-confirm-dialog-message-auth-error":{"_":"There was a error while authenticating the sender of the message."},"cp-finish-confirm-dialog-message-auth-unsupported-mechanism":{"_":"The authentication mechanism is not supported yet."},"cp-finish-confirm-dialog-message-no-apns":{"_":"The configuration message you received does not have valid APNs."}}