{"manage-title":"Manage Ringtones","actions-share":"Share ringtone","actions-delete":"Delete ringtone","actions-cancel":"Cancel","delete-title":"Delete Ringtone","delete-desc":"Are you sure you want to delete \"{{tone}}\"?","delete-desc-default-ringtone":"\"{{tone}}\" is the current default ringtone.\n\nAre you sure you want to delete it?","delete-desc-default-alerttone":"\"{{tone}}\" is the current default alert.\n\nAre you sure you want to delete it?","delete-cancel":"Cancel","delete-confirm":"Delete","deleted-tone":"Ringtone deleted.","created-tone":"New ringtone created.","set-default-tone":"Ringtone set as default.","pick-title":"Select Sound","pick-done":"Done","list-title-ringtone":"Firefox Ringtones","list-title-alerttone":"Alerts","list-title-custom":"Custom Ringtones","create-title":"Create Ringtone","create-save":"Save","create-cancel":"Cancel","play-error-title":"Corrupted File","play-error-desc":"The file is corrupted. It cannot be used to create a ringtone.","save-error-title":"Ringtone Not Created","save-error-desc":"There was an issue creating the ringtone. Please try again.","default-label":"Use as default ringtone","ok":"OK","ringtone-untitled":"Untitled","brandShortName":"B2G OS","browserBrandShortName":"Navigateur web","browserBrandFullName":"Navigateur web de Mozilla","ringtone-none":"None","ringer_classic_prism":"Classic Prism","ringer_classic_courier":"Classic Courier","ringer_classic_touchmatic":"Classic Touchmatic","ringer_classic_electric":"Classic Electric","ringer_classic_wallphone":"Classic Wallphone","ringer_disco_drive":"Disco Drive","ringer_vamos_la_elektro":"Vamos Là Elektro","ringer_digitalascent":"Analog Ascent","ringer_low_bit_swing":"Low Bit Swing","ringer_ringing_gems":"Ringing Gems","ringer_rain_echoes":"Rain Echoes","ringer_progressive_dapple":"Progressive Dapple","ringer_digital_dapple":"Analog Dapple","ringer_loud_windchimes":"Wind Chimes","ringer_bitbounce":"Bit Bounce","notifier_minimal_bands":"Minimal Bands","notifier_exclamation":"Exclamation","notifier_boomer":"Boomer","notifier_rewind":"Rewind","notifier_bop":"Bop","notifier_ting":"Ting","notifier_bap":"Bap","notifier_dididi":"Dididi","notifier_spring":"Spring","notifier_bell":"Bell","notifier_bell_extd":"Bell Extended","notifier_ring":"Ring","ringer_firefox":"{{brandShortName}}","notifier_firefox":"{{brandShortName}}"}