{"manage-title":"‮Wɐuɐƃǝ‬ ‮ᴚıuƃʇouǝs‬","actions-share":"‮Sɥɐɹǝ‬ ‮ɹıuƃʇouǝ‬","actions-delete":"‮pǝʅǝʇǝ‬ ‮ɹıuƃʇouǝ‬","actions-cancel":"‮Ↄɐuɔǝʅ‬","delete-title":"‮pǝʅǝʇǝ‬ ‮ᴚıuƃʇouǝ‬","delete-desc":"‮∀ɹǝ‬ ‮ʎon‬ ‮snɹǝ‬ ‮ʎon‬ ‮ʍɐuʇ‬ ‮ʇo‬ ‮pǝʅǝʇǝ‬ \"{{tone}}\"?","delete-desc-default-ringtone":"\"{{tone}}\" ‮ıs‬ ‮ʇɥǝ‬ ‮ɔnɹɹǝuʇ‬ ‮pǝɟɐnʅʇ‬ ‮ɹıuƃʇouǝ‬.\n\n‮∀ɹǝ‬ ‮ʎon‬ ‮snɹǝ‬ ‮ʎon‬ ‮ʍɐuʇ‬ ‮ʇo‬ ‮pǝʅǝʇǝ‬ ‮ıʇ‬?","delete-desc-default-alerttone":"\"{{tone}}\" ‮ıs‬ ‮ʇɥǝ‬ ‮ɔnɹɹǝuʇ‬ ‮pǝɟɐnʅʇ‬ ‮ɐʅǝɹʇ‬.\n\n‮∀ɹǝ‬ ‮ʎon‬ ‮snɹǝ‬ ‮ʎon‬ ‮ʍɐuʇ‬ ‮ʇo‬ ‮pǝʅǝʇǝ‬ ‮ıʇ‬?","delete-cancel":"‮Ↄɐuɔǝʅ‬","delete-confirm":"‮pǝʅǝʇǝ‬","deleted-tone":"‮ᴚıuƃʇouǝ‬ ‮pǝʅǝʇǝp‬.","created-tone":"‮Nǝʍ‬ ‮ɹıuƃʇouǝ‬ ‮ɔɹǝɐʇǝp‬.","set-default-tone":"‮ᴚıuƃʇouǝ‬ ‮sǝʇ‬ ‮ɐs‬ ‮pǝɟɐnʅʇ‬.","pick-title":"‮Sǝʅǝɔʇ‬ ‮Sonup‬","pick-done":"‮pouǝ‬","list-title-ringtone":"‮ɟıɹǝɟox‬ ‮ᴚıuƃʇouǝs‬","list-title-alerttone":"‮∀ʅǝɹʇs‬","list-title-custom":"‮Ↄnsʇoɯ‬ ‮ᴚıuƃʇouǝs‬","create-title":"‮Ↄɹǝɐʇǝ‬ ‮ᴚıuƃʇouǝ‬","create-save":"‮Sɐʌǝ‬","create-cancel":"‮Ↄɐuɔǝʅ‬","play-error-title":"‮Ↄoɹɹndʇǝp‬ ‮ɟıʅǝ‬","play-error-desc":"‮⊥ɥǝ‬ ‮ɟıʅǝ‬ ‮ıs‬ ‮ɔoɹɹndʇǝp‬. ‮Iʇ‬ ‮ɔɐuuoʇ‬ ‮qǝ‬ ‮nsǝp‬ ‮ʇo‬ ‮ɔɹǝɐʇǝ‬ ‮ɐ‬ ‮ɹıuƃʇouǝ‬.","save-error-title":"‮ᴚıuƃʇouǝ‬ ‮Noʇ‬ ‮Ↄɹǝɐʇǝp‬","save-error-desc":"‮⊥ɥǝɹǝ‬ ‮ʍɐs‬ ‮ɐu‬ ‮ıssnǝ‬ ‮ɔɹǝɐʇıuƃ‬ ‮ʇɥǝ‬ ‮ɹıuƃʇouǝ‬. ‮Ԁʅǝɐsǝ‬ ‮ʇɹʎ‬ ‮ɐƃɐıu‬.","default-label":"‮∩sǝ‬ ‮ɐs‬ ‮pǝɟɐnʅʇ‬ ‮ɹıuƃʇouǝ‬","ok":"‮OӼ‬","ringtone-untitled":"‮∩uʇıʇʅǝp‬","brandShortName":"‮Ԑ‬2‮פ‬ ‮OS‬","browserBrandShortName":"‮Ｍǝq‬ ‮Ԑɹoʍsǝɹ‬","browserBrandFullName":"‮Wozıʅʅɐ‬ ‮Ｍǝq‬ ‮Ԑɹoʍsǝɹ‬","ringtone-none":"‮Nouǝ‬","ringer_classic_prism":"‮Ↄʅɐssıɔ‬ ‮Ԁɹısɯ‬","ringer_classic_courier":"‮Ↄʅɐssıɔ‬ ‮Ↄonɹıǝɹ‬","ringer_classic_touchmatic":"‮Ↄʅɐssıɔ‬ ‮⊥onɔɥɯɐʇıɔ‬","ringer_classic_electric":"‮Ↄʅɐssıɔ‬ ‮Ǝʅǝɔʇɹıɔ‬","ringer_classic_wallphone":"‮Ↄʅɐssıɔ‬ ‮Ｍɐʅʅdɥouǝ‬","ringer_disco_drive":"‮pısɔo‬ ‮pɹıʌǝ‬","ringer_vamos_la_elektro":"‮Ʌɐɯos‬ ‮˥‬à ‮Ǝʅǝʞʇɹo‬","ringer_digitalascent":"‮∀uɐʅoƃ‬ ‮∀sɔǝuʇ‬","ringer_low_bit_swing":"‮˥oʍ‬ ‮Ԑıʇ‬ ‮Sʍıuƃ‬","ringer_ringing_gems":"‮ᴚıuƃıuƃ‬ ‮פǝɯs‬","ringer_rain_echoes":"‮ᴚɐıu‬ ‮Ǝɔɥoǝs‬","ringer_progressive_dapple":"‮Ԁɹoƃɹǝssıʌǝ‬ ‮pɐddʅǝ‬","ringer_digital_dapple":"‮∀uɐʅoƃ‬ ‮pɐddʅǝ‬","ringer_loud_windchimes":"‮Ｍıup‬ ‮Ↄɥıɯǝs‬","ringer_bitbounce":"‮Ԑıʇ‬ ‮Ԑonuɔǝ‬","notifier_minimal_bands":"‮Wıuıɯɐʅ‬ ‮Ԑɐups‬","notifier_exclamation":"‮Ǝxɔʅɐɯɐʇıou‬","notifier_boomer":"‮Ԑooɯǝɹ‬","notifier_rewind":"‮ᴚǝʍıup‬","notifier_bop":"‮Ԑod‬","notifier_ting":"‮⊥ıuƃ‬","notifier_bap":"‮Ԑɐd‬","notifier_dididi":"‮pıpıpı‬","notifier_spring":"‮Sdɹıuƃ‬","notifier_bell":"‮Ԑǝʅʅ‬","notifier_bell_extd":"‮Ԑǝʅʅ‬ ‮Ǝxʇǝupǝp‬","notifier_ring":"‮ᴚıuƃ‬","ringer_firefox":"{{brandShortName}}","notifier_firefox":"{{brandShortName}}"}