{"back":{"_":"رجوع"},"save":{"_":"حِفظ"},"hide":{"_":"إخفاء"},"cancel":{"_":"إلغاء"},"confirm":{"_":"تأكيد"},"done":{"_":"تم"},"events":{"_":"احداث"},"edit":{"_":"Edit"},"allday-events":{"_":"All-day Events"},"hint-swipe-action":{"_":"Swipe"},"hint-swipe-to-navigate":{"_":"to navigate between calendar dates."},"show-today":{"_":"اليوم"},"show-month-view":{"_":"شهر"},"show-week-view":{"_":"أسبوع"},"show-day-view":{"_":"يوم"},"settings-show":{"_":"إعدادات"},"settings-hide":{"_":"إخفاء الإعدادات"},"add-account":{"_":"أضف حساب"},"new-event":{"_":"إضافة حدث"},"add-event-header":{"_":"حدث"},"account-header":{"_":"حساب"},"account-list-header":{"_":"الحسابات"},"settings-header":{"_":"التقويمات"},"advanced-settings":{"_":"Calendar settings"},"advanced-settings-header":{"_":"Calendar Settings"},"advanced-settings-personalization":{"_":"تخصيص"},"advanced-settings-reminders":{"_":"Reminders"},"field-user":{"placeholder":"إسم المستخدم"},"field-password":{"placeholder":"كلمة السّر"},"field-full-url":{"placeholder":"العنوان"},"modify-account-setting-up":{"_":"الرجاء الانتظار حتى يتم اعداد حسابك"},"modify-account-unable-to-sync":{"_":"غير قادر على التزامن"},"modify-account-sign-in":{"_":"تسجيل الدخول"},"preset-caldav":{"_":"CalDav"},"preset-yahoo":{"_":"Yahoo!"},"preset-google":{"_":"Google"},"preset-local":{"_":"تقويم دون متصل"},"preset-mozilla":{"_":"موزيلا زِمبرا"},"calendar-local":{"_":"تقويم دون متصل"},"event-title":{"placeholder":"العنوان"},"event-location":{"placeholder":"أين؟"},"event-description":{"placeholder":"الملاحظات"},"event-is-allday":{"_":"جميع أحداث اليوم؟"},"event-start-date":{"placeholder":"تاريخ البدء"},"event-end-date":{"placeholder":"تاريخ الإنتهاء"},"event-start-time":{"placeholder":"توقيت البدء"},"event-end-time":{"placeholder":"توقيت الإنتهاء"},"event-delete":{"_":"حذف الحدث"},"remove-account-data":{"_":"حذف البيانات المحلية"},"remove-account-dialog":{"_":"حذف الحساب"},"remove-account-dialog-details":{"_":"حذف هذا الحساب يؤدي إلى حذف كل نسخك المحلية للتقويمات و الأحداث"},"sync-frequency":{"_":"مزامنة التقويم"},"sync-frequency-manual":{"textContent":"يدوياُ"},"sync-frequency-15min":{"textContent":"١٥ دقيقة"},"sync-frequency-30min":{"textContent":"٣٠ دقيقة"},"sync-frequency-hourly":{"textContent":"كل ساعة"},"none":{"_":"لا يوجد"},"remind-me":{"_":"Remind me"},"from-time":{"_":"From: "},"to-time":{"_":"To: "},"alarm-at-event-standard":{"_":"At time of event"},"alarm-at-event-allday":{"_":"On day of event"},"alarm-start-notice":{"_":"{{title}} starting {{distance}}"},"alarm-started-notice":{"_":"{{title}} بَدَأ {{distance}}"},"minutes-before":{"_":"{[ plural(value) ]}","_[zero]":"0 minutes before","_[one]":"قبل دقيقة واحدة","_[two]":"{{value}} minutes before","_[few]":"{{value}} minutes before","_[many]":"{{value}} minutes before","_[other]":"{{value}} minutes before"},"hours-before":{"_":"{[ plural(value) ]}","_[zero]":"0 hours before","_[one]":"1 hour before","_[two]":"{{value}} hours before","_[few]":"{{value}} hours before","_[many]":"{{value}} hours before","_[other]":"{{value}} hours before"},"days-before":{"_":"{[ plural(value) ]}","_[zero]":"0 days before","_[one]":"1 day before","_[two]":"{{value}} days before","_[few]":"{{value}} days before","_[many]":"{{value}} days before","_[other]":"{{value}} days before"},"weeks-before":{"_":"{[ plural(value) ]}","_[zero]":"0 weeks before","_[one]":"1 week before","_[two]":"{{value}} weeks before","_[few]":"{{value}} weeks before","_[many]":"{{value}} weeks before","_[other]":"{{value}} weeks before"},"months-before":{"_":"{[ plural(value) ]}","_[zero]":"0 months before","_[one]":"1 month before","_[two]":"{{value}} months before","_[few]":"{{value}} months before","_[many]":"{{value}} months before","_[other]":"{{value}} months before"},"years-before":{"_":"{[ plural(value) ]}","_[zero]":"0 years before","_[one]":"1 year before","_[two]":"{{value}} years before","_[few]":"{{value}} years before","_[many]":"{{value}} years before","_[other]":"{{value}} years before"},"minutes-after":{"_":"{[ plural(value) ]}","_[zero]":"0 minutes after","_[one]":"1 minute after","_[two]":"{{value}} minutes after","_[few]":"{{value}} minutes after","_[many]":"{{value}} minutes after","_[other]":"{{value}} minutes after"},"hours-after":{"_":"{[ plural(value) ]}","_[zero]":"0 hours after","_[one]":"1 hour after","_[two]":"{{value}} hours after","_[few]":"{{value}} hours after","_[many]":"{{value}} hours after","_[other]":"{{value}} hours after"},"days-after":{"_":"{[ plural(value) ]}","_[zero]":"0 days after","_[one]":"1 day after","_[two]":"{{value}} days after","_[few]":"{{value}} days after","_[many]":"{{value}} days after","_[other]":"{{value}} days after"},"weeks-after":{"_":"{[ plural(value) ]}","_[zero]":"0 weeks after","_[one]":"1 week after","_[two]":"{{value}} weeks after","_[few]":"{{value}} weeks after","_[many]":"{{value}} weeks after","_[other]":"{{value}} weeks after"},"months-after":{"_":"{[ plural(value) ]}","_[zero]":"0 months after","_[one]":"1 month after","_[two]":"{{value}} months after","_[few]":"{{value}} months after","_[many]":"{{value}} months after","_[other]":"{{value}} months after"},"years-after":{"_":"{[ plural(value) ]}","_[zero]":"0 years after","_[one]":"1 year after","_[two]":"{{value}} years after","_[few]":"{{value}} years after","_[many]":"{{value}} years after","_[other]":"{{value}} years after"},"hour-format":{"_":"%I %p"},"hour-allday":{"_":"طول اليوم"},"month-view-header-format":{"_":"%B %Y"},"multi-month-view-header-format":{"_":"%b %Y"},"day-view-header-format":{"_":"%A %B %e"},"error-start-after-end":{"_":"تاريخ الانتهاء يجب أن يكون بعد تاريخ البدء"},"error-unauthenticated":{"_":"اسم المستخدم أو كلمة السِّر غير صحيحة"},"error-no-url":{"_":"لا يوجد اتصال. تحقق من الواي فاي وحاول مرة أخرى."},"error-internal-server-error":{"_":"خطأ في الخادم. تحقق من تسجيل دخولك وحاول مرة أخرى."},"error-default":{"_":"هنالك خطأ. حاول مرة أخرى."},"error-offline":{"_":"لا يوجد اتصال. تحقق من اعدادت الشبكة وحاول مرة أخرى."},"error-account-exist":{"_":"This account already exists."},"notification-error-sync-title":{"_":"خطأ في تزامن التقويم"},"notification-error-sync-description":{"_":"انقر لمزيد من المعلومات"},"weekday-0-long":{"_":"Sunday"},"weekday-1-long":{"_":"Monday"},"weekday-2-long":{"_":"Tuesday"},"weekday-3-long":{"_":"Wednesday"},"weekday-4-long":{"_":"Thursday"},"weekday-5-long":{"_":"Friday"},"weekday-6-long":{"_":"Saturday"},"weekday-0-short":{"_":"Sun"},"weekday-1-short":{"_":"Mon"},"weekday-2-short":{"_":"Tue"},"weekday-3-short":{"_":"Wed"},"weekday-4-short":{"_":"Thu"},"weekday-5-short":{"_":"Fri"},"weekday-6-short":{"_":"Sat"},"month-0-long":{"_":"January"},"month-1-long":{"_":"February"},"month-2-long":{"_":"March"},"month-3-long":{"_":"April"},"month-4-long":{"_":"May"},"month-5-long":{"_":"June"},"month-6-long":{"_":"July"},"month-7-long":{"_":"August"},"month-8-long":{"_":"September"},"month-9-long":{"_":"October"},"month-10-long":{"_":"November"},"month-11-long":{"_":"December"},"month-0-genitive":{"_":"January"},"month-1-genitive":{"_":"February"},"month-2-genitive":{"_":"March"},"month-3-genitive":{"_":"April"},"month-4-genitive":{"_":"May"},"month-5-genitive":{"_":"June"},"month-6-genitive":{"_":"July"},"month-7-genitive":{"_":"August"},"month-8-genitive":{"_":"September"},"month-9-genitive":{"_":"October"},"month-10-genitive":{"_":"November"},"month-11-genitive":{"_":"December"},"month-0-short":{"_":"Jan"},"month-1-short":{"_":"Feb"},"month-2-short":{"_":"Mar"},"month-3-short":{"_":"Apr"},"month-4-short":{"_":"May"},"month-5-short":{"_":"Jun"},"month-6-short":{"_":"Jul"},"month-7-short":{"_":"Aug"},"month-8-short":{"_":"Sep"},"month-9-short":{"_":"Oct"},"month-10-short":{"_":"Nov"},"month-11-short":{"_":"Dec"},"minutes-ago-long":{"_":"{[ plural(value) ]}","_[zero]":"just now","_[one]":"a minute ago","_[two]":"{{value}} minutes ago","_[few]":"{{value}} minutes ago","_[many]":"{{value}} minutes ago","_[other]":"{{value}} minutes ago"},"hours-ago-long":{"_":"{[ plural(value) ]}","_[zero]":"just now","_[one]":"an hour ago","_[two]":"{{value}} hours ago","_[few]":"{{value}} hours ago","_[many]":"{{value}} hours ago","_[other]":"{{value}} hours ago"},"days-ago-long":{"_":"{[ plural(value) ]}","_[zero]":"today","_[one]":"yesterday","_[two]":"{{value}} days ago","_[few]":"{{value}} days ago","_[many]":"{{value}} days ago","_[other]":"{{value}} days ago"},"weeks-ago-long":{"_":"{[ plural(value) ]}","_[zero]":"this week","_[one]":"last week","_[two]":"{{value}} weeks ago","_[few]":"{{value}} weeks ago","_[many]":"{{value}} weeks ago","_[other]":"{{value}} weeks ago"},"months-ago-long":{"_":"{[ plural(value) ]}","_[zero]":"this month","_[one]":"last month","_[two]":"{{value}} months ago","_[few]":"{{value}} months ago","_[many]":"{{value}} months ago","_[other]":"{{value}} months ago"},"years-ago-long":{"_":"{[ plural(value) ]}","_[zero]":"this year","_[one]":"last year","_[two]":"{{value}} years ago","_[few]":"{{value}} years ago","_[many]":"{{value}} years ago","_[other]":"{{value}} years ago"},"minutes-until-long":{"_":"{[ plural(value) ]}","_[zero]":"now","_[one]":"in a minute","_[two]":"in {{value}} minutes","_[few]":"in {{value}} minutes","_[many]":"in {{value}} minutes","_[other]":"in {{value}} minutes"},"hours-until-long":{"_":"{[ plural(value) ]}","_[zero]":"now","_[one]":"in an hour","_[two]":"in {{value}} hours","_[few]":"in {{value}} hours","_[many]":"in {{value}} hours","_[other]":"in {{value}} hours"},"days-until-long":{"_":"{[ plural(value) ]}","_[zero]":"today","_[one]":"tomorrow","_[two]":"in {{value}} days","_[few]":"in {{value}} days","_[many]":"in {{value}} days","_[other]":"in {{value}} days"},"weeks-until-long":{"_":"{[ plural(value) ]}","_[zero]":"this week","_[one]":"next week","_[two]":"in {{value}} weeks","_[few]":"in {{value}} weeks","_[many]":"in {{value}} weeks","_[other]":"in {{value}} weeks"},"months-until-long":{"_":"{[ plural(value) ]}","_[zero]":"this month","_[one]":"next month","_[two]":"in {{value}} months","_[few]":"in {{value}} months","_[many]":"in {{value}} months","_[other]":"in {{value}} months"},"years-until-long":{"_":"{[ plural(value) ]}","_[zero]":"this year","_[one]":"next year","_[two]":"in {{value}} years","_[few]":"in {{value}} years","_[many]":"in {{value}} years","_[other]":"in {{value}} years"},"minutes-ago-short":{"_":"{[ plural(value) ]}","_[zero]":"just now","_[other]":"{{value}}m ago"},"hours-ago-short":{"_":"{[ plural(value) ]}","_[zero]":"just now","_[other]":"{{value}}h ago"},"days-ago-short":{"_":"{[ plural(value) ]}","_[zero]":"today","_[other]":"{{value}}d ago"},"minutes-until-short":{"_":"{[ plural(value) ]}","_[zero]":"now","_[other]":"in {{value}}m"},"hours-until-short":{"_":"{[ plural(value) ]}","_[zero]":"now","_[other]":"in {{value}}h"},"days-until-short":{"_":"{[ plural(value) ]}","_[zero]":"today","_[other]":"in {{value}}d"},"incorrectDate":{"_":"(incorrect date)"},"dateTimeFormat_%c":{"_":"%a %b %e %Y %I:%M:%S %p"},"dateTimeFormat_%x":{"_":"%m/%d/%Y"},"dateTimeFormat_%X":{"_":"%I:%M:%S %p"},"shortTimeFormat":{"_":"%I:%M %p"},"shortDateTimeFormat":{"_":"%x %I:%M %p"},"weekStartsOnMonday":{"_":"0"},"time_am":{"_":"AM"},"time_pm":{"_":"PM"}}