{"back":{"_":"上一頁"},"save":{"_":"儲存"},"hide":{"_":"隱藏"},"cancel":{"_":"取消"},"confirm":{"_":"確認"},"done":{"_":"完成"},"events":{"_":"活動"},"edit":{"_":"編輯"},"allday-events":{"_":"全日活動"},"hint-swipe-action":{"_":"滑動"},"hint-swipe-to-navigate":{"_":"以在不同日期間切換。"},"show-today":{"_":"今天"},"show-month-view":{"_":"月"},"show-week-view":{"_":"週"},"show-day-view":{"_":"日"},"settings-show":{"_":"設定"},"settings-hide":{"_":"隱藏選項"},"add-account":{"_":"新增帳號"},"new-event":{"_":"新增事件"},"add-event-header":{"_":"事件"},"account-header":{"_":"帳號"},"account-list-header":{"_":"帳號"},"settings-header":{"_":"行事曆"},"advanced-settings":{"_":"行事曆選項"},"advanced-settings-header":{"_":"行事曆選項"},"advanced-settings-personalization":{"_":"個人化"},"advanced-settings-reminders":{"_":"鬧鈴"},"field-user":{"placeholder":"使用者名稱"},"field-password":{"placeholder":"密碼"},"field-full-url":{"placeholder":"網址"},"modify-account-setting-up":{"_":"請稍待您的帳號設定完成"},"modify-account-unable-to-sync":{"_":"無法同步"},"modify-account-sign-in":{"_":"登入"},"preset-caldav":{"_":"CalDav"},"preset-yahoo":{"_":"Yahoo!"},"preset-google":{"_":"Google"},"preset-local":{"_":"離線行事曆"},"preset-mozilla":{"_":"Mozilla Zimbra"},"calendar-local":{"_":"離線行事曆"},"event-title":{"placeholder":"標題"},"event-location":{"placeholder":"在哪裡？"},"event-description":{"placeholder":"註解"},"event-is-allday":{"_":"全日活動？"},"event-start-date":{"placeholder":"開始日期"},"event-end-date":{"placeholder":"結束日期"},"event-start-time":{"placeholder":"開始時間"},"event-end-time":{"placeholder":"結束時間"},"event-delete":{"_":"刪除事件"},"remove-account-data":{"_":"移除本機資料"},"remove-account-dialog":{"_":"移除帳號"},"remove-account-dialog-details":{"_":"移除此帳號也將會移除您本機上相關的行事曆與活動。"},"sync-frequency":{"_":"同步行事曆"},"sync-frequency-manual":{"textContent":"手動"},"sync-frequency-15min":{"textContent":"每 15 分鐘"},"sync-frequency-30min":{"textContent":"每 30 分鐘"},"sync-frequency-hourly":{"textContent":"每小時"},"none":{"_":"無"},"remind-me":{"_":"提醒我"},"from-time":{"_":"從:"},"to-time":{"_":"到:"},"alarm-at-event-standard":{"_":"於活動時間"},"alarm-at-event-allday":{"_":"於活動日"},"alarm-start-notice":{"_":"{{title}} 將在 {{distance}} 後開始"},"alarm-started-notice":{"_":"{{title}} 已開始於 {{distance}}"},"minutes-before":{"_":"{[ plural(value) ]}","_[zero]":"0 分鐘前","_[one]":"1 分鐘前","_[two]":"{{value}} 分鐘前","_[few]":"{{value}} 分鐘前","_[many]":"{{value}} 分鐘前","_[other]":"{{value}} 分鐘前"},"hours-before":{"_":"{[ plural(value) ]}","_[zero]":"0 小時前","_[one]":"1 小時前","_[two]":"{{value}} 小時前","_[few]":"{{value}} 小時前","_[many]":"{{value}} 小時前","_[other]":"{{value}} 小時前"},"days-before":{"_":"{[ plural(value) ]}","_[zero]":"0 天前","_[one]":"1 天前","_[two]":"{{value}} 天前","_[few]":"{{value}} 天前","_[many]":"{{value}} 天前","_[other]":"{{value}} 天前"},"weeks-before":{"_":"{[ plural(value) ]}","_[zero]":"0 週前","_[one]":"1 週前","_[two]":"{{value}} 週前","_[few]":"{{value}} 週前","_[many]":"{{value}} 週前","_[other]":"{{value}} 週前"},"months-before":{"_":"{[ plural(value) ]}","_[zero]":"0 個月前","_[one]":"1 個月前","_[two]":"{{value}} 個月前","_[few]":"{{value}} 個月前","_[many]":"{{value}} 個月前","_[other]":"{{value}} 個月前"},"years-before":{"_":"{[ plural(value) ]}","_[zero]":"0 年前","_[one]":"1 年前","_[two]":"{{value}} 年前","_[few]":"{{value}} 年前","_[many]":"{{value}} 年前","_[other]":"{{value}} 年前"},"minutes-after":{"_":"{[ plural(value) ]}","_[zero]":"0 分鐘後","_[one]":"1 分鐘後","_[two]":"{{value}} 分鐘後","_[few]":"{{value}} 分鐘後","_[many]":"{{value}} 分鐘後","_[other]":"{{value}} 分鐘後"},"hours-after":{"_":"{[ plural(value) ]}","_[zero]":"0 小時後","_[one]":"1 小時後","_[two]":"{{value}} 小時後","_[few]":"{{value}} 小時後","_[many]":"{{value}} 小時後","_[other]":"{{value}} 小時後"},"days-after":{"_":"{[ plural(value) ]}","_[zero]":"0 天後","_[one]":"1 天後","_[two]":"{{value}} 天後","_[few]":"{{value}} 天後","_[many]":"{{value}} 天後","_[other]":"{{value}} 天後"},"weeks-after":{"_":"{[ plural(value) ]}","_[zero]":"0 週後","_[one]":"1 週後","_[two]":"{{value}} 週後","_[few]":"{{value}} 週後","_[many]":"{{value}} 週後","_[other]":"{{value}} 週後"},"months-after":{"_":"{[ plural(value) ]}","_[zero]":"0 個月後","_[one]":"1 個月後","_[two]":"{{value}} 個月後","_[few]":"{{value}} 個月後","_[many]":"{{value}} 個月後","_[other]":"{{value}} 個月後"},"years-after":{"_":"{[ plural(value) ]}","_[zero]":"0 年後","_[one]":"1 年後","_[two]":"{{value}} 年後","_[few]":"{{value}} 年後","_[many]":"{{value}} 年後","_[other]":"{{value}} 年後"},"hour-format":{"_":"%p %I 點"},"hour-allday":{"_":"全天"},"month-view-header-format":{"_":"%Y 年 %b"},"multi-month-view-header-format":{"_":"%b %Y"},"day-view-header-format":{"_":"%b %e 日 %A"},"error-start-after-end":{"_":"結束日期必須接續在開始日期之後"},"error-unauthenticated":{"_":"登入失敗，請檢查帳號密碼"},"error-no-url":{"_":"無法連線。請檢查你的 Wi-Fi 連線並再試一次。"},"error-internal-server-error":{"_":"伺服器錯誤。請確認帳號密碼是否正確並再試一次。"},"error-default":{"_":"發生錯誤，請稍後再試一次。"},"error-offline":{"_":"沒有網路連線。請檢查您的網路設定後再試一次。"},"error-account-exist":{"_":"此帳號已存在"},"notification-error-sync-title":{"_":"行事曆同步錯誤"},"notification-error-sync-description":{"_":"SD 卡"},"single-month-view-header-format":{"_":"%b ~ "},"weekday-0-long":{"_":"星期日"},"weekday-1-long":{"_":"星期一"},"weekday-2-long":{"_":"星期二"},"weekday-3-long":{"_":"星期三"},"weekday-4-long":{"_":"星期四"},"weekday-5-long":{"_":"星期五"},"weekday-6-long":{"_":"星期六"},"weekday-0-short":{"_":"日"},"weekday-1-short":{"_":"一"},"weekday-2-short":{"_":"二"},"weekday-3-short":{"_":"三"},"weekday-4-short":{"_":"四"},"weekday-5-short":{"_":"五"},"weekday-6-short":{"_":"六"},"month-0-long":{"_":"一月"},"month-1-long":{"_":"二月"},"month-2-long":{"_":"三月"},"month-3-long":{"_":"四月"},"month-4-long":{"_":"五月"},"month-5-long":{"_":"六月"},"month-6-long":{"_":"七月"},"month-7-long":{"_":"八月"},"month-8-long":{"_":"九月"},"month-9-long":{"_":"十月"},"month-10-long":{"_":"十一月"},"month-11-long":{"_":"十二月"},"month-0-genitive":{"_":"1 月"},"month-1-genitive":{"_":"2 月"},"month-2-genitive":{"_":"3 月"},"month-3-genitive":{"_":"4 月"},"month-4-genitive":{"_":"5 月"},"month-5-genitive":{"_":"6 月"},"month-6-genitive":{"_":"7 月"},"month-7-genitive":{"_":"8 月"},"month-8-genitive":{"_":"9 月"},"month-9-genitive":{"_":"10 月"},"month-10-genitive":{"_":"11 月"},"month-11-genitive":{"_":"12 月"},"month-0-short":{"_":"1 月"},"month-1-short":{"_":"2 月"},"month-2-short":{"_":"3 月"},"month-3-short":{"_":"4 月"},"month-4-short":{"_":"5 月"},"month-5-short":{"_":"6 月"},"month-6-short":{"_":"7 月"},"month-7-short":{"_":"8 月"},"month-8-short":{"_":"9 月"},"month-9-short":{"_":"10 月"},"month-10-short":{"_":"11 月"},"month-11-short":{"_":"12 月"},"minutes-ago-long":{"_":"{[ plural(value) ]}","_[zero]":"剛剛","_[one]":"1 分鐘前","_[two]":"{{value}} 分鐘前","_[few]":"{{value}} 分鐘前","_[many]":"{{value}} 分鐘前","_[other]":"{{value}} 分鐘前"},"hours-ago-long":{"_":"{[ plural(value) ]}","_[zero]":"剛剛","_[one]":"1 小時前","_[two]":"{{value}} 小時前","_[few]":"{{value}} 小時前","_[many]":"{{value}} 小時前","_[other]":"{{value}} 小時前"},"days-ago-long":{"_":"{[ plural(value) ]}","_[zero]":"今天","_[one]":"昨天","_[two]":"{{value}} 天前","_[few]":"{{value}} 天前","_[many]":"{{value}} 天前","_[other]":"{{value}} 天前"},"weeks-ago-long":{"_":"{[ plural(value) ]}","_[zero]":"本週","_[one]":"上週","_[two]":"{{value}} 週前","_[few]":"{{value}} 週前","_[many]":"{{value}} 週前","_[other]":"{{value}} 週前"},"months-ago-long":{"_":"{[ plural(value) ]}","_[zero]":"本月","_[one]":"上月","_[two]":"{{value}} 月前","_[few]":"{{value}} 月前","_[many]":"{{value}} 月前","_[other]":"{{value}} 月前"},"years-ago-long":{"_":"{[ plural(value) ]}","_[zero]":"今年","_[one]":"去年","_[two]":"{{value}} 年前","_[few]":"{{value}} 年前","_[many]":"{{value}} 年前","_[other]":"{{value}} 年前"},"minutes-until-long":{"_":"{[ plural(value) ]}","_[zero]":"現在","_[one]":"1 分鐘內","_[two]":"{{value}} 分鐘內","_[few]":"{{value}} 分鐘內","_[many]":"{{value}} 分鐘內","_[other]":"{{value}} 分鐘內"},"hours-until-long":{"_":"{[ plural(value) ]}","_[zero]":"現在","_[one]":"1 小時內","_[two]":"{{value}} 小時前","_[few]":"{{value}} 小時前","_[many]":"{{value}} 小時前","_[other]":"{{value}} 小時前"},"days-until-long":{"_":"{[ plural(value) ]}","_[zero]":"今天","_[one]":"明天","_[two]":"{{value}} 天內","_[few]":"{{value}} 天內","_[many]":"{{value}} 天內","_[other]":"{{value}} 天內"},"weeks-until-long":{"_":"{[ plural(value) ]}","_[zero]":"本週","_[one]":"下週","_[two]":"{{value}} 週內","_[few]":"{{value}} 週內","_[many]":"{{value}} 週內","_[other]":"{{value}} 週內"},"months-until-long":{"_":"{[ plural(value) ]}","_[zero]":"本月","_[one]":"下月","_[two]":"{{value}} 月內","_[few]":"{{value}} 月內","_[many]":"{{value}} 月內","_[other]":"{{value}} 月內"},"years-until-long":{"_":"{[ plural(value) ]}","_[zero]":"今年","_[one]":"明年","_[two]":"{{value}} 年內","_[few]":"{{value}} 年內","_[many]":"{{value}} 年內","_[other]":"{{value}} 年內"},"minutes-ago-short":{"_":"{[ plural(value) ]}","_[zero]":"剛剛","_[other]":"{{value}} 分前"},"hours-ago-short":{"_":"{[ plural(value) ]}","_[zero]":"剛剛","_[other]":"{{value}} 時前"},"days-ago-short":{"_":"{[ plural(value) ]}","_[zero]":"今天","_[other]":"{{value}} 天前"},"minutes-until-short":{"_":"{[ plural(value) ]}","_[zero]":"現在","_[other]":"{{value}} 分內"},"hours-until-short":{"_":"{[ plural(value) ]}","_[zero]":"現在","_[other]":"{{value}} 時內"},"days-until-short":{"_":"{[ plural(value) ]}","_[zero]":"今天","_[other]":"{{value}} 天內"},"incorrectDate":{"_":"（日期不正確）"},"dateTimeFormat_%c":{"_":"%Y年%b%d日 %a %p %I:%M:%S"},"dateTimeFormat_%x":{"_":"%Y/%m/%d"},"dateTimeFormat_%X":{"_":"%p %I:%M:%S"},"shortTimeFormat":{"_":"%p %I:%M"},"shortDateTimeFormat":{"_":"%x %p %I:%M"},"weekStartsOnMonday":{"_":"1"},"time_am":{"_":"AM"},"time_pm":{"_":"PM"}}