{"addToExistingContact":{"_":"Add to existing contact"},"all":{"_":"All"},"callLog":{"_":"Call log"},"connecting":{"_":"Connecting"},"cancel":{"_":"Cancel"},"cf-async":{"_":"Asynchronous: {{ async }}\n"},"cf-data":{"_":"Data: {{ data }}\n"},"cf-error":{"_":"An error occurred while retrieving call forwarding status"},"cf-fax":{"_":"FAX: {{ fax }}\n"},"cf-inactive":{"_":"Inactive"},"cf-packet":{"_":"Packet: {{ packet }}\n"},"cf-pad":{"_":"PAD: {{ pad }}\n"},"cf-sms":{"_":"SMS: {{ sms }}\n"},"cf-status":{"_":"Call forwarding status\n"},"cf-sync":{"_":"Synchronous: {{ sync }}\n"},"cf-voice":{"_":"Voice: {{ voice }}\n"},"confirm-deletion":{"_":"Clear selected calls?"},"createNewContact":{"_":"Create new contact"},"delete":{"_":"Delete"},"deselectAll":{"_":"Deselect all"},"edit-selected":{"_":"{[ plural(n) ]}","_[one]":"{{ n }} selected","_[two]":"{{ n }} selected","_[few]":"{{ n }} selected","_[many]":"{{ n }} selected","_[other]":"{{ n }} selected"},"edit":{"_":"Edit"},"ignore":{"_":"Ignore Call"},"incoming":{"_":"Incoming"},"missed":{"_":"Missed"},"missedCall":{"_":"Missed call"},"missedCallMultiSims":{"_":"(SIM {{ n }}) Missed call"},"mmi-error":{"_":"An error occurred while sending the message"},"mmi-session-expired":{"_":"Session expired"},"mmi-successfully-sent":{"_":"Message successfully sent"},"no-logs-msg-1":{"_":"No calls recorded"},"no-logs-msg-2":{"_":"Start communicating now"},"no-logs-msg-3":{"_":"No missed calls"},"reply":{"_":"Reply"},"selectAll":{"_":"Select all"},"send":{"_":"Send"},"switch-calls":{"_":"Switch calls"},"today":{"_":"Today"},"withheld-number":{"_":"Withheld number"},"from-contact":{"_":"From {{ contact }}"},"from-number":{"_":"From {{ number }}"},"from-withheld-number":{"_":"From withheld number"},"yesterday":{"_":"Yesterday"},"sending":{"_":"Sending…"},"ussd-services":{"_":"{{ operator }} services"},"type-your-response":{"placeholder":"Type your response…"},"clear-all-text":{"_":"Clear all text"},"hide":{"_":"Hide"},"call":{"_":"Call"},"hold":{"_":"Hold"},"resume":{"_":"Resume"},"sendSms":{"_":"Send Message"},"callEnded":{"_":"Call Ended"},"via-sim":{"_":"via SIM{{ n }}"},"sim-number":{"_":"SIM{{ n }}"},"hangup-a11y-button":{"aria-label":"Hang Up"},"pickup-a11y-button":{"aria-label":"Pick up"},"unlock-a11y-button":{"aria-label":"Slider"},"settings":{"_":"Settings"},"delete-n-log?":{"_":"{[ plural(n) ]}","_[zero]":"Nothing selected","_[one]":"Delete selected log?","_[two]":"Delete {{ n }} logs?","_[few]":"Delete {{ n }} logs?","_[many]":"Delete {{ n }} logs?","_[other]":"Delete {{ n }} logs?"},"callDurationMinutes":{"_":"{{ m }}:{{ s }}"},"callDurationHours":{"_":"{{ h }}:{{ m }}:{{ s}}"},"suggestionMatches":{"_":"{[ plural(n) ]}","_[one]":"{{ n }} match for \"{{ matchNumber }}\"","_[two]":"{{ n }} matches for \"{{ matchNumber }}\"","_[few]":"{{ n }} matches for \"{{ matchNumber }}\"","_[many]":"{{ n }} matches for \"{{ matchNumber }}\"","_[other]":"{{ n }} matches for \"{{ matchNumber }}\""},"scCallBarring":{"_":"Call barring"},"scCallForwarding":{"_":"Call forwarding"},"scClip":{"_":"Incoming Caller ID"},"scClir":{"_":"Outgoing Caller ID"},"scPwd":{"_":"Password change"},"scCallWaiting":{"_":"Call waiting"},"scPin":{"_":"PIN change"},"scPin2":{"_":"PIN2 change"},"scPuk":{"_":"Unblock PIN"},"scPuk2":{"_":"Unblock PIN2"},"scImei":{"_":"IMEI"},"scUssd":{"_":"USSD"},"serviceClassVoice":{"_":"Voice"},"serviceClassData":{"_":"Data"},"serviceClassFax":{"_":"FAX"},"serviceClassSms":{"_":"SMS"},"serviceClassDataSync":{"_":"Sync"},"serviceClassDataAsync":{"_":"Async"},"serviceClassPacket":{"_":"Packet"},"serviceClassPad":{"_":"PAD"},"smServiceEnabled":{"_":"Service was enabled"},"smServiceDisabled":{"_":"Service has been disabled"},"smServiceRegistered":{"_":"Registration was successful"},"smServiceErased":{"_":"Erasure was successful"},"smServiceInterrogated":{"_":"Request was successful"},"smServiceNotProvisioned":{"_":"Service not provisioned"},"smClirPermanent":{"_":"You can not change the caller ID setting"},"smClirDefaultOnNextCallOn":{"_":"Caller ID defaults to restricted. Next call: Restricted"},"smClirDefaultOnNextCallOff":{"_":"Caller ID defaults to restricted. Next call: Not restricted"},"smClirDefaultOffNextCallOn":{"_":"Caller ID defaults to not restricted. Next call: Restricted"},"smClirDefaultOffNextCallOff":{"_":"Caller ID defaults to not restricted. Next call: Not restricted"},"smServiceEnabledFor":{"_":"Service was enabled for:"},"smPinChanged":{"_":"PIN successfully changed"},"smPinUnblocked":{"_":"PIN successfully unblocked"},"smPin2Changed":{"_":"PIN2 successfully changed"},"smPin2Unblocked":{"_":"PIN2 successfully unblocked"},"emMmiError":{"_":"Connection problem or invalid MMI code"},"emMmiErrorPasswordIncorrect":{"_":"Incorrect Password"},"emMmiErrorNotSupported":{"_":"Invalid or Unsupported MMI Code"},"emMmiErrorInvalidAction":{"_":"Invalid action"},"emMmiErrorInvalidScCode":{"_":"Invalid service code"},"emMmiErrorBadPuk":{"_":"The PUK you typed is not correct"},"emMmiErrorBadPin":{"_":"The old PIN you typed is not correct."},"emMmiErrorNeedPuk2":{"_":"Type PUK2 to unblock SIM card"},"emMmiErrorMismatchPin":{"_":"The PINs you typed do not match"},"emMmiErrorInvalidPin":{"_":"Type a PIN that is 4 to 8 numbers"},"emMmiErrorNeedsPuk":{"_":"Your SIM card is PUK-locked"},"emMmiErrorEnablePin":{"_":"Unsuccessful. Enable SIM/RUIM LOCK"},"emMmiErrorMmiFdn":{"_":"Operation is restricted to fixed dialing numbers only"},"emMmiErrorStkCcUssdDial":{"_":"USSD request is modified to DIAL request"},"emMmiErrorStkCcUssdSs":{"_":"USSD request is modified to SS request"},"emMmiErrorStkCcUssdUssd":{"_":"USSD request is modified to new USSD request"},"emMmiErrorStkCcSsDial":{"_":"SS request is modified to DIAL request"},"emMmiErrorStkCcSsUssd":{"_":"SS request is modified to USSD request"},"emMmiErrorStkCcSsSs":{"_":"SS request is modified to new SS request"},"emMmiErrorPinPukAttempts":{"_":"{[ plural(n) ]}","_[one]":"Only {{ n }} retry left","_[two]":"{{ n }} retries left","_[few]":"{{ n }} retries left","_[many]":"{{ n }} retries left","_[other]":"{{ n }} retries left"},"emMmiErrorSimBlocked":{"_":"Maximum number of retries exceeded. SIM blocked"},"RadioNotAvailable":{"_":"Radio not available"},"GenericFailure":{"_":"Generic failure"},"PasswordIncorrect":{"_":"Password incorrect"},"SimPin2":{"_":"SIM PIN2"},"SimPuk2":{"_":"SIM PUK2"},"RequestNotSupported":{"_":"Request not supported"},"OpNotAllowedDuringVoiceCall":{"_":"Operation not allowed during voice call"},"SmsSendFailRetry":{"_":"SMS send fail retry"},"SimAbsent":{"_":"SIM absent"},"SubscriptionNotAvailable":{"_":"Subscription not available"},"ModeNotSupported":{"_":"Mode not supported"},"FdnCheckFailure":{"_":"Fdn check failure"},"IllegalSimOrMe":{"_":"Illegal SIM or ME"},"DialModifiedToUssd":{"_":"Dial modified to USSD"},"DialModifiedToSs":{"_":"Dial modified to SS"},"DialModifiedToDial":{"_":"Dial modified to dial"},"UssdModifiedToDial":{"_":"USSD modified to dial"},"UssdModifiedToSs":{"_":"USSD modified to SS"},"UssdModifiedToUssd":{"_":"USSD modified to USSD"},"SsModifiedToDial":{"_":"SS modified to dial"},"SsModifiedToUssd":{"_":"SS modified to USSD"},"SsModifiedToSs":{"_":"SS modified to SS"},"SubscriptionNotSupported":{"_":"Subscription not supported"},"InvalidParameter":{"_":"Invalid parameter"},"RejectedByRemote":{"_":"Rejected by remote"},"group-call":{"_":"{[ plural(n) ]}","_[one]":"Group call ({{ n }})","_[two]":"Group call ({{ n }})","_[few]":"Group call ({{ n }})","_[many]":"Group call ({{ n }})","_[other]":"Group call ({{ n }})"},"caller-left-call":{"_":"{{ caller }} has left the call."},"conferenceAddError":{"_":"Unable to merge calls"},"conferenceRemoveError":{"_":"Unable to unmerge calls"},"longDateFormat":{"_":"%A, %B %e"},"select-audio-sources":{"_":"Select audio sources"},"bluetooth-handsfree-device":{"_":"Bluetooth handsfree device"},"receiver":{"_":"Receiver"},"speaker":{"_":"Speaker"},"add":{"_":"Add"},"back":{"_":"Back"},"done":{"_":"Done"},"ok":{"_":"OK"},"update":{"_":"Update"},"retry":{"_":"Retry"},"contacts":{"_":"Contacts"},"addContact":{"_":"Add contact"},"deleteContact":{"_":"Delete contact"},"selectContact":{"_":"Select contact"},"editContact":{"_":"Edit contact"},"deleteConfirmMsg":{"_":"Delete contact?"},"remove":{"_":"Remove"},"comments":{"_":"Comments"},"no_contact_phones":{"_":"This contact does not have a phone number"},"no_contact_email":{"_":"This contact does not have an email address"},"removePhotoConfirm":{"_":"Remove contact picture?"},"loadingContacts":{"_":"Loading contacts…"},"noContactsActivity":{"_":"Cannot add to contact as your contact list is empty"},"noName":{"_":"No name"},"givenName":{"placeholder":"Name"},"familyName":{"placeholder":"Last name"},"tel":{"placeholder":"Phone"},"carrier":{"_":"Carrier","placeholder":"Carrier"},"separator":{"_":","},"email":{"_":"Email","placeholder":"Email"},"streetAddress":{"placeholder":"Street"},"postalCode":{"placeholder":"Zip code"},"locality":{"placeholder":"City"},"countryName":{"placeholder":"Country"},"comment":{"placeholder":"Comment"},"org":{"placeholder":"Company"},"custom":{"placeholder":"Custom","_":"Custom tag"},"date":{"_":"Date","placeholder":"Date"},"birthday":{"_":"Birthday"},"dateFormat":{"_":"%B %e"},"dateOutput":{"_":"{{dayMonthFormatted}} {{year}}"},"anniversary":{"_":"Anniversary"},"addPhoto":{"_":"Add Picture"},"addPhone":{"_":"Add Phone"},"addEmail":{"_":"Add Email"},"addAddress":{"_":"Add Address"},"addDate":{"_":"Add Date"},"addComment":{"_":"Add Comment"},"addFavorite":{"_":"Add as Favorite"},"removeFavorite":{"_":"Remove as Favorite"},"label":{"_":"Label"},"mobile":{"_":"Mobile"},"home":{"_":"Home"},"work":{"_":"Work"},"personal":{"_":"Personal"},"faxHome":{"_":"Fax home"},"faxOffice":{"_":"Fax office"},"faxOther":{"_":"Fax other"},"another":{"_":"Another"},"other":{"_":"Other"},"current":{"_":"Current"},"itemWithLabel":{"_":"{{label}}, {{item}}"},"exit":{"_":"Exit"},"expand":{"_":"Expand"},"labelName":{"_":"Name:"},"labelLastName":{"_":"Last name:"},"labelPhoneNumber":{"_":"Phone number:"},"labelCarrier":{"_":"Carrier:"},"labelEmail":{"_":"Email:"},"labelStreet":{"_":"Street:"},"labelZip":{"_":"Zip code:"},"labelCity":{"_":"City:"},"labelCountry":{"_":"Country:"},"labelComment":{"_":"Comment:"},"legendTitleMain":{"_":"Main information"},"legendPhones":{"_":"Phone numbers"},"legendEmail":{"_":"Email address"},"legendAddress":{"_":"Address"},"search-contact":{"placeholder":"Search"},"noResults":{"_":"No contacts found"},"transferContactsTitle":{"_":"Transfer Contacts"},"importContactsTitle":{"_":"Import Contacts"},"importContactsButton":{"_":"Import Contacts"},"exportContactsTitle":{"_":"Export Contacts"},"exportContactsButton":{"_":"Export Contacts"},"exportContactsAction":{"_":"Export"},"simExport-title":{"_":"Export to SIM"},"sdExport-title":{"_":"Export to SD Card"},"btExport-title":{"_":"Export to Bluetooth"},"sdUMSEnabled":{"_":"Cannot use SD Card because USB storage is enabled"},"exportErrorTitle":{"_":"Export error"},"contactsExported2":{"_":"{[ plural(exported) ]}","_[zero]":"No contacts exported","_[one]":"{{exported}}/{{total}} contacts exported","_[two]":"{{exported}}/{{total}} contacts exported","_[few]":"{{exported}}/{{total}} contacts exported","_[many]":"{{exported}}/{{total}} contacts exported","_[other]":"{{exported}}/{{total}} contacts exported"},"exportError-general":{"_":"Some error happened while exporting"},"exportError-SD-shared":{"_":"Can’t access memory card because it’s shared"},"exportError-SD-unavailable":{"_":"Memory card is not available"},"exportError-SD-noSpace":{"_":"There’s not enough space on the memory card to export the contacts"},"exportError-SIM-unavailable":{"_":"SIM card is not available"},"exportError-BT-shared":{"_":"Can’t access memory card because it’s shared"},"exportError-BT-unavailable":{"_":"Memory card is not available"},"exportError-BT-noSpace":{"_":"There’s not enough space on the memory card to export the contacts"},"simContacts-import":{"_":"Import SIM contacts"},"simContacts-importing":{"_":"Importing SIM contacts…"},"simContacts-reading":{"_":"Reading from SIM card…"},"simContacts-error":{"_":"Could not import contacts from SIM"},"simContacts-imported3":{"_":"{[ plural(n) ]}","_[zero]":"No contacts detected on SIM to import","_[one]":"Imported one contact","_[two]":"Imported {{n}} contacts","_[few]":"Imported {{n}} contacts","_[many]":"Imported {{n}} contacts","_[other]":"Imported {{n}} contacts"},"noSimMsg":{"_":"To import contacts insert or unlock your SIM card"},"noSimMsgExport":{"_":"To export contacts insert or unlock your SIM card"},"simNumber":{"_":"SIM {{number}}"},"memoryCardContacts-import":{"_":"Import contacts from memory card"},"memoryCardContacts-importing":{"_":"Importing contacts from memory card…"},"memoryCardContacts-reading":{"_":"Reading from memory card…"},"memoryCardContacts-error":{"_":"Could not import contacts from memory card"},"memoryCardContacts-imported3":{"_":"{[ plural(n) ]}","_[zero]":"No contacts detected on memory card to import","_[one]":"Imported one contact","_[two]":"Imported {{n}} contacts","_[few]":"Imported {{n}} contacts","_[many]":"Imported {{n}} contacts","_[other]":"Imported {{n}} contacts"},"noMemoryCardMsg":{"_":"To import contacts insert a memory card"},"noMemoryCardMsgExport":{"_":"To export contacts insert a memory card"},"genericProgress":{"_":"{{current}}/{{total}}"},"social-network":{"_":"Social networks"},"social-link":{"_":"Link contact"},"social-unlink":{"_":"Unlink contact"},"social-unlink-confirm-title":{"_":"Do you want to unlink your friend?"},"social-unlink-confirm-accept":{"_":"Unlink"},"facebook-import":{"_":"Import Facebook friends"},"show-fb-profile":{"_":"View Facebook profile"},"msg-send":{"_":"Message"},"wall-post":{"_":"Wall post"},"facebook":{"_":"Facebook"},"facebook-import-msg":{"_":"{[ plural(imported) ]}","_[zero]":"No friends imported (out of {{total}})","_[one]":"One friend imported (out of {{total}})","_[two]":"{{imported}}/{{total}} friends imported","_[few]":"{{imported}}/{{total}} friends imported","_[many]":"{{imported}}/{{total}} friends imported","_[other]":"{{imported}}/{{total}} friends imported"},"otherAccount":{"_":"Other accounts"},"facebookSwitchMsg":{"_":"Sync friends"},"select_mobile":{"_":"Select mobile"},"select_email":{"_":"Select email"},"contactsOrderBy":{"_":"Order by last name"},"importSim2":{"_":"SIM card"},"importMemoryCard":{"_":"Memory card"},"importGmail":{"_":"Gmail"},"bluetooth":{"_":"Bluetooth"},"importOutlook":{"_":"Outlook"},"fbUpdateFriends":{"_":"Update imported friends"},"cleaningFbData":{"_":"Removing Facebook data"},"loggingOutFb":{"_":"Logging out from Facebook"},"cleanFbConfirmMsg":{"_":"Remove all Facebook data?"},"renewPwdMsg":{"_":"Your password in Facebook has changed. Please, update it."},"noConnection11":{"_":"To import Facebook friends or contacts connect to Wi-Fi or data network"},"notEnabledYet":{"_":"Not enabled yet"},"genericNoConnection":{"_":"To import contacts connect to Wi-Fi or data network"},"simCard":{"_":"SIM card"},"memoryCard":{"_":"Memory card"},"create-new":{"_":"Create a new contact"},"import-now":{"_":"Import your contacts from SIM card or Facebook"},"no-contacts":{"_":"No contacts"},"start-adding":{"_":"Start adding them now"},"notImported":{"_":"Not imported"},"imported":{"_":"Imported"},"messageCanceling":{"_":"Please hold on. We are canceling the ongoing operation."},"organise-contacts":{"_":"Organize Contacts"},"find-merge-contacts":{"_":"Find duplicate contacts"},"preparing-contacts":{"_":"Preparing contacts"},"exportError-SIM-NoFreeRecordFound":{"_":"SIM Card is full"},"exportError-SIM-CannotAccessPhoneBook":{"_":"Cannot access SIM card's phone book"},"exportError-SIM-Unavailable":{"_":"No SIM detected"},"exportError-SIM-GenericError":{"_":"An error occurred while exporting a contact"},"callAirplaneModeMessage":{"_":"To make a call you need to disable airplane mode in settings."},"callAirplaneModeBtnOk":{"_":"OK"},"callAirplaneModeTitle":{"_":"Airplane mode activated"},"numberIsBusyTitle":{"_":"Number is busy"},"numberIsBusyMessage":{"_":"The number is currently busy. Please try again later."},"fdnIsEnabledTitle":{"_":"FDN active"},"fdnIsEnabledMessage":{"_":"This number is blocked as it is not in your list of authorized numbers."},"voiceMail":{"_":"Voicemail"},"emergencyNumber":{"_":"Emergency number"},"emergencyDialogBodyBadNumber":{"_":"To make a call, the phone must be connected to a network."},"emergencyDialogBodyDeviceNotAccepted":{"_":"Emergency calls are not allowed by the network."},"emergencyDialogBtnOk":{"_":"OK"},"emergencyDialogTitle":{"_":"No network connection"},"invalidNumberToDialTitle":{"_":"Invalid phone number"},"invalidNumberToDialMessage":{"_":"The phone number you are calling is not valid."},"unableToCallTitle":{"_":"Unable to make a phone call now"},"unableToCallMessage":{"_":"Cannot make a call. If you are already dialing, please hang up first."},"otherConnectionInUseTitle":{"_":"Other connection in use"},"otherConnectionInUseMessage":{"_":"You have an active call on another connection. You can only use one connection at a time."},"weekday-0-long":{"_":"Sunday"},"weekday-1-long":{"_":"Monday"},"weekday-2-long":{"_":"Tuesday"},"weekday-3-long":{"_":"Wednesday"},"weekday-4-long":{"_":"Thursday"},"weekday-5-long":{"_":"Friday"},"weekday-6-long":{"_":"Saturday"},"weekday-0-short":{"_":"Sun"},"weekday-1-short":{"_":"Mon"},"weekday-2-short":{"_":"Tue"},"weekday-3-short":{"_":"Wed"},"weekday-4-short":{"_":"Thu"},"weekday-5-short":{"_":"Fri"},"weekday-6-short":{"_":"Sat"},"month-0-long":{"_":"January"},"month-1-long":{"_":"February"},"month-2-long":{"_":"March"},"month-3-long":{"_":"April"},"month-4-long":{"_":"May"},"month-5-long":{"_":"June"},"month-6-long":{"_":"July"},"month-7-long":{"_":"August"},"month-8-long":{"_":"September"},"month-9-long":{"_":"October"},"month-10-long":{"_":"November"},"month-11-long":{"_":"December"},"month-0-genitive":{"_":"January"},"month-1-genitive":{"_":"February"},"month-2-genitive":{"_":"March"},"month-3-genitive":{"_":"April"},"month-4-genitive":{"_":"May"},"month-5-genitive":{"_":"June"},"month-6-genitive":{"_":"July"},"month-7-genitive":{"_":"August"},"month-8-genitive":{"_":"September"},"month-9-genitive":{"_":"October"},"month-10-genitive":{"_":"November"},"month-11-genitive":{"_":"December"},"month-0-short":{"_":"Jan"},"month-1-short":{"_":"Feb"},"month-2-short":{"_":"Mar"},"month-3-short":{"_":"Apr"},"month-4-short":{"_":"May"},"month-5-short":{"_":"Jun"},"month-6-short":{"_":"Jul"},"month-7-short":{"_":"Aug"},"month-8-short":{"_":"Sep"},"month-9-short":{"_":"Oct"},"month-10-short":{"_":"Nov"},"month-11-short":{"_":"Dec"},"minutes-ago-long":{"_":"{[ plural(value) ]}","_[zero]":"just now","_[one]":"a minute ago","_[two]":"{{value}} minutes ago","_[few]":"{{value}} minutes ago","_[many]":"{{value}} minutes ago","_[other]":"{{value}} minutes ago"},"hours-ago-long":{"_":"{[ plural(value) ]}","_[zero]":"just now","_[one]":"an hour ago","_[two]":"{{value}} hours ago","_[few]":"{{value}} hours ago","_[many]":"{{value}} hours ago","_[other]":"{{value}} hours ago"},"days-ago-long":{"_":"{[ plural(value) ]}","_[zero]":"today","_[one]":"yesterday","_[two]":"{{value}} days ago","_[few]":"{{value}} days ago","_[many]":"{{value}} days ago","_[other]":"{{value}} days ago"},"weeks-ago-long":{"_":"{[ plural(value) ]}","_[zero]":"this week","_[one]":"last week","_[two]":"{{value}} weeks ago","_[few]":"{{value}} weeks ago","_[many]":"{{value}} weeks ago","_[other]":"{{value}} weeks ago"},"months-ago-long":{"_":"{[ plural(value) ]}","_[zero]":"this month","_[one]":"last month","_[two]":"{{value}} months ago","_[few]":"{{value}} months ago","_[many]":"{{value}} months ago","_[other]":"{{value}} months ago"},"years-ago-long":{"_":"{[ plural(value) ]}","_[zero]":"this year","_[one]":"last year","_[two]":"{{value}} years ago","_[few]":"{{value}} years ago","_[many]":"{{value}} years ago","_[other]":"{{value}} years ago"},"minutes-until-long":{"_":"{[ plural(value) ]}","_[zero]":"now","_[one]":"in a minute","_[two]":"in {{value}} minutes","_[few]":"in {{value}} minutes","_[many]":"in {{value}} minutes","_[other]":"in {{value}} minutes"},"hours-until-long":{"_":"{[ plural(value) ]}","_[zero]":"now","_[one]":"in an hour","_[two]":"in {{value}} hours","_[few]":"in {{value}} hours","_[many]":"in {{value}} hours","_[other]":"in {{value}} hours"},"days-until-long":{"_":"{[ plural(value) ]}","_[zero]":"today","_[one]":"tomorrow","_[two]":"in {{value}} days","_[few]":"in {{value}} days","_[many]":"in {{value}} days","_[other]":"in {{value}} days"},"weeks-until-long":{"_":"{[ plural(value) ]}","_[zero]":"this week","_[one]":"next week","_[two]":"in {{value}} weeks","_[few]":"in {{value}} weeks","_[many]":"in {{value}} weeks","_[other]":"in {{value}} weeks"},"months-until-long":{"_":"{[ plural(value) ]}","_[zero]":"this month","_[one]":"next month","_[two]":"in {{value}} months","_[few]":"in {{value}} months","_[many]":"in {{value}} months","_[other]":"in {{value}} months"},"years-until-long":{"_":"{[ plural(value) ]}","_[zero]":"this year","_[one]":"next year","_[two]":"in {{value}} years","_[few]":"in {{value}} years","_[many]":"in {{value}} years","_[other]":"in {{value}} years"},"minutes-ago-short":{"_":"{[ plural(value) ]}","_[zero]":"just now","_[other]":"{{value}}m ago"},"hours-ago-short":{"_":"{[ plural(value) ]}","_[zero]":"just now","_[other]":"{{value}}h ago"},"days-ago-short":{"_":"{[ plural(value) ]}","_[zero]":"today","_[other]":"{{value}}d ago"},"minutes-until-short":{"_":"{[ plural(value) ]}","_[zero]":"now","_[other]":"in {{value}}m"},"hours-until-short":{"_":"{[ plural(value) ]}","_[zero]":"now","_[other]":"in {{value}}h"},"days-until-short":{"_":"{[ plural(value) ]}","_[zero]":"today","_[other]":"in {{value}}d"},"incorrectDate":{"_":"(incorrect date)"},"dateTimeFormat_%c":{"_":"%a %b %e %Y %I:%M:%S %p"},"dateTimeFormat_%x":{"_":"%m/%d/%Y"},"dateTimeFormat_%X":{"_":"%I:%M:%S %p"},"shortTimeFormat":{"_":"%I:%M %p"},"shortDateTimeFormat":{"_":"%x %I:%M %p"},"weekStartsOnMonday":{"_":"0"},"time_am":{"_":"AM"},"time_pm":{"_":"PM"}}