{"topup-confirmation-title2":{"_":"الاستخدام"},"topup-confirmation-message":{"_":"تم تأكيد شحن الرصيد."},"topup-incorrectcode-title2":{"_":"الاستخدام"},"topup-incorrectcode-message3":{"_":"Incorrect top-up code entered."},"updating":{"_":"تحديث"},"updating-ellipsis":{"_":"Updating…"},"yesterday":{"_":"الأمس"},"today":{"_":"اليوم"},"never":{"_":"أبداً"},"magnitude":{"_":"{{value}} {{unit}}"},"currency":{"_":"{{currency}}{{value}}"},"widget":{"_":"اداة المُستخدم"},"widget-authed-sim-heading":{"_":"تم ادخال SIM جديدة لـ {{carrier}}"},"widget-authed-sim-meta":{"_":"انقر لتتبع استخدامك لهاتفك وللإنترنت."},"widget-nonauthed-sim-heading":{"_":"تم إدخال SIM جديدة"},"widget-nonauthed-sim-meta":{"_":"انقر لتتبع استخدامك للإنترنت."},"widget-no-sim2-heading":{"_":"لا توجد بطاقة SIM مُدخلة"},"widget-no-sim2-meta":{"_":"Insert a SIM to enable Usage."},"widget-sim-locked-heading":{"_":"Locked SIM card"},"widget-sim-locked-meta":{"_":"Unlock your SIM to enable Usage."},"fte":{"_":"تجربة المُستخدم لاول مرة"},"fte-authed-sim":{"_":"وفِّر المال عن طريق تتبع استخدامك لهاتفك وللإنترنت."},"fte-nonauthed-sim":{"_":"وفِّر المال عن طريق تتبع استخدامك للإنترنت."},"fte-no-sim":{"_":"اِحصل على معلومات واضحة عن مدى استخدامك للإنترنت."},"fte-sim-info2":{"_":"Information shown on Usage comes directly from this device. Check with your mobile service provider for detailed account information."},"fte-plantype-title":{"_":"نوع العقد"},"fte-plantype-hint":{"_":"اختر نوع عقدك مع مُزود خدمة الجوّال"},"fte-prepaid2-title":{"_":"تنبيه رصيد منخفض"},"fte-prepaid2-hint":{"_":"أعِّد تنبيه لتجنب نفاذ رصيدك."},"fte-prepaid3-title":{"_":"تقرير البيانات والتنبيهات"},"fte-prepaid3-hint":{"_":"إحصُل على تقارير استخدام الانترنت وأعِّد تنبيه لتجنب استخدامها بصورة كبيرة."},"fte-postpaid2-title":{"_":"تقرير الاتصال والبيانات"},"fte-postpaid2-hint":{"_":"إحصُل على تقارير استخدام الانترنت."},"fte-postpaid3-title":{"_":"تنبيه البيانات"},"fte-postpaid3-hint":{"_":"أعِّد تنبيه لتجنب استخدام البيانات بصورة كبيرة."},"fte-onlydata2-title":{"_":"تقرير البيانات"},"fte-onlydata2-hint":{"_":"إحصُل على تقارير استخدام الانترنت."},"fte-onlydata3-title":{"_":"تنبيه البيانات"},"fte-onlydata3-hint":{"_":"أعِّد تنبيه لتجنب استخدام البيانات بصورة كبيرة."},"phone-activity":{"_":"نشاطات الجوّال"},"balance":{"_":"رصيد الحساب"},"on-roaming-message2":{"_":"Roaming: no automatic balance update. You might be charged for updating manually."},"balance-error-message2":{"_":"Balance didn’t update correctly. Try updating manually."},"airplane-mode-error-message2":{"_":"Turn off airplane mode to update your balance or top up."},"disable-airplane-mode":{"_":"هل تريد إيقاف وضع الطيران للتحديث أو اضافة رصيد جديد؟"},"no-coverage-error-message2":{"_":"You need phone coverage to update your balance or top up."},"top-up":{"_":"شحن الرصيد"},"enter-top-up-code":{"_":"أدخل كود شحن الرصيد"},"top-up-code-explanation2":{"_":"Find it on the scratch card or directly in your receipt."},"wait-for-confirmation":{"_":"سوف تتلقى رسالة تأكيد"},"incorrect-code2":{"_":"Make sure the code is correct and try again."},"topup-error2":{"_":"There was a problem sending the code. Please, try again."},"application-error-title":{"_":"الخدمة غير متوفرة"},"application-error-message":{"_":"الاتصال بممثل الشركة."},"service-unavailable-title":{"_":"الخدمة غير متوفرة"},"service-unavailable-message":{"_":"التحديث وشحن الرصيد غير ممكنان حاليا. رجاء حاول لاحقا."},"data-usage":{"_":"استخدام البيانات"},"update-button":{"_":"تحديث"},"topup-button2":{"_":"Use top-up code"},"topup-ussd-button2":{"_":"Open top-up menu"},"ok":{"_":"حسنا"},"top-up-in-progress2":{"_":"Your top-up is being processed."},"top-up-timed-out2":{"_":"Update your balance to confirm. If balance is unchanged, try topping up again."},"on-topup-not-confirmed-title":{"_":"لم يتم تأكيد شحن الرصيد."},"on-topup-not-confirmed-message":{"_":"حاول تحديث رصيدك أو أعد شحنه مجددا."},"send":{"_":"إرسال"},"plantype-setup-title":{"_":"خطة هاتفي واتصالي بالإنترنت هي"},"prepaid":{"_":"مدفوع مسبقا"},"postpaid":{"_":"الدفع مؤجلا"},"phoneactivity":{"_":"نشاطات الجوّال"},"short-date-format":{"_":"%b, %d"},"sms-sent":{"_":"رسالة مُرسلة"},"call-made":{"_":"تم الإتصال"},"settings":{"_":"الإعدادات"},"low-balance-alert":{"_":"تنبيه رصيد منخفض"},"low-balance-explanation2":{"_":"When balance is below"},"phone-and-internet-data-report":{"_":"تقرير بيانات الجوّال والإنترنت"},"starting-on":{"_":"ابتداء من"},"cancel":{"_":"إلغاء"},"set":{"_":"ضبط"},"set-day":{"_":"ضبط اليوم"},"set-date":{"_":"ضبط التاريخ"},"monthly":{"_":"شهريا"},"weekly":{"_":"أسبوعيا"},"monday":{"_":"الإثنين"},"tuesday":{"_":"الثلاثاء"},"wednesday":{"_":"الأربعاء"},"thursday":{"_":"الخميس"},"friday":{"_":"الجمعة"},"saturday":{"_":"السبت"},"sunday":{"_":"الأحد"},"monday-abbr":{"_":"إثنين"},"tuesday-abbr":{"_":"ثلاثاء"},"wednesday-abbr":{"_":"أربعاء"},"thursday-abbr":{"_":"خميس"},"friday-abbr":{"_":"جمعة"},"saturday-abbr":{"_":"سبت"},"sunday-abbr":{"_":"أحد"},"billing-cycle-ends":{"_":"دورة الفوترة تنتهي"},"tracking-will-reset":{"_":"سيتم استرداد التتبع إلى تاريخ"},"yes":{"_":"نعم"},"done":{"_":"تم"},"confirmation":{"_":"تأكيد"},"reset-confirmation-warning":{"_":"سيتم حذف كل البيانات الحالية، هل أنت متأكد من الاسترداد؟"},"reset":{"_":"إعادة ضبط"},"reset-wifi":{"_":"Reset Wi-Fi usage"},"reset-mobile":{"_":"Reset mobile usage"},"reset-all-data-usage":{"_":"Reset mobile & Wi-Fi data"},"not-set":{"_":"غير محددة"},"used":{"_":"مُستعمل"},"limit-passed":{"_":"تم تجاوز الحدّ"},"limit":{"_":"الحد"},"data-limit-header":{"_":"حد إستخدام البيانات"},"data-limit-alert":{"_":"تنبيه إستخدام المعلومات"},"data-limit-value2":{"_":"When use is above"},"data-limit-dialog-title2":{"_":"أدخل تنبيه حد البيانات"},"data-limit-dialog-explanation2":{"_":"سيتم تخفيض سرعة الاتصال عند وصول الحد. تحقق من موزد بياناتك لوضع الحد المناسب للتنبيه."},"wifi-usage":{"_":"استخدام الواي فاي"},"mobile-usage":{"_":"استخدام الجوّال"},"wifi-usage-settings":{"_":"Wi-Fi usage"},"mobile-usage-settings":{"_":"Mobile usage"},"im-prepaid":{"_":"مدفوع مسبقا"},"im-postpaid":{"_":"الدفع مؤجلا"},"reset-data-usage":{"_":"Reset data usage"},"reset-report":{"_":"استرداد التقرير"},"next":{"_":"التالي"},"back":{"_":"العودة"},"lets-go":{"_":"هيا بنا!"},"alert":{"_":"تنبيه"},"alert-limit":{"_":"حد التنبيه"},"fte-welcome-title":{"_":"مرحبا"},"data-limit-notification-title2":{"_":"{{limit}} of data used"},"data-limit-notification-text2":{"_":"You’ve reached the limit you selected"},"low-balance-notification-title":{"_":"رصيد منخفض"},"low-balance-notification-text":{"_":"{{remaining}} رصيد متبقي"},"zero-balance-message":{"_":"رصيدك صفر، لا يوجد رصيد في جوّالك"},"not-available":{"_":"غير متوفر"},"usage":{"_":"الاستخدام"},"internet":{"_":"Internet"},"phone":{"_":"الهاتف"},"loading-interface-data":{"_":"Loading interface data. Please retry in a while."},"chart-date-format":{"_":"%b %e"},"verbose-chart-date-format":{"_":"{{em-month}} {{monthday-number}}"},"day-hour-format":{"_":"{{day}}, {{time}}"},"B":{"_":"B"},"KB":{"_":"KB"},"MB":{"_":"MB"},"GB":{"_":"GB"},"telephony":{"_":"مهاتفة"},"tracking-period-setup-title":{"_":"إعادة ضبط التتبع"},"weekday-reset-setup-title":{"_":"حدد يوم بداية المدة"},"reset-monthday-setup-title":{"_":"حدد تاريخ بداية المدة"},"3g-data-usage":{"_":"استخدام معلومات 3G"},"3g-usage":{"_":"استخدام معلومات 3G"},"select-plan-type":{"_":"اختر نوع خطك"},"im-prepaid-controle":{"_":"مدفوع مسبقا/تحكم"},"set-balance-reminders":{"_":"تعيين تذكيرات الرصيد"},"set-internet-report":{"_":"تعيين تذكيرات و تقارير الانترنت"},"set-internet-reminders":{"_":"تعيين تذكيرات الانترنت"},"set-a-data-use-reminder":{"_":"تعيين تذكير استخدام البيانات"},"set-data-report-and-reminder":{"_":"تعيين تذكير تقرير البيانات"},"set-internet-data-report":{"_":"تعيين تقرير بيانات الانترنت"},"reset-tracking":{"_":"استرداد التتبع"},"fte-welcome-message":{"_":"ابدء تتبع جوّالك و استخدام البيانات."},"new-sim-inserted":{"_":"تم إدخال SIM جديدة"},"new-sim-inserted-carrier":{"_":"تم ادخال SIM جديدة لـ {{carrier}}"},"new-sim-inserted-all-available":{"_":"اعداد تقرير بيانات الجوّال والإنترنت"},"new-sim-inserted-only-data-available":{"_":"تقرير الجوّال غير متوفر، أعد تقرير بيانات"},"weekday-0-long":{"_":"Sunday"},"weekday-1-long":{"_":"Monday"},"weekday-2-long":{"_":"Tuesday"},"weekday-3-long":{"_":"Wednesday"},"weekday-4-long":{"_":"Thursday"},"weekday-5-long":{"_":"Friday"},"weekday-6-long":{"_":"Saturday"},"weekday-0-short":{"_":"Sun"},"weekday-1-short":{"_":"Mon"},"weekday-2-short":{"_":"Tue"},"weekday-3-short":{"_":"Wed"},"weekday-4-short":{"_":"Thu"},"weekday-5-short":{"_":"Fri"},"weekday-6-short":{"_":"Sat"},"month-0-long":{"_":"January"},"month-1-long":{"_":"February"},"month-2-long":{"_":"March"},"month-3-long":{"_":"April"},"month-4-long":{"_":"May"},"month-5-long":{"_":"June"},"month-6-long":{"_":"July"},"month-7-long":{"_":"August"},"month-8-long":{"_":"September"},"month-9-long":{"_":"October"},"month-10-long":{"_":"November"},"month-11-long":{"_":"December"},"month-0-genitive":{"_":"January"},"month-1-genitive":{"_":"February"},"month-2-genitive":{"_":"March"},"month-3-genitive":{"_":"April"},"month-4-genitive":{"_":"May"},"month-5-genitive":{"_":"June"},"month-6-genitive":{"_":"July"},"month-7-genitive":{"_":"August"},"month-8-genitive":{"_":"September"},"month-9-genitive":{"_":"October"},"month-10-genitive":{"_":"November"},"month-11-genitive":{"_":"December"},"month-0-short":{"_":"Jan"},"month-1-short":{"_":"Feb"},"month-2-short":{"_":"Mar"},"month-3-short":{"_":"Apr"},"month-4-short":{"_":"May"},"month-5-short":{"_":"Jun"},"month-6-short":{"_":"Jul"},"month-7-short":{"_":"Aug"},"month-8-short":{"_":"Sep"},"month-9-short":{"_":"Oct"},"month-10-short":{"_":"Nov"},"month-11-short":{"_":"Dec"},"minutes-ago-long":{"_":"{[ plural(value) ]}","_[zero]":"just now","_[one]":"a minute ago","_[two]":"{{value}} minutes ago","_[few]":"{{value}} minutes ago","_[many]":"{{value}} minutes ago","_[other]":"{{value}} minutes ago"},"hours-ago-long":{"_":"{[ plural(value) ]}","_[zero]":"just now","_[one]":"an hour ago","_[two]":"{{value}} hours ago","_[few]":"{{value}} hours ago","_[many]":"{{value}} hours ago","_[other]":"{{value}} hours ago"},"days-ago-long":{"_":"{[ plural(value) ]}","_[zero]":"today","_[one]":"yesterday","_[two]":"{{value}} days ago","_[few]":"{{value}} days ago","_[many]":"{{value}} days ago","_[other]":"{{value}} days ago"},"weeks-ago-long":{"_":"{[ plural(value) ]}","_[zero]":"this week","_[one]":"last week","_[two]":"{{value}} weeks ago","_[few]":"{{value}} weeks ago","_[many]":"{{value}} weeks ago","_[other]":"{{value}} weeks ago"},"months-ago-long":{"_":"{[ plural(value) ]}","_[zero]":"this month","_[one]":"last month","_[two]":"{{value}} months ago","_[few]":"{{value}} months ago","_[many]":"{{value}} months ago","_[other]":"{{value}} months ago"},"years-ago-long":{"_":"{[ plural(value) ]}","_[zero]":"this year","_[one]":"last year","_[two]":"{{value}} years ago","_[few]":"{{value}} years ago","_[many]":"{{value}} years ago","_[other]":"{{value}} years ago"},"minutes-until-long":{"_":"{[ plural(value) ]}","_[zero]":"now","_[one]":"in a minute","_[two]":"in {{value}} minutes","_[few]":"in {{value}} minutes","_[many]":"in {{value}} minutes","_[other]":"in {{value}} minutes"},"hours-until-long":{"_":"{[ plural(value) ]}","_[zero]":"now","_[one]":"in an hour","_[two]":"in {{value}} hours","_[few]":"in {{value}} hours","_[many]":"in {{value}} hours","_[other]":"in {{value}} hours"},"days-until-long":{"_":"{[ plural(value) ]}","_[zero]":"today","_[one]":"tomorrow","_[two]":"in {{value}} days","_[few]":"in {{value}} days","_[many]":"in {{value}} days","_[other]":"in {{value}} days"},"weeks-until-long":{"_":"{[ plural(value) ]}","_[zero]":"this week","_[one]":"next week","_[two]":"in {{value}} weeks","_[few]":"in {{value}} weeks","_[many]":"in {{value}} weeks","_[other]":"in {{value}} weeks"},"months-until-long":{"_":"{[ plural(value) ]}","_[zero]":"this month","_[one]":"next month","_[two]":"in {{value}} months","_[few]":"in {{value}} months","_[many]":"in {{value}} months","_[other]":"in {{value}} months"},"years-until-long":{"_":"{[ plural(value) ]}","_[zero]":"this year","_[one]":"next year","_[two]":"in {{value}} years","_[few]":"in {{value}} years","_[many]":"in {{value}} years","_[other]":"in {{value}} years"},"minutes-ago-short":{"_":"{[ plural(value) ]}","_[zero]":"just now","_[other]":"{{value}}m ago"},"hours-ago-short":{"_":"{[ plural(value) ]}","_[zero]":"just now","_[other]":"{{value}}h ago"},"days-ago-short":{"_":"{[ plural(value) ]}","_[zero]":"today","_[other]":"{{value}}d ago"},"minutes-until-short":{"_":"{[ plural(value) ]}","_[zero]":"now","_[other]":"in {{value}}m"},"hours-until-short":{"_":"{[ plural(value) ]}","_[zero]":"now","_[other]":"in {{value}}h"},"days-until-short":{"_":"{[ plural(value) ]}","_[zero]":"today","_[other]":"in {{value}}d"},"incorrectDate":{"_":"(incorrect date)"},"dateTimeFormat_%c":{"_":"%a %b %e %Y %I:%M:%S %p"},"dateTimeFormat_%x":{"_":"%m/%d/%Y"},"dateTimeFormat_%X":{"_":"%I:%M:%S %p"},"shortTimeFormat":{"_":"%I:%M %p"},"shortDateTimeFormat":{"_":"%x %I:%M %p"},"weekStartsOnMonday":{"_":"0"},"time_am":{"_":"AM"},"time_pm":{"_":"PM"}}