{"topup-confirmation-title2":{"_":"Usage"},"topup-confirmation-message":{"_":"Top-up confirmed"},"topup-incorrectcode-title2":{"_":"Usage"},"topup-incorrectcode-message3":{"_":"Incorrect top-up code entered."},"updating":{"_":"Updating"},"updating-ellipsis":{"_":"Updating…"},"yesterday":{"_":"Yesterday"},"today":{"_":"Today"},"never":{"_":"Never"},"magnitude":{"_":"{{value}} {{unit}}"},"currency":{"_":"{{currency}}{{value}}"},"widget":{"_":"Usage Widget"},"widget-authed-sim-heading":{"_":"New {{provider}} SIM inserted"},"widget-authed-sim-meta":{"_":"Tap to track your phone and internet usage."},"widget-nonauthed-sim-heading":{"_":"New SIM inserted"},"widget-nonauthed-sim-meta":{"_":"Tap to track your internet usage."},"widget-no-sim2-heading":{"_":"No SIM inserted"},"widget-no-sim2-meta":{"_":"Insert a SIM to enable Usage."},"widget-sim-locked-heading":{"_":"Locked SIM card"},"widget-sim-locked-meta":{"_":"Unlock your SIM to enable Usage."},"fte":{"_":"Usage First Time Experience"},"fte-authed-sim":{"_":"Save money by keeping track of your phone and internet usage."},"fte-nonauthed-sim":{"_":"Save money by keeping track of your internet usage."},"fte-no-sim":{"_":"Get clear information about how much internet you’re using."},"fte-sim-info2":{"_":"Information shown on Usage comes directly from this device. Check with your mobile service provider for detailed account information."},"fte-plantype-title":{"_":"Type of Contract"},"fte-plantype-hint":{"_":"Select the type of contract you have with your mobile service provider."},"fte-prepaid2-title":{"_":"Low Balance Alert"},"fte-prepaid2-hint":{"_":"Set an alert to avoid running out of credit."},"fte-prepaid3-title":{"_":"Data Report and Alert"},"fte-prepaid3-hint":{"_":"Receive reports about your Internet usage and set an alert to avoid using too much."},"fte-postpaid2-title":{"_":"Phone and Data Report"},"fte-postpaid2-hint":{"_":"Receive reports about your phone and Internet usage."},"fte-postpaid3-title":{"_":"Data Alert"},"fte-postpaid3-hint":{"_":"Set an alert to avoid using too much data."},"fte-onlydata2-title":{"_":"Data Report"},"fte-onlydata2-hint":{"_":"Receive reports about your internet usage."},"fte-onlydata3-title":{"_":"Data Alert"},"fte-onlydata3-hint":{"_":"Set an alert to avoid using too much data."},"phone-activity":{"_":"Phone Activity"},"balance":{"_":"Balance"},"on-roaming-message2":{"_":"Roaming: no automatic balance update. You might be charged for updating manually."},"balance-error-message2":{"_":"Balance didn’t update correctly. Try updating manually."},"airplane-mode-error-message2":{"_":"Turn off airplane mode to update your balance or top up."},"disable-airplane-mode":{"_":"Do you want to disable Airplane mode to update or top up?"},"no-coverage-error-message2":{"_":"You need phone coverage to update your balance or top up."},"top-up":{"_":"Top Up"},"enter-top-up-code":{"_":"Enter the top-up code"},"top-up-code-explanation2":{"_":"Find it on the scratch card or directly in your receipt."},"wait-for-confirmation":{"_":"You will receive a confirmation message"},"incorrect-code2":{"_":"Make sure the code is correct and try again."},"topup-error2":{"_":"There was a problem sending the code. Please, try again."},"application-error-title":{"_":"Service unavailable"},"application-error-message":{"_":"Contact your company representative"},"service-unavailable-title":{"_":"Service unavailable"},"service-unavailable-message":{"_":"Neither update nor top-up is possible at the moment. Please try later."},"data-usage":{"_":"Data usage"},"update-button":{"_":"Update"},"topup-button2":{"_":"Use top-up code"},"topup-ussd-button2":{"_":"Open top-up menu"},"ok":{"_":"OK"},"top-up-in-progress2":{"_":"Your top-up is being processed."},"top-up-timed-out2":{"_":"Update your balance to confirm. If balance is unchanged, try topping up again."},"on-topup-not-confirmed-title":{"_":"Top-up not confirmed"},"on-topup-not-confirmed-message":{"_":"Try updating your balance or retry top-up."},"send":{"_":"send"},"plantype-setup-title":{"_":"My phone and Internet plan is"},"prepaid":{"_":"Prepaid"},"postpaid":{"_":"Postpaid"},"phoneactivity":{"_":"Phone activity"},"short-date-format":{"_":"%b, %d"},"sms-sent":{"_":"SMS sent"},"call-made":{"_":"Calls made"},"settings":{"_":"Settings"},"low-balance-alert":{"_":"Low balance alert"},"low-balance-explanation2":{"_":"When balance is below"},"phone-and-internet-data-report":{"_":"Phone and Internet data report"},"starting-on":{"_":"Starting on"},"cancel":{"_":"Cancel"},"set":{"_":"Set"},"set-day":{"_":"Set day"},"set-date":{"_":"Set date"},"monthly":{"_":"Monthly"},"weekly":{"_":"Weekly"},"monday":{"_":"Monday"},"tuesday":{"_":"Tuesday"},"wednesday":{"_":"Wednesday"},"thursday":{"_":"Thursday"},"friday":{"_":"Friday"},"saturday":{"_":"Saturday"},"sunday":{"_":"Sunday"},"monday-abbr":{"_":"Mon"},"tuesday-abbr":{"_":"Tue"},"wednesday-abbr":{"_":"Wed"},"thursday-abbr":{"_":"Thu"},"friday-abbr":{"_":"Fri"},"saturday-abbr":{"_":"Sat"},"sunday-abbr":{"_":"Sun"},"billing-cycle-ends":{"_":"Billing cycle ends"},"tracking-will-reset":{"_":"Tracking will reset on this date"},"yes":{"_":"Yes"},"done":{"_":"Done"},"confirmation":{"_":"Confirmation"},"reset-confirmation-warning":{"_":"All current data will be deleted. Are you sure you want to reset?"},"reset":{"_":"Reset"},"reset-wifi":{"_":"Reset Wi-Fi usage"},"reset-mobile":{"_":"Reset mobile usage"},"reset-all-data-usage":{"_":"Reset mobile & Wi-Fi data"},"not-set":{"_":"Not set"},"used":{"_":"Used"},"limit-passed":{"_":"Limit passed"},"limit":{"_":"Limit"},"data-limit-header":{"_":"Data usage limit"},"data-limit-alert":{"_":"Data use alert"},"data-limit-value2":{"_":"When use is above"},"data-limit-dialog-title2":{"_":"Enter a mobile data limit alert"},"data-limit-dialog-explanation2":{"_":"Connection speeds reduce after the limit is reached. Check with your data provider to set an appropriate alert level."},"wifi-usage":{"_":"Wi-Fi usage"},"mobile-usage":{"_":"Mobile usage"},"wifi-usage-settings":{"_":"Wi-Fi usage"},"mobile-usage-settings":{"_":"Mobile usage"},"im-prepaid":{"_":"I’m Pre-paid"},"im-postpaid":{"_":"I’m Post-paid"},"reset-data-usage":{"_":"Reset data usage"},"reset-report":{"_":"Reset report"},"next":{"_":"Next"},"back":{"_":"Back"},"lets-go":{"_":"Let’s go!"},"alert":{"_":"Alert"},"alert-limit":{"_":"Alert Limit"},"fte-welcome-title":{"_":"Welcome"},"data-limit-notification-title2":{"_":"{{limit}} of data used"},"data-limit-notification-text2":{"_":"You’ve reached the limit you selected"},"low-balance-notification-title":{"_":"Low balance"},"low-balance-notification-text":{"_":"{{remaining}} remaining phone credit"},"zero-balance-message":{"_":"Balance has reached zero, no phone credit remaining."},"not-available":{"_":"Not available"},"usage":{"_":"Usage"},"internet":{"_":"Internet"},"phone":{"_":"Phone"},"loading-interface-data":{"_":"Loading interface data. Please retry in a while."},"chart-date-format":{"_":"%b %e"},"verbose-chart-date-format":{"_":"{{em-month}} {{monthday-number}}"},"day-hour-format":{"_":"{{day}}, {{time}}"},"B":{"_":"B"},"KB":{"_":"KB"},"MB":{"_":"MB"},"GB":{"_":"GB"},"weekday-0-long":{"_":"Sunday"},"weekday-1-long":{"_":"Monday"},"weekday-2-long":{"_":"Tuesday"},"weekday-3-long":{"_":"Wednesday"},"weekday-4-long":{"_":"Thursday"},"weekday-5-long":{"_":"Friday"},"weekday-6-long":{"_":"Saturday"},"weekday-0-short":{"_":"Sun"},"weekday-1-short":{"_":"Mon"},"weekday-2-short":{"_":"Tue"},"weekday-3-short":{"_":"Wed"},"weekday-4-short":{"_":"Thu"},"weekday-5-short":{"_":"Fri"},"weekday-6-short":{"_":"Sat"},"month-0-long":{"_":"January"},"month-1-long":{"_":"February"},"month-2-long":{"_":"March"},"month-3-long":{"_":"April"},"month-4-long":{"_":"May"},"month-5-long":{"_":"June"},"month-6-long":{"_":"July"},"month-7-long":{"_":"August"},"month-8-long":{"_":"September"},"month-9-long":{"_":"October"},"month-10-long":{"_":"November"},"month-11-long":{"_":"December"},"month-0-genitive":{"_":"January"},"month-1-genitive":{"_":"February"},"month-2-genitive":{"_":"March"},"month-3-genitive":{"_":"April"},"month-4-genitive":{"_":"May"},"month-5-genitive":{"_":"June"},"month-6-genitive":{"_":"July"},"month-7-genitive":{"_":"August"},"month-8-genitive":{"_":"September"},"month-9-genitive":{"_":"October"},"month-10-genitive":{"_":"November"},"month-11-genitive":{"_":"December"},"month-0-short":{"_":"Jan"},"month-1-short":{"_":"Feb"},"month-2-short":{"_":"Mar"},"month-3-short":{"_":"Apr"},"month-4-short":{"_":"May"},"month-5-short":{"_":"Jun"},"month-6-short":{"_":"Jul"},"month-7-short":{"_":"Aug"},"month-8-short":{"_":"Sep"},"month-9-short":{"_":"Oct"},"month-10-short":{"_":"Nov"},"month-11-short":{"_":"Dec"},"minutes-ago-long":{"_":"{[ plural(value) ]}","_[zero]":"just now","_[one]":"a minute ago","_[two]":"{{value}} minutes ago","_[few]":"{{value}} minutes ago","_[many]":"{{value}} minutes ago","_[other]":"{{value}} minutes ago"},"hours-ago-long":{"_":"{[ plural(value) ]}","_[zero]":"just now","_[one]":"an hour ago","_[two]":"{{value}} hours ago","_[few]":"{{value}} hours ago","_[many]":"{{value}} hours ago","_[other]":"{{value}} hours ago"},"days-ago-long":{"_":"{[ plural(value) ]}","_[zero]":"today","_[one]":"yesterday","_[two]":"{{value}} days ago","_[few]":"{{value}} days ago","_[many]":"{{value}} days ago","_[other]":"{{value}} days ago"},"weeks-ago-long":{"_":"{[ plural(value) ]}","_[zero]":"this week","_[one]":"last week","_[two]":"{{value}} weeks ago","_[few]":"{{value}} weeks ago","_[many]":"{{value}} weeks ago","_[other]":"{{value}} weeks ago"},"months-ago-long":{"_":"{[ plural(value) ]}","_[zero]":"this month","_[one]":"last month","_[two]":"{{value}} months ago","_[few]":"{{value}} months ago","_[many]":"{{value}} months ago","_[other]":"{{value}} months ago"},"years-ago-long":{"_":"{[ plural(value) ]}","_[zero]":"this year","_[one]":"last year","_[two]":"{{value}} years ago","_[few]":"{{value}} years ago","_[many]":"{{value}} years ago","_[other]":"{{value}} years ago"},"minutes-until-long":{"_":"{[ plural(value) ]}","_[zero]":"now","_[one]":"in a minute","_[two]":"in {{value}} minutes","_[few]":"in {{value}} minutes","_[many]":"in {{value}} minutes","_[other]":"in {{value}} minutes"},"hours-until-long":{"_":"{[ plural(value) ]}","_[zero]":"now","_[one]":"in an hour","_[two]":"in {{value}} hours","_[few]":"in {{value}} hours","_[many]":"in {{value}} hours","_[other]":"in {{value}} hours"},"days-until-long":{"_":"{[ plural(value) ]}","_[zero]":"today","_[one]":"tomorrow","_[two]":"in {{value}} days","_[few]":"in {{value}} days","_[many]":"in {{value}} days","_[other]":"in {{value}} days"},"weeks-until-long":{"_":"{[ plural(value) ]}","_[zero]":"this week","_[one]":"next week","_[two]":"in {{value}} weeks","_[few]":"in {{value}} weeks","_[many]":"in {{value}} weeks","_[other]":"in {{value}} weeks"},"months-until-long":{"_":"{[ plural(value) ]}","_[zero]":"this month","_[one]":"next month","_[two]":"in {{value}} months","_[few]":"in {{value}} months","_[many]":"in {{value}} months","_[other]":"in {{value}} months"},"years-until-long":{"_":"{[ plural(value) ]}","_[zero]":"this year","_[one]":"next year","_[two]":"in {{value}} years","_[few]":"in {{value}} years","_[many]":"in {{value}} years","_[other]":"in {{value}} years"},"minutes-ago-short":{"_":"{[ plural(value) ]}","_[zero]":"just now","_[other]":"{{value}}m ago"},"hours-ago-short":{"_":"{[ plural(value) ]}","_[zero]":"just now","_[other]":"{{value}}h ago"},"days-ago-short":{"_":"{[ plural(value) ]}","_[zero]":"today","_[other]":"{{value}}d ago"},"minutes-until-short":{"_":"{[ plural(value) ]}","_[zero]":"now","_[other]":"in {{value}}m"},"hours-until-short":{"_":"{[ plural(value) ]}","_[zero]":"now","_[other]":"in {{value}}h"},"days-until-short":{"_":"{[ plural(value) ]}","_[zero]":"today","_[other]":"in {{value}}d"},"incorrectDate":{"_":"(incorrect date)"},"dateTimeFormat_%c":{"_":"%a %b %e %Y %I:%M:%S %p"},"dateTimeFormat_%x":{"_":"%m/%d/%Y"},"dateTimeFormat_%X":{"_":"%I:%M:%S %p"},"shortTimeFormat":{"_":"%I:%M %p"},"shortDateTimeFormat":{"_":"%x %I:%M %p"},"weekStartsOnMonday":{"_":"0"},"time_am":{"_":"AM"},"time_pm":{"_":"PM"}}