{"topup-confirmation-title2":{"_":"Suivi conso"},"topup-confirmation-message":{"_":"Code de recharge confirmé"},"topup-incorrectcode-title2":{"_":"Suivi conso"},"topup-incorrectcode-message3":{"_":"Code de recharge saisi incorrect."},"updating":{"_":"Actualisation"},"updating-ellipsis":{"_":"Actualisation…"},"yesterday":{"_":"Hier"},"today":{"_":"Aujourd’hui"},"never":{"_":"Jamais"},"magnitude":{"_":"{{value}} {{unit}}"},"currency":{"_":"{{value}} {{currency}}"},"widget":{"_":"Gadget Suivi conso"},"widget-authed-sim-heading":{"_":"Nouvelle carte SIM {{provider}} insérée"},"widget-authed-sim-meta":{"_":"Appuyer pour suivre la conso. tél./Internet."},"widget-nonauthed-sim-heading":{"_":"Nouvelle carte SIM insérée"},"widget-nonauthed-sim-meta":{"_":"Appuyer pour suivre la conso. Internet."},"widget-no-sim2-heading":{"_":"Aucune carte SIM insérée"},"widget-no-sim2-meta":{"_":"Pour suivre la conso., insérez une SIM."},"widget-sim-locked-heading":{"_":"Carte SIM verrouillée"},"widget-sim-locked-meta":{"_":"Déverrouillez SIM pour activer Suivi conso."},"fte":{"_":"Tutoriel Suivi conso"},"fte-authed-sim":{"_":"Faites des économies en suivant l’évolution de votre consommation téléphone et Internet."},"fte-nonauthed-sim":{"_":"Faites des économies en suivant l’évolution de votre consommation Internet."},"fte-no-sim":{"_":"Obtenez des informations détaillées sur votre consommation Internet."},"fte-sim-info2":{"_":"Les informations affichées dans Suivi conso proviennent directement de cet appareil. Consultez votre opérateur mobile pour obtenir des informations détaillées concernant votre compte."},"fte-plantype-title":{"_":"Type de contrat"},"fte-plantype-hint":{"_":"Sélectionner le type de contrat passé avec votre opérateur."},"fte-prepaid2-title":{"_":"Alerte solde faible"},"fte-prepaid2-hint":{"_":"Définir une alerte pour éviter de se retrouver à court de crédit."},"fte-prepaid3-title":{"_":"Alerte/rapport données"},"fte-prepaid3-hint":{"_":"Recevoir des rapports concernant votre consommation Internet et définir une alerte pour éviter les excès."},"fte-postpaid2-title":{"_":"Rapport tél. et données"},"fte-postpaid2-hint":{"_":"Recevoir des rapports concernant votre consommation téléphone et Internet."},"fte-postpaid3-title":{"_":"Alerte données"},"fte-postpaid3-hint":{"_":"Définir une alerte pour éviter d’utiliser trop de données."},"fte-onlydata2-title":{"_":"Rapport données"},"fte-onlydata2-hint":{"_":"Recevoir des rapports concernant votre consommation Internet."},"fte-onlydata3-title":{"_":"Alerte données"},"fte-onlydata3-hint":{"_":"Définir une alerte pour éviter d’utiliser trop de données."},"phone-activity":{"_":"Activité du téléphone"},"balance":{"_":"Solde"},"on-roaming-message2":{"_":"Itinérance — aucune actualisation automatique du solde. Des frais pourraient s’appliquer si vous actualisez manuellement."},"balance-error-message2":{"_":"Le solde ne s’est pas actualisé correctement. Essayez d’actualiser manuellement."},"airplane-mode-error-message2":{"_":"Pour actualiser votre solde ou recharger, désactivez le mode avion."},"disable-airplane-mode":{"_":"Voulez-vous désactiver le mode avion pour actualiser ou recharger ?"},"no-coverage-error-message2":{"_":"Vous avez besoin d’une couverture réseau pour actualiser votre solde ou recharger."},"top-up":{"_":"Code recharge"},"enter-top-up-code":{"_":"Saisir le code de recharge"},"top-up-code-explanation2":{"_":"Vous le trouverez sur la carte à gratter ou directement sur votre ticket."},"wait-for-confirmation":{"_":"Vous allez recevoir un message de confirmation"},"incorrect-code2":{"_":"Assurez-vous que le code est correct et réessayez."},"topup-error2":{"_":"Un problème est survenu lors de l’envoi du code. Veuillez réessayer."},"application-error-title":{"_":"Service inaccessible"},"application-error-message":{"_":"Prenez contact avec un représentant de la société"},"service-unavailable-title":{"_":"Service inaccessible"},"service-unavailable-message":{"_":"Aucune actualisation ni recharge n’est actuellement possible. Veuillez réessayer plus tard."},"data-usage":{"_":"Consommation des données"},"update-button":{"_":"Actualiser"},"topup-button2":{"_":"Utiliser un code de recharge"},"topup-ussd-button2":{"_":"Menu de rechargement"},"ok":{"_":"OK"},"top-up-in-progress2":{"_":"Votre rechargement est en cours de traitement."},"top-up-timed-out2":{"_":"Actualisez votre solde pour confirmer. Si le solde reste inchangé, essayez de recharger à nouveau."},"on-topup-not-confirmed-title":{"_":"Rechargement non confirmé"},"on-topup-not-confirmed-message":{"_":"Essayez d’actualiser votre solde ou de recharger."},"send":{"_":"envoyer"},"plantype-setup-title":{"_":"Mon compte Internet/téléphone est de type"},"prepaid":{"_":"Prépayé"},"postpaid":{"_":"Paiement selon consommation"},"phoneactivity":{"_":"Appels téléphoniques"},"short-date-format":{"_":"%e %b"},"sms-sent":{"_":"SMS envoyés"},"call-made":{"_":"Appels passés"},"settings":{"_":"Paramètres"},"low-balance-alert":{"_":"Alerte de solde faible"},"low-balance-explanation2":{"_":"Me prévenir en-dessous de"},"phone-and-internet-data-report":{"_":"Rapport de consommation Internet/téléphone"},"starting-on":{"_":"Début de la période"},"cancel":{"_":"Annuler"},"set":{"_":"Définir"},"set-day":{"_":"Choisir le jour"},"set-date":{"_":"Choisir la date"},"monthly":{"_":"Chaque mois"},"weekly":{"_":"Chaque semaine"},"monday":{"_":"Lundi"},"tuesday":{"_":"Mardi"},"wednesday":{"_":"Mercredi"},"thursday":{"_":"Jeudi"},"friday":{"_":"Vendredi"},"saturday":{"_":"Samedi"},"sunday":{"_":"Dimanche"},"monday-abbr":{"_":"Lun"},"tuesday-abbr":{"_":"Mar"},"wednesday-abbr":{"_":"Mer"},"thursday-abbr":{"_":"Jeu"},"friday-abbr":{"_":"Ven"},"saturday-abbr":{"_":"Sam"},"sunday-abbr":{"_":"Dim"},"billing-cycle-ends":{"_":"Fin de la période de suivi"},"tracking-will-reset":{"_":"Le suivi sera réinitialisé à cette date"},"yes":{"_":"Oui"},"done":{"_":"Fini"},"confirmation":{"_":"Confirmation"},"reset-confirmation-warning":{"_":"Toutes les données courantes seront supprimées. Voulez-vous vraiment tout réinitialiser ?"},"reset":{"_":"Réinitialiser"},"reset-wifi":{"_":"Réinitialiser les données Wi-Fi"},"reset-mobile":{"_":"Réinitialiser les données mobiles"},"reset-all-data-usage":{"_":"Réinitialiser les données Wi-Fi et mobiles"},"not-set":{"_":"Non défini"},"used":{"_":"Consommé"},"limit-passed":{"_":"Limite dépassée"},"limit":{"_":"Limite"},"data-limit-header":{"_":"Niveau d’alerte"},"data-limit-alert":{"_":"Alerte de conso. données"},"data-limit-value2":{"_":"Me prévenir au-delà de"},"data-limit-dialog-title2":{"_":"Saisir un niveau d’alerte pour les données mobiles"},"data-limit-dialog-explanation2":{"_":"La vitesse de connexion est réduite au-delà de la limite. Vérifiez auprès de votre opérateur pour définir un niveau d’alerte approprié."},"wifi-usage":{"_":"Conso. Wi-Fi"},"mobile-usage":{"_":"Conso. mobile"},"wifi-usage-settings":{"_":"Consommation Wi-Fi"},"mobile-usage-settings":{"_":"Consommation mobile"},"im-prepaid":{"_":"Prépayé"},"im-postpaid":{"_":"Abonnement"},"reset-data-usage":{"_":"Réinitialiser les données"},"reset-report":{"_":"Réinitialiser le rapport"},"next":{"_":"Suivant"},"back":{"_":"Retour"},"lets-go":{"_":"C’est parti !"},"alert":{"_":"Alerte"},"alert-limit":{"_":"Niveau d’alerte"},"fte-welcome-title":{"_":"Bienvenue"},"data-limit-notification-title2":{"_":"{{limit}} de données consommées"},"data-limit-notification-text2":{"_":"Vous avez atteint la limite fixée"},"low-balance-notification-title":{"_":"Solde faible"},"low-balance-notification-text":{"_":"{{remaining}} de crédit téléphonique restant"},"zero-balance-message":{"_":"Solde épuisé, aucun crédit téléphonique restant."},"not-available":{"_":"Indisponible"},"usage":{"_":"Consommation"},"internet":{"_":"Internet"},"phone":{"_":"Téléphone"},"loading-interface-data":{"_":"Chargement des données de l’interface. Veuillez réessayer ultérieurement."},"chart-date-format":{"_":"%e %b"},"verbose-chart-date-format":{"_":"{{monthday-number}} {{em-month}}"},"day-hour-format":{"_":"{{day}}, {{time}}"},"B":{"_":"o"},"KB":{"_":"Ko"},"MB":{"_":"Mo"},"GB":{"_":"Go"},"telephony":{"_":"Téléphonie"},"tracking-period-setup-title":{"_":"Réinitialisation suivi"},"weekday-reset-setup-title":{"_":"Choisir un jour pour début de période"},"reset-monthday-setup-title":{"_":"Choisir une date pour début de période"},"3g-data-usage":{"_":"Données 3G consommées"},"3g-usage":{"_":"Conso. 3G"},"select-plan-type":{"_":"Type contrat"},"im-prepaid-controle":{"_":"Prépayé/Bloqué"},"set-balance-reminders":{"_":"Alertes de solde"},"set-internet-report":{"_":"Rapport et alertes Internet"},"set-internet-reminders":{"_":"Alertes Internet"},"set-a-data-use-reminder":{"_":"Alerte de conso. données"},"set-data-report-and-reminder":{"_":"Rapport et alerte pour les données"},"set-internet-data-report":{"_":"Rapport données Internet"},"reset-tracking":{"_":"Réinitialiser le suivi"},"fte-welcome-message":{"_":"Enregistrez l’activité de votre téléphone et des données."},"new-sim-inserted":{"_":"Nouvelle SIM insérée"},"new-sim-inserted-carrier":{"_":"Nouvelle SIM {{carrier}} insérée"},"new-sim-inserted-all-available":{"_":"Configurer le rapport du téléphone et des données"},"new-sim-inserted-only-data-available":{"_":"Rapport du téléphone indisponible, configurer le rapport des données"},"weekday-0-long":{"_":"Dimanche"},"weekday-1-long":{"_":"Lundi"},"weekday-2-long":{"_":"Mardi"},"weekday-3-long":{"_":"Mercredi"},"weekday-4-long":{"_":"Jeudi"},"weekday-5-long":{"_":"Vendredi"},"weekday-6-long":{"_":"Samedi"},"weekday-0-short":{"_":"dim"},"weekday-1-short":{"_":"lun"},"weekday-2-short":{"_":"mar"},"weekday-3-short":{"_":"mer"},"weekday-4-short":{"_":"jeu"},"weekday-5-short":{"_":"ven"},"weekday-6-short":{"_":"sam"},"month-0-long":{"_":"Janvier"},"month-1-long":{"_":"Février"},"month-2-long":{"_":"Mars"},"month-3-long":{"_":"Avril"},"month-4-long":{"_":"Mai"},"month-5-long":{"_":"Juin"},"month-6-long":{"_":"Juillet"},"month-7-long":{"_":"Août"},"month-8-long":{"_":"Septembre"},"month-9-long":{"_":"Octobre"},"month-10-long":{"_":"Novembre"},"month-11-long":{"_":"Décembre"},"month-0-genitive":{"_":"janvier"},"month-1-genitive":{"_":"février"},"month-2-genitive":{"_":"mars"},"month-3-genitive":{"_":"avril"},"month-4-genitive":{"_":"mai"},"month-5-genitive":{"_":"juin"},"month-6-genitive":{"_":"juillet"},"month-7-genitive":{"_":"août"},"month-8-genitive":{"_":"septembre"},"month-9-genitive":{"_":"octobre"},"month-10-genitive":{"_":"novembre"},"month-11-genitive":{"_":"décembre"},"month-0-short":{"_":"jan."},"month-1-short":{"_":"fév."},"month-2-short":{"_":"mars"},"month-3-short":{"_":"avr."},"month-4-short":{"_":"mai"},"month-5-short":{"_":"juin"},"month-6-short":{"_":"juil."},"month-7-short":{"_":"août"},"month-8-short":{"_":"sep."},"month-9-short":{"_":"oct."},"month-10-short":{"_":"nov."},"month-11-short":{"_":"déc."},"minutes-ago-long":{"_":"{[ plural(value) ]}","_[zero]":"à l’instant","_[one]":"il y a {{value}} minute","_[two]":"il y a {{value}} minutes","_[few]":"il y a {{value}} minutes","_[many]":"il y a {{value}} minutes","_[other]":"il y a {{value}} minutes"},"hours-ago-long":{"_":"{[ plural(value) ]}","_[zero]":"à l’instant","_[one]":"il y a {{value}} heure","_[two]":"il y a {{value}} heures","_[few]":"il y a {{value}} heures","_[many]":"il y a {{value}} heures","_[other]":"il y a {{value}} heures"},"days-ago-long":{"_":"{[ plural(value) ]}","_[zero]":"aujourd’hui","_[one]":"hier","_[two]":"il y a {{value}} jours","_[few]":"il y a {{value}} jours","_[many]":"il y a {{value}} jours","_[other]":"il y a {{value}} jours"},"weeks-ago-long":{"_":"{[ plural(value) ]}","_[zero]":"cette semaine","_[one]":"la semaine dernière","_[two]":"il y a {{value}} semaines","_[few]":"il y a {{value}} semaines","_[many]":"il y a {{value}} semaines","_[other]":"il y a {{value}} semaines"},"months-ago-long":{"_":"{[ plural(value) ]}","_[zero]":"ce mois-ci","_[one]":"le mois dernier","_[two]":"il y a {{value}} mois","_[few]":"il y a {{value}} mois","_[many]":"il y a {{value}} mois","_[other]":"il y a {{value}} mois"},"years-ago-long":{"_":"{[ plural(value) ]}","_[zero]":"cette année","_[one]":"l’année dernière","_[two]":"il y a {{value}} ans","_[few]":"il y a {{value}} ans","_[many]":"il y a {{value}} ans","_[other]":"il y a {{value}} ans"},"minutes-until-long":{"_":"{[ plural(value) ]}","_[zero]":"maintenant","_[one]":"dans {{value}} minute","_[two]":"dans {{value}} minutes","_[few]":"dans {{value}} minutes","_[many]":"dans {{value}} minutes","_[other]":"dans {{value}} minutes"},"hours-until-long":{"_":"{[ plural(value) ]}","_[zero]":"maintenant","_[one]":"dans {{value}} heure","_[two]":"dans {{value}} heures","_[few]":"dans {{value}} heures","_[many]":"dans {{value}} heures","_[other]":"dans {{value}} heures"},"days-until-long":{"_":"{[ plural(value) ]}","_[zero]":"aujourd’hui","_[one]":"demain","_[two]":"dans {{value}} jours","_[few]":"dans {{value}} jours","_[many]":"dans {{value}} jours","_[other]":"dans {{value}} jours"},"weeks-until-long":{"_":"{[ plural(value) ]}","_[zero]":"cette semaine","_[one]":"la semaine prochaine","_[two]":"dans {{value}} semaines","_[few]":"dans {{value}} semaines","_[many]":"dans {{value}} semaines","_[other]":"dans {{value}} semaines"},"months-until-long":{"_":"{[ plural(value) ]}","_[zero]":"ce mois-ci","_[one]":"le mois prochain","_[two]":"dans {{value}} mois","_[few]":"dans {{value}} mois","_[many]":"dans {{value}} mois","_[other]":"dans {{value}} mois"},"years-until-long":{"_":"{[ plural(value) ]}","_[zero]":"cette année","_[one]":"l’année prochaine","_[two]":"dans {{value}} ans","_[few]":"dans {{value}} ans","_[many]":"dans {{value}} ans","_[other]":"dans {{value}} ans"},"minutes-ago-short":{"_":"{[ plural(value) ]}","_[zero]":"à l’instant","_[other]":"il y a {{value}} min"},"hours-ago-short":{"_":"{[ plural(value) ]}","_[zero]":"à l’instant","_[other]":"il y a {{value}}h"},"days-ago-short":{"_":"{[ plural(value) ]}","_[zero]":"aujourd’hui","_[other]":"il y a {{value}}j"},"minutes-until-short":{"_":"{[ plural(value) ]}","_[zero]":"maintenant","_[other]":"dans {{value}}m"},"hours-until-short":{"_":"{[ plural(value) ]}","_[zero]":"maintenant","_[other]":"dans {{value}}h"},"days-until-short":{"_":"{[ plural(value) ]}","_[zero]":"aujourd’hui","_[other]":"dans {{value}}j"},"incorrectDate":{"_":"(date incorrecte)"},"dateTimeFormat_%c":{"_":"%a %e %b %Y %H:%M:%S"},"dateTimeFormat_%x":{"_":"%d/%m/%Y"},"dateTimeFormat_%X":{"_":"%H:%M:%S"},"shortTimeFormat":{"_":"%H:%M"},"shortDateTimeFormat":{"_":"%x %H:%M"},"weekStartsOnMonday":{"_":"1"},"time_am":{"_":"AM"},"time_pm":{"_":"PM"}}