[{"$i":"weekday-0-long","$v":"Şŭŭƞḓȧȧẏ"},{"$i":"weekday-1-long","$v":"Ḿǿǿƞḓȧȧẏ"},{"$i":"weekday-2-long","$v":"Ŧŭŭḗḗşḓȧȧẏ"},{"$i":"weekday-3-long","$v":"Ẇḗḗḓƞḗḗşḓȧȧẏ"},{"$i":"weekday-4-long","$v":"Ŧħŭŭřşḓȧȧẏ"},{"$i":"weekday-5-long","$v":"Ƒřīīḓȧȧẏ"},{"$i":"weekday-6-long","$v":"Şȧȧŧŭŭřḓȧȧẏ"},{"$i":"weekday-0-short","$v":"Şŭŭƞ"},{"$i":"weekday-1-short","$v":"Ḿǿǿƞ"},{"$i":"weekday-2-short","$v":"Ŧŭŭḗḗ"},{"$i":"weekday-3-short","$v":"Ẇḗḗḓ"},{"$i":"weekday-4-short","$v":"Ŧħŭŭ"},{"$i":"weekday-5-short","$v":"Ƒřīī"},{"$i":"weekday-6-short","$v":"Şȧȧŧ"},{"$i":"month-0-long","$v":"Ĵȧȧƞŭŭȧȧřẏ"},{"$i":"month-1-long","$v":"Ƒḗḗƀřŭŭȧȧřẏ"},{"$i":"month-2-long","$v":"Ḿȧȧřƈħ"},{"$i":"month-3-long","$v":"Ȧȧƥřīīŀ"},{"$i":"month-4-long","$v":"Ḿȧȧẏ"},{"$i":"month-5-long","$v":"Ĵŭŭƞḗḗ"},{"$i":"month-6-long","$v":"Ĵŭŭŀẏ"},{"$i":"month-7-long","$v":"Ȧȧŭŭɠŭŭşŧ"},{"$i":"month-8-long","$v":"Şḗḗƥŧḗḗḿƀḗḗř"},{"$i":"month-9-long","$v":"Ǿǿƈŧǿǿƀḗḗř"},{"$i":"month-10-long","$v":"Ƞǿǿṽḗḗḿƀḗḗř"},{"$i":"month-11-long","$v":"Ḓḗḗƈḗḗḿƀḗḗř"},{"$i":"month-0-genitive","$v":"Ĵȧȧƞŭŭȧȧřẏ"},{"$i":"month-1-genitive","$v":"Ƒḗḗƀřŭŭȧȧřẏ"},{"$i":"month-2-genitive","$v":"Ḿȧȧřƈħ"},{"$i":"month-3-genitive","$v":"Ȧȧƥřīīŀ"},{"$i":"month-4-genitive","$v":"Ḿȧȧẏ"},{"$i":"month-5-genitive","$v":"Ĵŭŭƞḗḗ"},{"$i":"month-6-genitive","$v":"Ĵŭŭŀẏ"},{"$i":"month-7-genitive","$v":"Ȧȧŭŭɠŭŭşŧ"},{"$i":"month-8-genitive","$v":"Şḗḗƥŧḗḗḿƀḗḗř"},{"$i":"month-9-genitive","$v":"Ǿǿƈŧǿǿƀḗḗř"},{"$i":"month-10-genitive","$v":"Ƞǿǿṽḗḗḿƀḗḗř"},{"$i":"month-11-genitive","$v":"Ḓḗḗƈḗḗḿƀḗḗř"},{"$i":"month-0-short","$v":"Ĵȧȧƞ"},{"$i":"month-1-short","$v":"Ƒḗḗƀ"},{"$i":"month-2-short","$v":"Ḿȧȧř"},{"$i":"month-3-short","$v":"Ȧȧƥř"},{"$i":"month-4-short","$v":"Ḿȧȧẏ"},{"$i":"month-5-short","$v":"Ĵŭŭƞ"},{"$i":"month-6-short","$v":"Ĵŭŭŀ"},{"$i":"month-7-short","$v":"Ȧȧŭŭɠ"},{"$i":"month-8-short","$v":"Şḗḗƥ"},{"$i":"month-9-short","$v":"Ǿǿƈŧ"},{"$i":"month-10-short","$v":"Ƞǿǿṽ"},{"$i":"month-11-short","$v":"Ḓḗḗƈ"},{"$i":"minutes-ago-long","$v":{"zero":"ĵŭŭşŧ ƞǿǿẇ","one":"ȧȧ ḿīīƞŭŭŧḗḗ ȧȧɠǿǿ","two":[{"t":"idOrVar","v":"value"}," ḿīīƞŭŭŧḗḗş ȧȧɠǿǿ"],"few":[{"t":"idOrVar","v":"value"}," ḿīīƞŭŭŧḗḗş ȧȧɠǿǿ"],"many":[{"t":"idOrVar","v":"value"}," ḿīīƞŭŭŧḗḗş ȧȧɠǿǿ"],"other":[{"t":"idOrVar","v":"value"}," ḿīīƞŭŭŧḗḗş ȧȧɠǿǿ"]},"$x":[{"t":"idOrVar","v":"plural"},"value"]},{"$i":"hours-ago-long","$v":{"zero":"ĵŭŭşŧ ƞǿǿẇ","one":"ȧȧƞ ħǿǿŭŭř ȧȧɠǿǿ","two":[{"t":"idOrVar","v":"value"}," ħǿǿŭŭřş ȧȧɠǿǿ"],"few":[{"t":"idOrVar","v":"value"}," ħǿǿŭŭřş ȧȧɠǿǿ"],"many":[{"t":"idOrVar","v":"value"}," ħǿǿŭŭřş ȧȧɠǿǿ"],"other":[{"t":"idOrVar","v":"value"}," ħǿǿŭŭřş ȧȧɠǿǿ"]},"$x":[{"t":"idOrVar","v":"plural"},"value"]},{"$i":"days-ago-long","$v":{"zero":"ŧǿǿḓȧȧẏ","one":"ẏḗḗşŧḗḗřḓȧȧẏ","two":[{"t":"idOrVar","v":"value"}," ḓȧȧẏş ȧȧɠǿǿ"],"few":[{"t":"idOrVar","v":"value"}," ḓȧȧẏş ȧȧɠǿǿ"],"many":[{"t":"idOrVar","v":"value"}," ḓȧȧẏş ȧȧɠǿǿ"],"other":[{"t":"idOrVar","v":"value"}," ḓȧȧẏş ȧȧɠǿǿ"]},"$x":[{"t":"idOrVar","v":"plural"},"value"]},{"$i":"weeks-ago-long","$v":{"zero":"ŧħīīş ẇḗḗḗḗķ","one":"ŀȧȧşŧ ẇḗḗḗḗķ","two":[{"t":"idOrVar","v":"value"}," ẇḗḗḗḗķş ȧȧɠǿǿ"],"few":[{"t":"idOrVar","v":"value"}," ẇḗḗḗḗķş ȧȧɠǿǿ"],"many":[{"t":"idOrVar","v":"value"}," ẇḗḗḗḗķş ȧȧɠǿǿ"],"other":[{"t":"idOrVar","v":"value"}," ẇḗḗḗḗķş ȧȧɠǿǿ"]},"$x":[{"t":"idOrVar","v":"plural"},"value"]},{"$i":"months-ago-long","$v":{"zero":"ŧħīīş ḿǿǿƞŧħ","one":"ŀȧȧşŧ ḿǿǿƞŧħ","two":[{"t":"idOrVar","v":"value"}," ḿǿǿƞŧħş ȧȧɠǿǿ"],"few":[{"t":"idOrVar","v":"value"}," ḿǿǿƞŧħş ȧȧɠǿǿ"],"many":[{"t":"idOrVar","v":"value"}," ḿǿǿƞŧħş ȧȧɠǿǿ"],"other":[{"t":"idOrVar","v":"value"}," ḿǿǿƞŧħş ȧȧɠǿǿ"]},"$x":[{"t":"idOrVar","v":"plural"},"value"]},{"$i":"years-ago-long","$v":{"zero":"ŧħīīş ẏḗḗȧȧř","one":"ŀȧȧşŧ ẏḗḗȧȧř","two":[{"t":"idOrVar","v":"value"}," ẏḗḗȧȧřş ȧȧɠǿǿ"],"few":[{"t":"idOrVar","v":"value"}," ẏḗḗȧȧřş ȧȧɠǿǿ"],"many":[{"t":"idOrVar","v":"value"}," ẏḗḗȧȧřş ȧȧɠǿǿ"],"other":[{"t":"idOrVar","v":"value"}," ẏḗḗȧȧřş ȧȧɠǿǿ"]},"$x":[{"t":"idOrVar","v":"plural"},"value"]},{"$i":"minutes-until-long","$v":{"zero":"ƞǿǿẇ","one":"īīƞ ȧȧ ḿīīƞŭŭŧḗḗ","two":["īīƞ ",{"t":"idOrVar","v":"value"}," ḿīīƞŭŭŧḗḗş"],"few":["īīƞ ",{"t":"idOrVar","v":"value"}," ḿīīƞŭŭŧḗḗş"],"many":["īīƞ ",{"t":"idOrVar","v":"value"}," ḿīīƞŭŭŧḗḗş"],"other":["īīƞ ",{"t":"idOrVar","v":"value"}," ḿīīƞŭŭŧḗḗş"]},"$x":[{"t":"idOrVar","v":"plural"},"value"]},{"$i":"hours-until-long","$v":{"zero":"ƞǿǿẇ","one":"īīƞ ȧȧƞ ħǿǿŭŭř","two":["īīƞ ",{"t":"idOrVar","v":"value"}," ħǿǿŭŭřş"],"few":["īīƞ ",{"t":"idOrVar","v":"value"}," ħǿǿŭŭřş"],"many":["īīƞ ",{"t":"idOrVar","v":"value"}," ħǿǿŭŭřş"],"other":["īīƞ ",{"t":"idOrVar","v":"value"}," ħǿǿŭŭřş"]},"$x":[{"t":"idOrVar","v":"plural"},"value"]},{"$i":"days-until-long","$v":{"zero":"ŧǿǿḓȧȧẏ","one":"ŧǿǿḿǿǿřřǿǿẇ","two":["īīƞ ",{"t":"idOrVar","v":"value"}," ḓȧȧẏş"],"few":["īīƞ ",{"t":"idOrVar","v":"value"}," ḓȧȧẏş"],"many":["īīƞ ",{"t":"idOrVar","v":"value"}," ḓȧȧẏş"],"other":["īīƞ ",{"t":"idOrVar","v":"value"}," ḓȧȧẏş"]},"$x":[{"t":"idOrVar","v":"plural"},"value"]},{"$i":"weeks-until-long","$v":{"zero":"ŧħīīş ẇḗḗḗḗķ","one":"ƞḗḗẋŧ ẇḗḗḗḗķ","two":["īīƞ ",{"t":"idOrVar","v":"value"}," ẇḗḗḗḗķş"],"few":["īīƞ ",{"t":"idOrVar","v":"value"}," ẇḗḗḗḗķş"],"many":["īīƞ ",{"t":"idOrVar","v":"value"}," ẇḗḗḗḗķş"],"other":["īīƞ ",{"t":"idOrVar","v":"value"}," ẇḗḗḗḗķş"]},"$x":[{"t":"idOrVar","v":"plural"},"value"]},{"$i":"months-until-long","$v":{"zero":"ŧħīīş ḿǿǿƞŧħ","one":"ƞḗḗẋŧ ḿǿǿƞŧħ","two":["īīƞ ",{"t":"idOrVar","v":"value"}," ḿǿǿƞŧħş"],"few":["īīƞ ",{"t":"idOrVar","v":"value"}," ḿǿǿƞŧħş"],"many":["īīƞ ",{"t":"idOrVar","v":"value"}," ḿǿǿƞŧħş"],"other":["īīƞ ",{"t":"idOrVar","v":"value"}," ḿǿǿƞŧħş"]},"$x":[{"t":"idOrVar","v":"plural"},"value"]},{"$i":"years-until-long","$v":{"zero":"ŧħīīş ẏḗḗȧȧř","one":"ƞḗḗẋŧ ẏḗḗȧȧř","two":["īīƞ ",{"t":"idOrVar","v":"value"}," ẏḗḗȧȧřş"],"few":["īīƞ ",{"t":"idOrVar","v":"value"}," ẏḗḗȧȧřş"],"many":["īīƞ ",{"t":"idOrVar","v":"value"}," ẏḗḗȧȧřş"],"other":["īīƞ ",{"t":"idOrVar","v":"value"}," ẏḗḗȧȧřş"]},"$x":[{"t":"idOrVar","v":"plural"},"value"]},{"$i":"minutes-ago-short","$v":{"zero":"ĵŭŭşŧ ƞǿǿẇ","other":[{"t":"idOrVar","v":"value"},"ḿ ȧȧɠǿǿ"]},"$x":[{"t":"idOrVar","v":"plural"},"value"]},{"$i":"hours-ago-short","$v":{"zero":"ĵŭŭşŧ ƞǿǿẇ","other":[{"t":"idOrVar","v":"value"},"ħ ȧȧɠǿǿ"]},"$x":[{"t":"idOrVar","v":"plural"},"value"]},{"$i":"days-ago-short","$v":{"zero":"ŧǿǿḓȧȧẏ","other":[{"t":"idOrVar","v":"value"},"ḓ ȧȧɠǿǿ"]},"$x":[{"t":"idOrVar","v":"plural"},"value"]},{"$i":"minutes-until-short","$v":{"zero":"ƞǿǿẇ","other":["īīƞ ",{"t":"idOrVar","v":"value"},"ḿ"]},"$x":[{"t":"idOrVar","v":"plural"},"value"]},{"$i":"hours-until-short","$v":{"zero":"ƞǿǿẇ","other":["īīƞ ",{"t":"idOrVar","v":"value"},"ħ"]},"$x":[{"t":"idOrVar","v":"plural"},"value"]},{"$i":"days-until-short","$v":{"zero":"ŧǿǿḓȧȧẏ","other":["īīƞ ",{"t":"idOrVar","v":"value"},"ḓ"]},"$x":[{"t":"idOrVar","v":"plural"},"value"]},{"$i":"incorrectDate","$v":"(īīƞƈǿǿřřḗḗƈŧ ḓȧȧŧḗḗ)"},{"$i":"dateTimeFormat_%c","$v":"%a %b %e %Y %I:%M:%S %p"},{"$i":"dateTimeFormat_%x","$v":"%m/%d/%Y"},{"$i":"dateTimeFormat_%X","$v":"%I:%M:%S %p"},{"$i":"shortTimeFormat","$v":"%I:%M %p"},{"$i":"shortTimeFormat12","$v":"%I:%M %p"},{"$i":"shortTimeFormat24","$v":"%H:%M"},{"$i":"shortDateTimeFormat","$v":"%x %I:%M %p"},{"$i":"weekStartsOnMonday","$v":"0"},{"$i":"firstDayOfTheWeek","$v":"0"},{"$i":"timePickerOrder","$v":"ĦḾƥ"},{"$i":"datePickerOrder","$v":"ḾḒẎ"},{"$i":"hourMinutesSeparator","$v":":"},{"$i":"listSeparator_middle","$v":", "},{"$i":"time_am","$v":"ȦȧḾ"},{"$i":"time_pm","$v":"ƤḾ"},{"$i":"durationPattern","$v":"ħħ:ḿḿ:şş.ŞŞ"},{"$i":"gaia-menu-cancel","$v":"Ƈȧȧƞƈḗḗŀ"},{"$i":"topup-confirmation-title2","$v":"Ŭŭşȧȧɠḗḗ"},{"$i":"topup-confirmation-message","$v":"Ŧǿǿƥ-ŭŭƥ ƈǿǿƞƒīīřḿḗḗḓ"},{"$i":"topup-incorrectcode-title2","$v":"Ŭŭşȧȧɠḗḗ"},{"$i":"topup-incorrectcode-message3","$v":"Īīƞƈǿǿřřḗḗƈŧ ŧǿǿƥ-ŭŭƥ ƈǿǿḓḗḗ ḗḗƞŧḗḗřḗḗḓ."},{"$i":"updating","$v":"Ŭŭƥḓȧȧŧīīƞɠ"},{"$i":"updating-ellipsis","$v":"Ŭŭƥḓȧȧŧīīƞɠ…"},{"$i":"yesterday","$v":"Ẏḗḗşŧḗḗřḓȧȧẏ"},{"$i":"today","$v":"Ŧǿǿḓȧȧẏ"},{"$i":"never","$v":"Ƞḗḗṽḗḗř"},{"$i":"magnitude","$v":[{"t":"idOrVar","v":"value"}," ",{"t":"idOrVar","v":"unit"}]},{"$i":"currency","$v":[{"t":"idOrVar","v":"currency"},{"t":"idOrVar","v":"value"}]},{"$i":"widget","$v":"Ŭŭşȧȧɠḗḗ Ẇīīḓɠḗḗŧ"},{"$i":"widget-authed-sim-heading","$v":["Ƞḗḗẇ ",{"t":"idOrVar","v":"provider"}," ŞĪīḾ īīƞşḗḗřŧḗḗḓ"]},{"$i":"widget-authed-sim-meta","$v":"Ŧȧȧƥ ŧǿǿ ŧřȧȧƈķ ẏǿǿŭŭř ƥħǿǿƞḗḗ ȧȧƞḓ īīƞŧḗḗřƞḗḗŧ ŭŭşȧȧɠḗḗ."},{"$i":"widget-nonauthed-sim-heading","$v":"Ƞḗḗẇ ŞĪīḾ īīƞşḗḗřŧḗḗḓ"},{"$i":"widget-nonauthed-sim-meta","$v":"Ŧȧȧƥ ŧǿǿ ŧřȧȧƈķ ẏǿǿŭŭř īīƞŧḗḗřƞḗḗŧ ŭŭşȧȧɠḗḗ."},{"$i":"widget-airplane-mode-heading","$v":"Ȧȧīīřƥŀȧȧƞḗḗ Ḿǿǿḓḗḗ"},{"$i":"widget-airplane-mode-meta","$v":"Ƥŀḗḗȧȧşḗḗ, ŧŭŭřƞ ǿǿƒƒ ȧȧīīřƥŀȧȧƞḗḗ ḿǿǿḓḗḗ ŧǿǿ ḗḗƞȧȧƀŀḗḗ Ŭŭşȧȧɠḗḗ."},{"$i":"widget-no-sim2-heading","$v":"Ƞǿǿ ŞĪīḾ īīƞşḗḗřŧḗḗḓ"},{"$i":"widget-no-sim2-meta","$v":"Īīƞşḗḗřŧ ȧȧ ŞĪīḾ ŧǿǿ ḗḗƞȧȧƀŀḗḗ Ŭŭşȧȧɠḗḗ."},{"$i":"widget-sim-locked-heading","$v":"Ŀǿǿƈķḗḗḓ ŞĪīḾ ƈȧȧřḓ"},{"$i":"widget-sim-locked-meta","$v":"Ŭŭƞŀǿǿƈķ ẏǿǿŭŭř ŞĪīḾ ŧǿǿ ḗḗƞȧȧƀŀḗḗ Ŭŭşȧȧɠḗḗ."},{"$i":"widget-unknown-heading","$v":"Ḗḗřřǿǿř"},{"$i":"widget-unknown-meta","$v":"Ƥŀḗḗȧȧşḗḗ, ḿȧȧķḗḗ şŭŭřḗḗ ȧȧīīřƥŀȧȧƞḗḗ ḿǿǿḓḗḗ īīş ǿǿƒƒ."},{"$i":"fte","$v":"Ŭŭşȧȧɠḗḗ Ƒīīřşŧ Ŧīīḿḗḗ Ḗḗẋƥḗḗřīīḗḗƞƈḗḗ"},{"$i":"fte-authed-sim","$v":"Şȧȧṽḗḗ ḿǿǿƞḗḗẏ ƀẏ ķḗḗḗḗƥīīƞɠ ŧřȧȧƈķ ǿǿƒ ẏǿǿŭŭř ƥħǿǿƞḗḗ ȧȧƞḓ īīƞŧḗḗřƞḗḗŧ ŭŭşȧȧɠḗḗ."},{"$i":"fte-nonauthed-sim","$v":"Şȧȧṽḗḗ ḿǿǿƞḗḗẏ ƀẏ ķḗḗḗḗƥīīƞɠ ŧřȧȧƈķ ǿǿƒ ẏǿǿŭŭř īīƞŧḗḗřƞḗḗŧ ŭŭşȧȧɠḗḗ."},{"$i":"fte-no-sim","$v":"Ɠḗḗŧ ƈŀḗḗȧȧř īīƞƒǿǿřḿȧȧŧīīǿǿƞ ȧȧƀǿǿŭŭŧ ħǿǿẇ ḿŭŭƈħ īīƞŧḗḗřƞḗḗŧ ẏǿǿŭŭ’řḗḗ ŭŭşīīƞɠ."},{"$i":"fte-sim-info2","$v":"Īīƞƒǿǿřḿȧȧŧīīǿǿƞ şħǿǿẇƞ ǿǿƞ Ŭŭşȧȧɠḗḗ ƈǿǿḿḗḗş ḓīīřḗḗƈŧŀẏ ƒřǿǿḿ ŧħīīş ḓḗḗṽīīƈḗḗ. Ƈħḗḗƈķ ẇīīŧħ ẏǿǿŭŭř ḿǿǿƀīīŀḗḗ şḗḗřṽīīƈḗḗ ƥřǿǿṽīīḓḗḗř ƒǿǿř ḓḗḗŧȧȧīīŀḗḗḓ ȧȧƈƈǿǿŭŭƞŧ īīƞƒǿǿřḿȧȧŧīīǿǿƞ."},{"$i":"fte-plantype-title","$v":"Ŧẏƥḗḗ ǿǿƒ Ƈǿǿƞŧřȧȧƈŧ"},{"$i":"fte-plantype-hint","$v":"Şḗḗŀḗḗƈŧ ŧħḗḗ ŧẏƥḗḗ ǿǿƒ ƈǿǿƞŧřȧȧƈŧ ẏǿǿŭŭ ħȧȧṽḗḗ ẇīīŧħ ẏǿǿŭŭř ḿǿǿƀīīŀḗḗ şḗḗřṽīīƈḗḗ ƥřǿǿṽīīḓḗḗř."},{"$i":"fte-prepaid2-title","$v":"Ŀǿǿẇ Ɓȧȧŀȧȧƞƈḗḗ Ȧȧŀḗḗřŧ"},{"$i":"fte-prepaid2-hint","$v":"Şḗḗŧ ȧȧƞ ȧȧŀḗḗřŧ ŧǿǿ ȧȧṽǿǿīīḓ řŭŭƞƞīīƞɠ ǿǿŭŭŧ ǿǿƒ ƈřḗḗḓīīŧ."},{"$i":"fte-prepaid3-title","$v":"Ḓȧȧŧȧȧ Řḗḗƥǿǿřŧ ȧȧƞḓ Ȧȧŀḗḗřŧ"},{"$i":"fte-prepaid3-hint","$v":"Řḗḗƈḗḗīīṽḗḗ řḗḗƥǿǿřŧş ȧȧƀǿǿŭŭŧ ẏǿǿŭŭř Īīƞŧḗḗřƞḗḗŧ ŭŭşȧȧɠḗḗ ȧȧƞḓ şḗḗŧ ȧȧƞ ȧȧŀḗḗřŧ ŧǿǿ ȧȧṽǿǿīīḓ ŭŭşīīƞɠ ŧǿǿǿǿ ḿŭŭƈħ."},{"$i":"fte-postpaid2-title","$v":"Ƥħǿǿƞḗḗ ȧȧƞḓ Ḓȧȧŧȧȧ Řḗḗƥǿǿřŧ"},{"$i":"fte-postpaid2-hint","$v":"Řḗḗƈḗḗīīṽḗḗ řḗḗƥǿǿřŧş ȧȧƀǿǿŭŭŧ ẏǿǿŭŭř ƥħǿǿƞḗḗ ȧȧƞḓ Īīƞŧḗḗřƞḗḗŧ ŭŭşȧȧɠḗḗ."},{"$i":"fte-postpaid3-title","$v":"Ḓȧȧŧȧȧ Ȧȧŀḗḗřŧ"},{"$i":"fte-postpaid3-hint","$v":"Şḗḗŧ ȧȧƞ ȧȧŀḗḗřŧ ŧǿǿ ȧȧṽǿǿīīḓ ŭŭşīīƞɠ ŧǿǿǿǿ ḿŭŭƈħ ḓȧȧŧȧȧ."},{"$i":"fte-onlydata2-title","$v":"Ḓȧȧŧȧȧ Řḗḗƥǿǿřŧ"},{"$i":"fte-onlydata2-hint","$v":"Řḗḗƈḗḗīīṽḗḗ řḗḗƥǿǿřŧş ȧȧƀǿǿŭŭŧ ẏǿǿŭŭř īīƞŧḗḗřƞḗḗŧ ŭŭşȧȧɠḗḗ."},{"$i":"fte-onlydata3-title","$v":"Ḓȧȧŧȧȧ Ȧȧŀḗḗřŧ"},{"$i":"fte-onlydata3-hint","$v":"Şḗḗŧ ȧȧƞ ȧȧŀḗḗřŧ ŧǿǿ ȧȧṽǿǿīīḓ ŭŭşīīƞɠ ŧǿǿǿǿ ḿŭŭƈħ ḓȧȧŧȧȧ."},{"$i":"phone-activity","$v":"Ƥħǿǿƞḗḗ Ȧȧƈŧīīṽīīŧẏ"},{"$i":"balance","$v":"Ɓȧȧŀȧȧƞƈḗḗ"},{"$i":"on-roaming-message2","$v":"Řǿǿȧȧḿīīƞɠ: ƞǿǿ ȧȧŭŭŧǿǿḿȧȧŧīīƈ ƀȧȧŀȧȧƞƈḗḗ ŭŭƥḓȧȧŧḗḗ. Ẏǿǿŭŭ ḿīīɠħŧ ƀḗḗ ƈħȧȧřɠḗḗḓ ƒǿǿř ŭŭƥḓȧȧŧīīƞɠ ḿȧȧƞŭŭȧȧŀŀẏ."},{"$i":"balance-error-message2","$v":"Ɓȧȧŀȧȧƞƈḗḗ ḓīīḓƞ’ŧ ŭŭƥḓȧȧŧḗḗ ƈǿǿřřḗḗƈŧŀẏ. Ŧřẏ ŭŭƥḓȧȧŧīīƞɠ ḿȧȧƞŭŭȧȧŀŀẏ."},{"$i":"airplane-mode-error-message2","$v":"Ŧŭŭřƞ ǿǿƒƒ ȧȧīīřƥŀȧȧƞḗḗ ḿǿǿḓḗḗ ŧǿǿ ŭŭƥḓȧȧŧḗḗ ẏǿǿŭŭř ƀȧȧŀȧȧƞƈḗḗ ǿǿř ŧǿǿƥ ŭŭƥ."},{"$i":"disable-airplane-mode","$v":"Ḓǿǿ ẏǿǿŭŭ ẇȧȧƞŧ ŧǿǿ ḓīīşȧȧƀŀḗḗ Ȧȧīīřƥŀȧȧƞḗḗ ḿǿǿḓḗḗ ŧǿǿ ŭŭƥḓȧȧŧḗḗ ǿǿř ŧǿǿƥ ŭŭƥ?"},{"$i":"no-coverage-error-message2","$v":"Ẏǿǿŭŭ ƞḗḗḗḗḓ ƥħǿǿƞḗḗ ƈǿǿṽḗḗřȧȧɠḗḗ ŧǿǿ ŭŭƥḓȧȧŧḗḗ ẏǿǿŭŭř ƀȧȧŀȧȧƞƈḗḗ ǿǿř ŧǿǿƥ ŭŭƥ."},{"$i":"top-up","$v":"Ŧǿǿƥ Ŭŭƥ"},{"$i":"enter-top-up-code","$v":"Ḗḗƞŧḗḗř ŧħḗḗ ŧǿǿƥ-ŭŭƥ ƈǿǿḓḗḗ"},{"$i":"top-up-code-explanation2","$v":"Ƒīīƞḓ īīŧ ǿǿƞ ŧħḗḗ şƈřȧȧŧƈħ ƈȧȧřḓ ǿǿř ḓīīřḗḗƈŧŀẏ īīƞ ẏǿǿŭŭř řḗḗƈḗḗīīƥŧ."},{"$i":"wait-for-confirmation","$v":"Ẏǿǿŭŭ ẇīīŀŀ řḗḗƈḗḗīīṽḗḗ ȧȧ ƈǿǿƞƒīīřḿȧȧŧīīǿǿƞ ḿḗḗşşȧȧɠḗḗ"},{"$i":"incorrect-code2","$v":"Ḿȧȧķḗḗ şŭŭřḗḗ ŧħḗḗ ƈǿǿḓḗḗ īīş ƈǿǿřřḗḗƈŧ ȧȧƞḓ ŧřẏ ȧȧɠȧȧīīƞ."},{"$i":"topup-error2","$v":"Ŧħḗḗřḗḗ ẇȧȧş ȧȧ ƥřǿǿƀŀḗḗḿ şḗḗƞḓīīƞɠ ŧħḗḗ ƈǿǿḓḗḗ. Ƥŀḗḗȧȧşḗḗ, ŧřẏ ȧȧɠȧȧīīƞ."},{"$i":"application-error-title","$v":"Şḗḗřṽīīƈḗḗ ŭŭƞȧȧṽȧȧīīŀȧȧƀŀḗḗ"},{"$i":"application-error-message","$v":"Ƈǿǿƞŧȧȧƈŧ ẏǿǿŭŭř ƈǿǿḿƥȧȧƞẏ řḗḗƥřḗḗşḗḗƞŧȧȧŧīīṽḗḗ"},{"$i":"service-unavailable-title","$v":"Şḗḗřṽīīƈḗḗ ŭŭƞȧȧṽȧȧīīŀȧȧƀŀḗḗ"},{"$i":"service-unavailable-message","$v":"Ƞḗḗīīŧħḗḗř ŭŭƥḓȧȧŧḗḗ ƞǿǿř ŧǿǿƥ-ŭŭƥ īīş ƥǿǿşşīīƀŀḗḗ ȧȧŧ ŧħḗḗ ḿǿǿḿḗḗƞŧ. Ƥŀḗḗȧȧşḗḗ ŧřẏ ŀȧȧŧḗḗř."},{"$i":"data-usage","$v":"Ḓȧȧŧȧȧ ŭŭşȧȧɠḗḗ"},{"$i":"update-button","$v":"Ŭŭƥḓȧȧŧḗḗ"},{"$i":"topup-button2","$v":"Ŭŭşḗḗ ŧǿǿƥ-ŭŭƥ ƈǿǿḓḗḗ"},{"$i":"topup-ussd-button2","$v":"Ǿǿƥḗḗƞ ŧǿǿƥ-ŭŭƥ ḿḗḗƞŭŭ"},{"$i":"ok","$v":"ǾǿĶ"},{"$i":"top-up-in-progress2","$v":"Ẏǿǿŭŭř ŧǿǿƥ-ŭŭƥ īīş ƀḗḗīīƞɠ ƥřǿǿƈḗḗşşḗḗḓ."},{"$i":"top-up-timed-out2","$v":"Ŭŭƥḓȧȧŧḗḗ ẏǿǿŭŭř ƀȧȧŀȧȧƞƈḗḗ ŧǿǿ ƈǿǿƞƒīīřḿ. Īīƒ ƀȧȧŀȧȧƞƈḗḗ īīş ŭŭƞƈħȧȧƞɠḗḗḓ, ŧřẏ ŧǿǿƥƥīīƞɠ ŭŭƥ ȧȧɠȧȧīīƞ."},{"$i":"on-topup-not-confirmed-title","$v":"Ŧǿǿƥ-ŭŭƥ ƞǿǿŧ ƈǿǿƞƒīīřḿḗḗḓ"},{"$i":"on-topup-not-confirmed-message","$v":"Ŧřẏ ŭŭƥḓȧȧŧīīƞɠ ẏǿǿŭŭř ƀȧȧŀȧȧƞƈḗḗ ǿǿř řḗḗŧřẏ ŧǿǿƥ-ŭŭƥ."},{"$i":"send","$v":"şḗḗƞḓ"},{"$i":"plantype-setup-title","$v":"Ḿẏ ƥħǿǿƞḗḗ ȧȧƞḓ Īīƞŧḗḗřƞḗḗŧ ƥŀȧȧƞ īīş"},{"$i":"prepaid","$v":"Ƥřḗḗƥȧȧīīḓ"},{"$i":"postpaid","$v":"Ƥǿǿşŧƥȧȧīīḓ"},{"$i":"phoneactivity","$v":"Ƥħǿǿƞḗḗ ȧȧƈŧīīṽīīŧẏ"},{"$i":"sms-sent","$v":"ŞḾŞ şḗḗƞŧ"},{"$i":"call-made","$v":"Ƈȧȧŀŀş ḿȧȧḓḗḗ"},{"$i":"settings","$v":"Şḗḗŧŧīīƞɠş"},{"$i":"settings-button","ariaLabel":"Şḗḗŧŧīīƞɠş"},{"$i":"low-balance-alert","$v":"Ŀǿǿẇ ƀȧȧŀȧȧƞƈḗḗ ȧȧŀḗḗřŧ"},{"$i":"low-balance-explanation2","$v":"Ẇħḗḗƞ ƀȧȧŀȧȧƞƈḗḗ īīş ƀḗḗŀǿǿẇ"},{"$i":"phone-and-internet-data-report","$v":"Ƥħǿǿƞḗḗ ȧȧƞḓ Īīƞŧḗḗřƞḗḗŧ ḓȧȧŧȧȧ řḗḗƥǿǿřŧ"},{"$i":"internet-data-report","$v":"Īīƞŧḗḗřƞḗḗŧ ḓȧȧŧȧȧ řḗḗƥǿǿřŧ"},{"$i":"starting-on","$v":"Şŧȧȧřŧīīƞɠ ǿǿƞ"},{"$i":"cancel","$v":"Ƈȧȧƞƈḗḗŀ"},{"$i":"monthly","$v":"Ḿǿǿƞŧħŀẏ"},{"$i":"weekly","$v":"Ẇḗḗḗḗķŀẏ"},{"$i":"monday","$v":"Ḿǿǿƞḓȧȧẏ"},{"$i":"tuesday","$v":"Ŧŭŭḗḗşḓȧȧẏ"},{"$i":"wednesday","$v":"Ẇḗḗḓƞḗḗşḓȧȧẏ"},{"$i":"thursday","$v":"Ŧħŭŭřşḓȧȧẏ"},{"$i":"friday","$v":"Ƒřīīḓȧȧẏ"},{"$i":"saturday","$v":"Şȧȧŧŭŭřḓȧȧẏ"},{"$i":"sunday","$v":"Şŭŭƞḓȧȧẏ"},{"$i":"billing-cycle-ends","$v":"Ɓīīŀŀīīƞɠ ƈẏƈŀḗḗ ḗḗƞḓş"},{"$i":"tracking-will-reset","$v":"Ŧřȧȧƈķīīƞɠ ẇīīŀŀ řḗḗşḗḗŧ ǿǿƞ ŧħīīş ḓȧȧŧḗḗ"},{"$i":"yes","$v":"Ẏḗḗş"},{"$i":"done","$v":"Ḓǿǿƞḗḗ"},{"$i":"confirmation","$v":"Ƈǿǿƞƒīīřḿȧȧŧīīǿǿƞ"},{"$i":"reset-wifi-confirmation-warning","$v":["Ẏǿǿŭŭř ƈŭŭřřḗḗƞŧ Ẇīī-Ƒīī ḓȧȧŧȧȧ ŭŭşȧȧɠḗḗ īīş ",{"t":"idOrVar","v":"wifiData"},". Ƈŀḗḗȧȧř īīŧ ȧȧŀŀ?"]},{"$i":"reset-mobile-confirmation-warning","$v":["Ẏǿǿŭŭř ƈŭŭřřḗḗƞŧ ḿǿǿƀīīŀḗḗ ḓȧȧŧȧȧ ŭŭşȧȧɠḗḗ īīş ",{"t":"idOrVar","v":"mobileData"},". Ƈŀḗḗȧȧř īīŧ ȧȧŀŀ?"]},{"$i":"reset-all-confirmation-warning","$v":["Ẏǿǿŭŭř ƈŭŭřřḗḗƞŧ ḓȧȧŧȧȧ ŭŭşȧȧɠḗḗş ȧȧřḗḗ ",{"t":"idOrVar","v":"mobileData"}," ǿǿƞ ḿǿǿƀīīŀḗḗ, ",{"t":"idOrVar","v":"wifiData"}," ǿǿƞ Ẇīī-Ƒīī. Ƈŀḗḗȧȧř īīŧ ȧȧŀŀ?"]},{"$i":"reset-telephony-confirmation-warning","$v":"Ȧȧŀŀ ƈŭŭřřḗḗƞŧ ḓȧȧŧȧȧ ẇīīŀŀ ƀḗḗ ḓḗḗŀḗḗŧḗḗḓ. Ȧȧřḗḗ ẏǿǿŭŭ şŭŭřḗḗ ẏǿǿŭŭ ẇȧȧƞŧ ŧǿǿ řḗḗşḗḗŧ?"},{"$i":"reset","$v":"Řḗḗşḗḗŧ"},{"$i":"reset-wifi","$v":"Řḗḗşḗḗŧ Ẇīī-Ƒīī ŭŭşȧȧɠḗḗ"},{"$i":"reset-mobile","$v":"Řḗḗşḗḗŧ ḿǿǿƀīīŀḗḗ ŭŭşȧȧɠḗḗ"},{"$i":"reset-all","$v":"Řḗḗşḗḗŧ ḿǿǿƀīīŀḗḗ & Ẇīī-Ƒīī ḓȧȧŧȧȧ"},{"$i":"not-set","$v":"Ƞǿǿŧ şḗḗŧ"},{"$i":"used","$v":"Ŭŭşḗḗḓ"},{"$i":"limit-passed","$v":"Ŀīīḿīīŧ ƥȧȧşşḗḗḓ"},{"$i":"limit","$v":"Ŀīīḿīīŧ"},{"$i":"data-limit-header","$v":"Ḓȧȧŧȧȧ ŭŭşȧȧɠḗḗ ŀīīḿīīŧ"},{"$i":"data-limit-alert","$v":"Ḓȧȧŧȧȧ ŭŭşḗḗ ȧȧŀḗḗřŧ"},{"$i":"data-limit-value2","$v":"Ẇħḗḗƞ ŭŭşḗḗ īīş ȧȧƀǿǿṽḗḗ"},{"$i":"data-limit-dialog-title2","$v":"Ḗḗƞŧḗḗř ȧȧ ḿǿǿƀīīŀḗḗ ḓȧȧŧȧȧ ŀīīḿīīŧ ȧȧŀḗḗřŧ"},{"$i":"data-limit-dialog-explanation2","$v":"Ƈǿǿƞƞḗḗƈŧīīǿǿƞ şƥḗḗḗḗḓş řḗḗḓŭŭƈḗḗ ȧȧƒŧḗḗř ŧħḗḗ ŀīīḿīīŧ īīş řḗḗȧȧƈħḗḗḓ. Ƈħḗḗƈķ ẇīīŧħ ẏǿǿŭŭř ḓȧȧŧȧȧ ƥřǿǿṽīīḓḗḗř ŧǿǿ şḗḗŧ ȧȧƞ ȧȧƥƥřǿǿƥřīīȧȧŧḗḗ ȧȧŀḗḗřŧ ŀḗḗṽḗḗŀ."},{"$i":"data-limit-input-label","ariaLabel":"Ḓȧȧŧȧȧ ŀīīḿīīŧ"},{"$i":"wifi-usage","$v":"Ẇīī-Ƒīī ŭŭşȧȧɠḗḗ"},{"$i":"mobile-usage","$v":"Ḿǿǿƀīīŀḗḗ ŭŭşȧȧɠḗḗ"},{"$i":"wifi-usage-settings","$v":"Ẇīī-Ƒīī ŭŭşȧȧɠḗḗ"},{"$i":"mobile-usage-settings","$v":"Ḿǿǿƀīīŀḗḗ ŭŭşȧȧɠḗḗ"},{"$i":"im-prepaid","$v":"Īī’ḿ Ƥřḗḗ-ƥȧȧīīḓ"},{"$i":"im-postpaid","$v":"Īī’ḿ Ƥǿǿşŧ-ƥȧȧīīḓ"},{"$i":"reset-data-usage","$v":"Řḗḗşḗḗŧ ḓȧȧŧȧȧ ŭŭşȧȧɠḗḗ"},{"$i":"reset-report","$v":"Řḗḗşḗḗŧ řḗḗƥǿǿřŧ"},{"$i":"next","$v":"Ƞḗḗẋŧ"},{"$i":"back","$v":"Ɓȧȧƈķ"},{"$i":"lets-go","$v":"Ŀḗḗŧ’ş ɠǿǿ!"},{"$i":"alert","$v":"Ȧȧŀḗḗřŧ"},{"$i":"alert-limit","$v":"Ȧȧŀḗḗřŧ Ŀīīḿīīŧ"},{"$i":"fte-welcome-title","$v":"Ẇḗḗŀƈǿǿḿḗḗ"},{"$i":"data-limit-notification-title2","$v":[{"t":"idOrVar","v":"limit"}," ǿǿƒ ḓȧȧŧȧȧ ŭŭşḗḗḓ"]},{"$i":"data-limit-notification-text2","$v":"Ẏǿǿŭŭ’ṽḗḗ řḗḗȧȧƈħḗḗḓ ŧħḗḗ ŀīīḿīīŧ ẏǿǿŭŭ şḗḗŀḗḗƈŧḗḗḓ"},{"$i":"low-balance-notification-title","$v":"Ŀǿǿẇ ƀȧȧŀȧȧƞƈḗḗ"},{"$i":"low-balance-notification-text","$v":[{"t":"idOrVar","v":"remaining"}," řḗḗḿȧȧīīƞīīƞɠ ƥħǿǿƞḗḗ ƈřḗḗḓīīŧ"]},{"$i":"zero-balance-message","$v":"Ɓȧȧŀȧȧƞƈḗḗ ħȧȧş řḗḗȧȧƈħḗḗḓ ẑḗḗřǿǿ, ƞǿǿ ƥħǿǿƞḗḗ ƈřḗḗḓīīŧ řḗḗḿȧȧīīƞīīƞɠ."},{"$i":"not-available","$v":"Ƞǿǿŧ ȧȧṽȧȧīīŀȧȧƀŀḗḗ"},{"$i":"usage","$v":"Ŭŭşȧȧɠḗḗ"},{"$i":"internet","$v":"Īīƞŧḗḗřƞḗḗŧ"},{"$i":"phone","$v":"Ƥħǿǿƞḗḗ"},{"$i":"loading-interface-data","$v":"Ŀǿǿȧȧḓīīƞɠ īīƞŧḗḗřƒȧȧƈḗḗ ḓȧȧŧȧȧ. Ƥŀḗḗȧȧşḗḗ řḗḗŧřẏ īīƞ ȧȧ ẇħīīŀḗḗ."},{"$i":"data-limit","$v":["Ḓȧȧŧȧȧ Ŀīīḿīīŧ (",{"t":"idOrVar","v":"value"},")"]},{"$i":"data-available2","$v":{"zero":[{"t":"idOrVar","v":"value"}," ",{"t":"idOrVar","v":"unit"}," ȧȧṽȧȧīīŀȧȧƀŀḗḗ"],"one":[{"t":"idOrVar","v":"value"}," ",{"t":"idOrVar","v":"unit"}," ȧȧṽȧȧīīŀȧȧƀŀḗḗ"],"two":[{"t":"idOrVar","v":"value"}," ",{"t":"idOrVar","v":"unit"}," ȧȧṽȧȧīīŀȧȧƀŀḗḗ"],"few":[{"t":"idOrVar","v":"value"}," ",{"t":"idOrVar","v":"unit"}," ȧȧṽȧȧīīŀȧȧƀŀḗḗ"],"many":[{"t":"idOrVar","v":"value"}," ",{"t":"idOrVar","v":"unit"}," ȧȧṽȧȧīīŀȧȧƀŀḗḗ"],"other":[{"t":"idOrVar","v":"value"}," ",{"t":"idOrVar","v":"unit"}," ȧȧṽȧȧīīŀȧȧƀŀḗḗ"]},"$x":[{"t":"idOrVar","v":"plural"},"value"]},{"$i":"over-limit","$v":{"one":[{"t":"idOrVar","v":"value"}," ",{"t":"idOrVar","v":"unit"}," ǿǿṽḗḗř ŀīīḿīīŧ"],"two":[{"t":"idOrVar","v":"value"}," ",{"t":"idOrVar","v":"unit"}," ǿǿṽḗḗř ŀīīḿīīŧ"],"few":[{"t":"idOrVar","v":"value"}," ",{"t":"idOrVar","v":"unit"}," ǿǿṽḗḗř ŀīīḿīīŧ"],"many":[{"t":"idOrVar","v":"value"}," ",{"t":"idOrVar","v":"unit"}," ǿǿṽḗḗř ŀīīḿīīŧ"],"other":[{"t":"idOrVar","v":"value"}," ",{"t":"idOrVar","v":"unit"}," ǿǿṽḗḗř ŀīīḿīīŧ"]},"$x":[{"t":"idOrVar","v":"plural"},"value"]},{"$i":"verbose-chart-date-format","$v":[{"t":"idOrVar","v":"em-month"}," ",{"t":"idOrVar","v":"monthday-number"}]},{"$i":"day-hour-format","$v":[{"t":"idOrVar","v":"day"},", ",{"t":"idOrVar","v":"time"}]},{"$i":"B","$v":"Ɓ"},{"$i":"KB","$v":"ĶƁ"},{"$i":"MB","$v":"ḾƁ"},{"$i":"GB","$v":"ƓƁ"},{"$i":"unit-MB","ariaLabel":"ḾƁ"},{"$i":"unit-GB","ariaLabel":"ƓƁ"},{"$i":"app-usage-list-header","$v":"Ḿǿǿƀīīŀḗḗ ŭŭşȧȧɠḗḗ ƥḗḗř ȧȧƥƥ"},{"$i":"app-usage-no-data","$v":"Ẏǿǿŭŭ ħȧȧṽḗḗ ƞǿǿŧ ŭŭşḗḗḓ ȧȧƞẏ ḿǿǿƀīīŀḗḗ ḓȧȧŧȧȧ ẏḗḗŧ. Ŭŭşȧȧɠḗḗ ƒǿǿř ḗḗȧȧƈħ ȧȧƥƥŀīīƈȧȧŧīīǿǿƞ ẇīīŀŀ şħǿǿẇ ŭŭƥ ħḗḗřḗḗ ẇħḗḗƞ ẏǿǿŭŭ ḓǿǿ."},{"$i":"data-used-since","$v":[{"t":"idOrVar","v":"amount"}," ǿǿƒ ḓȧȧŧȧȧ ŭŭşḗḗḓ şīīƞƈḗḗ ",{"t":"idOrVar","v":"start-date"}]},{"$i":"data-used-this-week","$v":[{"t":"idOrVar","v":"amount"}," ǿǿƒ ḓȧȧŧȧȧ ŭŭşḗḗḓ ŧħīīş ẇḗḗḗḗķ"]},{"$i":"data-used-this-month","$v":[{"t":"idOrVar","v":"amount"}," ǿǿƒ ḓȧȧŧȧȧ ŭŭşḗḗḓ ŧħīīş ḿǿǿƞŧħ"]},{"$i":"data-usage-other-apps","$v":"Ǿǿŧħḗḗřş"},{"$i":"data-usage-browser-app","$v":"Ɓřǿǿẇşḗḗř"},{"$i":"limit-layer-MB","ariaLabel":{"$v":["Ŀīīḿīīŧ ǿǿƒ ",{"t":"idOrVar","v":"value"}," ḾƁ"]}},{"$i":"limit-layer-GB","ariaLabel":{"$v":["Ŀīīḿīīŧ ǿǿƒ ",{"t":"idOrVar","v":"value"}," ƓƁ"]}},{"$i":"warning-layer","ariaLabel":{"$v":[{"t":"idOrVar","v":"value"}," ŀḗḗƒŧ"]}},{"$i":"limit-exceeded-layer","ariaLabel":{"$v":["Ḗḗẋƈḗḗḗḗḓḗḗḓ ƀẏ ",{"t":"idOrVar","v":"value"}]}},{"$i":"today-layer","ariaLabel":{"$v":["Ŧǿǿḓȧȧẏ īīş ",{"t":"idOrVar","v":"today"}]}},{"$i":"axis-layer","ariaLabel":{"$v":["Ƒřǿǿḿ ",{"t":"idOrVar","v":"from"}," ŧǿǿ ",{"t":"idOrVar","v":"to"}]}}]