{"brandShortName":{"_":"B2G OS"},"browserBrandShortName":{"_":"Web Browser"},"browserBrandFullName":{"_":"Mozilla Web Browser"},"add":{"_":"إضافة"},"back":{"_":"رجوع"},"call":{"_":"إتصال"},"edit":{"_":"تعديل"},"cancel":{"_":"إلغاء"},"done":{"_":"تم"},"ok":{"_":"موافق"},"update":{"_":"تحديث"},"retry":{"_":"محاولة مرة أخرى"},"contacts":{"_":"جهات الاتصال"},"addContact":{"_":"إضافة جهة اتصال"},"deleteContact":{"_":"حذف جهة اتصال"},"selectContact":{"_":"حدد جهة اتصال"},"selectAll":{"_":"Select all"},"deselectAll":{"_":"إلغاء اختيار الكل"},"editContact":{"_":"تحرير جهة اتصال"},"deleteConfirmMsg":{"_":"حذف جهة اتصال؟"},"remove":{"_":"إزالة"},"comments":{"_":"ملاحظات"},"no_contact_phones":{"_":"This contact does not have a phone number"},"no_contact_email":{"_":"This contact does not have an email address"},"removePhotoConfirm":{"_":"إزالة صورة جهة الإتصال؟"},"loadingContacts":{"_":"جارِ تحميل جهات الاتصال..."},"noContactsActivity":{"_":"Cannot add to contact as your contact list is empty"},"noName":{"_":"لا يوجد اسم"},"givenName":{"placeholder":"الاسم"},"familyName":{"placeholder":"إسم العائلة"},"tel":{"placeholder":"الهاتف"},"carrier":{"_":"جوَّال","placeholder":"جوَّال"},"separator":{"_":","},"email":{"_":"البريد الالكتروني","placeholder":"البريد الالكتروني"},"streetAddress":{"placeholder":"الشارع"},"postalCode":{"placeholder":"الرمز البريدي"},"locality":{"placeholder":"المدينة"},"countryName":{"placeholder":"الدولة"},"comment":{"placeholder":"ملاحظة"},"org":{"placeholder":"الشركة"},"custom":{"placeholder":"حقل اختياري","_":"وسم مخصص"},"date":{"_":"Date","placeholder":"Date"},"birthday":{"_":"تاريخ الميلاد"},"dateFormat":{"_":"%B %e"},"dateOutput":{"_":"{{dayMonthFormatted}} {{year}}"},"anniversary":{"_":"Anniversary"},"addPhoto":{"_":"إضافة صورة"},"addPhone":{"_":"إضافة هاتف"},"addEmail":{"_":"إضافة بريد الكتروني"},"addAddress":{"_":"إضافة عنوان"},"addDate":{"_":"Add Date"},"addComment":{"_":"إضافة ملاحظة"},"addFavorite":{"_":"إضافة للمفضلة"},"removeFavorite":{"_":"إزالة من المفضلة"},"label":{"_":"ملصق"},"mobile":{"_":"جوَّال"},"home":{"_":"المنزل"},"work":{"_":"العمل"},"personal":{"_":"شخصي"},"faxHome":{"_":"فاكس المنزل"},"faxOffice":{"_":"فاكس المكتب"},"faxOther":{"_":"فاكس آخر"},"another":{"_":"آخر"},"other":{"_":"Other"},"current":{"_":"Current"},"itemWithLabel":{"_":"{{label}}, {{item}}"},"exit":{"_":"خروج"},"expand":{"_":"توسيع"},"labelName":{"_":"الاسم:"},"labelLastName":{"_":"اسم العائلة:"},"labelPhoneNumber":{"_":"رقم الهاتف:"},"labelCarrier":{"_":"الجوَّال:"},"labelEmail":{"_":"البريد الإلكتروني:"},"labelStreet":{"_":"الشارع:"},"labelZip":{"_":"الرمز البريدي:"},"labelCity":{"_":"المدينة:"},"labelCountry":{"_":"البلد:"},"labelComment":{"_":"ملاحظة:"},"legendTitleMain":{"_":"معلومات أساسية"},"legendPhones":{"_":"أرقام الهاتف"},"legendEmail":{"_":"البريد الإلكتروني"},"legendAddress":{"_":"العنوان"},"settings":{"_":"إعدادات"},"search-contact":{"placeholder":"بحث"},"noResults":{"_":"لم يتم العثور على جهة اتصال"},"transferContactsTitle":{"_":"Transfer Contacts"},"importContactsTitle":{"_":"Import Contacts"},"importContactsButton":{"_":"Import Contacts"},"exportContactsTitle":{"_":"Export Contacts"},"exportContactsButton":{"_":"Export Contacts"},"exportContactsAction":{"_":"Export"},"simExport-title":{"_":"Export to SIM"},"sdExport-title":{"_":"Export to SD Card"},"btExport-title":{"_":"Export to Bluetooth"},"sdUMSEnabled":{"_":"Cannot use SD Card because USB storage is enabled"},"exportErrorTitle":{"_":"Export error"},"contactsExported2":{"_":"{[ plural(exported) ]}","_[zero]":"No contacts exported","_[one]":"{{exported}}/{{total}} contacts exported","_[two]":"{{exported}}/{{total}} contacts exported","_[few]":"{{exported}}/{{total}} contacts exported","_[many]":"{{exported}}/{{total}} contacts exported","_[other]":"{{exported}}/{{total}} contacts exported"},"exportError-general":{"_":"Some error happened while exporting"},"exportError-SD-shared":{"_":"Can’t access memory card because it’s shared"},"exportError-SD-unavailable":{"_":"Memory card is not available"},"exportError-SD-noSpace":{"_":"There’s not enough space on the memory card to export the contacts"},"exportError-SIM-unavailable":{"_":"SIM card is not available"},"exportError-BT-shared":{"_":"Can’t access memory card because it’s shared"},"exportError-BT-unavailable":{"_":"Memory card is not available"},"exportError-BT-noSpace":{"_":"There’s not enough space on the memory card to export the contacts"},"simContacts-import":{"_":"إستيراد جهات اتصال من SIM"},"simContacts-importing":{"_":"جارِ استيراد جهات الاتصال..."},"simContacts-reading":{"_":"جارِ القراءة من بطاقة SIM..."},"simContacts-error":{"_":"تعذَر إستيراد جهات الاتصال من بطاقة SIM"},"simContacts-imported3":{"_":"{[ plural(n) ]}","_[zero]":"لم يتم العثور على جهات اتصال للاستيراد على شريحة الجوّال","_[one]":"تم استيراد اسم واحد","_[two]":"تم إستيراد {{n}} أسماء","_[few]":"تم إستيراد {{n}} أسماء","_[many]":"تم إستيراد {{n}} أسماء","_[other]":"تم إستيراد {{n}} أسماء"},"noSimMsg":{"_":"لاستيراد جهات الاتصال ادخل او فك قفل بطاقة SIM"},"noSimMsgExport":{"_":"To export contacts insert or unlock your SIM card"},"simNumber":{"_":"SIM {{number}}"},"memoryCardContacts-import":{"_":"Import contacts from memory card"},"memoryCardContacts-importing":{"_":"Importing contacts from memory card…"},"memoryCardContacts-reading":{"_":"Reading from memory card…"},"memoryCardContacts-error":{"_":"Could not import contacts from memory card"},"memoryCardContacts-imported3":{"_":"{[ plural(n) ]}","_[zero]":"No contacts detected on memory card to import","_[one]":"Imported one contact","_[two]":"Imported {{n}} contacts","_[few]":"Imported {{n}} contacts","_[many]":"Imported {{n}} contacts","_[other]":"Imported {{n}} contacts"},"noMemoryCardMsg":{"_":"To import contacts insert a memory card"},"noMemoryCardMsgExport":{"_":"To export contacts insert a memory card"},"genericProgress":{"_":"{{current}}/{{total}}"},"social-network":{"_":"الشبكات الاجتماعية"},"social-link":{"_":"ربط جهة اتصال"},"social-unlink":{"_":"إلغاء ربط جهة الاتصال "},"social-unlink-confirm-title":{"_":"هل تريد إلغاء الربط مع صديقك؟"},"social-unlink-confirm-accept":{"_":"إلغاء الربط"},"facebook-import":{"_":"إستيراد أصدقاء الفيسبوك"},"show-fb-profile":{"_":"عرض ملف الفيسبوك"},"msg-send":{"_":"رسالة"},"wall-post":{"_":"منشور جداري"},"facebook":{"_":"الفيسبوك"},"facebook-import-msg":{"_":"{[ plural(imported) ]}","_[zero]":"لم يتم استيراد أي صديق من ({{total}})","_[one]":"تم استيراد صديق واحد (من {{total}})","_[two]":"تم استيراد {{imported}}/{{total}} أصدقاء","_[few]":"تم استيراد {{imported}}/{{total}} أصدقاء","_[many]":"تم استيراد {{imported}}/{{total}} أصدقاء","_[other]":"تم استيراد {{imported}}/{{total}} أصدقاء"},"otherAccount":{"_":"حسابات أخرى"},"facebookSwitchMsg":{"_":"Sync friends"},"select_mobile":{"_":"إختر جوٌّال"},"select_email":{"_":"إختر بريد إلكتروني"},"contactsOrderBy":{"_":"ترتيب حسب الإسم الأخير"},"importSim2":{"_":"SIM card"},"importMemoryCard":{"_":"Memory card"},"importGmail":{"_":"Gmail"},"bluetooth":{"_":"Bluetooth"},"importOutlook":{"_":"Outlook"},"fbUpdateFriends":{"_":"تحديث الاصدقاء المستوردين"},"cleaningFbData":{"_":"جارِ حذف بيانات الفيسبوك"},"loggingOutFb":{"_":"جارِ تسجيل الخروج من الفيسبوك"},"cleanFbConfirmMsg":{"_":"حذف جميع بيانات الفيسبوك؟"},"renewPwdMsg":{"_":"تم تغيير كلمة سِّر الفيسبوك، الرجاء تحديثها."},"noConnection11":{"_":"To import Facebook friends or contacts connect to Wi-Fi or data network"},"notEnabledYet":{"_":"غير مُفعَّل حتى الان"},"genericNoConnection":{"_":"To import contacts connect to Wi-Fi or data network"},"simCard":{"_":"SIM card"},"memoryCard":{"_":"Memory card"},"create-new":{"_":"إنشاء جهة اتصال جديده"},"import-now":{"_":"إستورد جهات الاتصال من بطاقة SIM أو من حساب الفيسبوك"},"no-contacts":{"_":"لا توجد جهات اتصال"},"start-adding":{"_":"إبدأ بإضافتهم الآن"},"notImported":{"_":"Not imported"},"imported":{"_":"Imported"},"today":{"_":"Today"},"yesterday":{"_":"Yesterday"},"messageCanceling":{"_":"Please hold on. We are canceling the ongoing operation."},"organise-contacts":{"_":"Organize Contacts"},"find-merge-contacts":{"_":"Find duplicate contacts"},"preparing-contacts":{"_":"Preparing contacts"},"exportError-SIM-NoFreeRecordFound":{"_":"SIM Card is full"},"exportError-SIM-CannotAccessPhoneBook":{"_":"Cannot access SIM card's phone book"},"exportError-SIM-Unavailable":{"_":"No SIM detected"},"exportError-SIM-GenericError":{"_":"An error occurred while exporting a contact"},"callAirplaneModeMessage":{"_":"لإجراء مكالمة، قم بإلغاء وضع الطيران من الاعدادات."},"callAirplaneModeBtnOk":{"_":"موافق"},"callAirplaneModeTitle":{"_":"وضع الطيران مُفعّل"},"numberIsBusyTitle":{"_":"Number is busy"},"numberIsBusyMessage":{"_":"The number is currently busy. Please try again later."},"fdnIsEnabledTitle":{"_":"FDN active"},"fdnIsEnabledMessage":{"_":"This number is blocked as it is not in your list of authorized numbers."},"voiceMail":{"_":"Voicemail"},"emergencyNumber":{"_":"رقم الطوارئ"},"emergencyDialogBodyBadNumber":{"_":"للإتصال يجب أن يكون الجوال مُتصل بشبكة."},"emergencyDialogBodyDeviceNotAccepted":{"_":"مكالمات الطوارئ غير مسموحة من الشبكة."},"emergencyDialogBtnOk":{"_":"موافق"},"emergencyDialogTitle":{"_":"لا يوجد اتصال بالشبكة "},"invalidNumberToDialTitle":{"_":"رقم هاتف غير صحيح"},"invalidNumberToDialMessage":{"_":"رقم الهاتف الذي تحاول الاتصال به غير صحيح"},"unableToCallTitle":{"_":"Unable to make a phone call now"},"unableToCallMessage":{"_":"Cannot make a call. If you are already dialing, please hang up first."},"otherConnectionInUseTitle":{"_":"Other connection in use"},"otherConnectionInUseMessage":{"_":"You have an active call on another connection. You can only use one connection at a time."},"birthdayDateFormat":{"_":"%B %e"},"pincode2":{"_":"أدخل كود PIN"},"type_pin":{"_":"ادخل كود PIN"},"pincodeLabel":{"_":"SIM {{n}} PIN"},"pinValidation":{"_":"رقم الكود يجب أن يحتوي 4 إلى 8 احرف"},"pinError":{"_":"كود PIN خاطئ."},"pinAttemptMsg2":{"_":"{[ plural(n) ]}","_[one]":"لديك محاوله واحدة متبقية لادخال الكود الصحيح قبل اغلاق بطاقة SIM.","_[two]":"لديك {{n}} محاولات متبقية لادخال الكود الصحيح قبل اغلاق بطاقة SIM.","_[few]":"لديك {{n}} محاولات متبقية لادخال الكود الصحيح قبل اغلاق بطاقة SIM.","_[many]":"لديك {{n}} محاولات متبقية لادخال الكود الصحيح قبل اغلاق بطاقة SIM.","_[other]":"لديك {{n}} محاولات متبقية لادخال الكود الصحيح قبل اغلاق بطاقة SIM."},"pinLastChanceMsg":{"_":"هذه آخر فرصة لك لإدخال رقم التعريف الشخصي الصحيح. خلاف ذلك، يجب عليك إدخال مفتاح إلغاء التأمين الشخصي PUK لإستخدام هذه الشريحة."},"pukcode":{"_":"أدخل كود PUK "},"pukcodeTitle":{"_":"Enter SIM {{n}} PUK"},"pukcodeLabel":{"_":"SIM {{n}} PUK"},"type_puk":{"_":"كود PUK "},"pukValidation":{"_":"رقم الكود يجب أن يكوت 8 احرف بالضبط."},"pukInfo":{"_":"يجب عليك إدخال مفتاح إلغاء التأمين الشخصي (PUK) للشريحة. ارجع إلى وثائق الشريحة أو اتصل بالناقل الخاص بك للحصول على مزيد من المعلومات."},"pukError":{"_":"كود PUK غير صحيح."},"pukAttemptMsg2":{"_":"{[ plural(n) ]}","_[one]":"لديك محاولة واحدة متبقية لإدخال الرمز الصحيح قبل أن تصبح هذه الشريحة غير صالحة للإستعمال بشكل دائم. ارجع إلى وثائق الشريحة أو اتصل بالمزود الخاص بك للحصول على مزيد من المعلومات.","_[two]":"لديك {{n}} محاولة لإدخال الرمز الصحيح قبل أن تصبح هذه الشريحة غير صالحة للإستعمال بشكل دائم. ارجع إلى وثائق الشريحة أو اتصل بالناقل الخاص بك للحصول على مزيد من المعلومات.","_[few]":"لديك {{n}} محاولة لإدخال الرمز الصحيح قبل أن تصبح هذه الشريحة غير صالحة للإستعمال بشكل دائم. ارجع إلى وثائق الشريحة أو اتصل بالناقل الخاص بك للحصول على مزيد من المعلومات.","_[many]":"لديك {{n}} محاولة لإدخال الرمز الصحيح قبل أن تصبح هذه الشريحة غير صالحة للإستعمال بشكل دائم. ارجع إلى وثائق الشريحة أو اتصل بالناقل الخاص بك للحصول على مزيد من المعلومات.","_[other]":"لديك {{n}} محاولة لإدخال الرمز الصحيح قبل أن تصبح هذه الشريحة غير صالحة للإستعمال بشكل دائم. ارجع إلى وثائق الشريحة أو اتصل بالناقل الخاص بك للحصول على مزيد من المعلومات."},"pukLastChanceMsg":{"_":"آخر فرصة لإدخال مفتاح إلغاء التأمين الشخصي PUK الصحيح. شريحتك ستصبح غير صالحة للإستعمال بشكل دائم إذا أدخلت مفتاح إلغاء تأمين شخصي  PUK  خاطىء."},"create_newpin":{"_":"أنشىء رقم PIN جديد (يجب أن يحتوي من 4 إلى 8 أرقام)"},"confirm_newpin":{"_":"أكِّد كود PIN"},"newpinConfirmation":{"_":"كودين PIN غير متطابقين"},"nckcode":{"_":"ادخل كود NCK"},"cckcode":{"_":"ادخل كود CCK"},"spckcode":{"_":"ادخل كود SPCK"},"nckcodeTitle":{"_":"Enter SIM {{n}} NCK"},"cckcodeTitle":{"_":"Enter SIM {{n}} CCK"},"spckcodeTitle":{"_":"Enter SIM {{n}} SPCK"},"nckcodeLabel":{"_":"SIM {{n}} NCK"},"cckcodeLabel":{"_":"SIM {{n}} CCK"},"spckcodeLabel":{"_":"SIM {{n}} SPCK"},"type_nck":{"_":"Type your NCK code"},"type_cck":{"_":"Type your CCK code"},"type_spck":{"_":"Type your SPCK code"},"nckValidation":{"_":"NCK must have between 8 and 16 characters."},"cckValidation":{"_":"CCK must have between 8 and 16 characters."},"spckValidation":{"_":"SPCK must have between 8 and 16 characters."},"nckErrorMsg":{"_":"كود NCK غير صحيح."},"nckAttemptMsg2":{"_":"{[ plural(n) ]}","_[one]":"فشل طلب عدم تخصيص الشبكة. لديك محاوله واحدة متبقية لادخال الكود الصحيح. راجع وثائق جهازك أو اتصل مع مزود الخدمة لمعلومات اضافية.","_[two]":"فشل طلب عدم تخصيص الشبكة. لديك {{n}} محاولات متبقية لادخال الكود الصحيح. راجع وثائق جهازك أو اتصل مع مزود الخدمة لمعلومات اضافية.","_[few]":"فشل طلب عدم تخصيص الشبكة. لديك {{n}} محاولات متبقية لادخال الكود الصحيح. راجع وثائق جهازك أو اتصل مع مزود الخدمة لمعلومات اضافية.","_[many]":"فشل طلب عدم تخصيص الشبكة. لديك {{n}} محاولات متبقية لادخال الكود الصحيح. راجع وثائق جهازك أو اتصل مع مزود الخدمة لمعلومات اضافية.","_[other]":"فشل طلب عدم تخصيص الشبكة. لديك {{n}} محاولات متبقية لادخال الكود الصحيح. راجع وثائق جهازك أو اتصل مع مزود الخدمة لمعلومات اضافية."},"nckLastChanceMsg":{"_":"فشل طلب عدم تخصيص الشبكة. لديك محاولة اخيرة لادخال كود NCL. راجع وثائق جهازك أو اتصل مع مزود الخدمة لمعلومات اضافية."},"skip":{"_":"Skip"},"send":{"_":"أرسِّل"},"simLocked":{"_":"بطاقة SIM مقفلة."},"inputCodeRetriesLeft":{"_":"{[ plural(n) ]}","_[one]":"اخِر محاولة","_[two]":"{{n}} محاولة متبقية .","_[few]":"{{n}} محاولة متبقية .","_[many]":"{{n}} محاولة متبقية .","_[other]":"{{n}} محاولة متبقية ."},"simManager":{"_":"SIM Manager"},"simDetail":{"_":"SIM {{n}}"},"simDefault":{"_":"(default)"},"simDefaultMessage":{"_":"Outgoing calls, outgoing messages and data connection are set to SIM 1 as default"},"simSettingsMessage":{"_":"You can change default settings at Settings > SIM manager"},"simPinLocked":{"_":"SIM PIN locked"},"noOperator":{"_":"No operator"},"language":{"_":"اللغة"},"english":{"_":"الإنجليزية"},"dvorak":{"_":"الإنجليزية (دفوراك)"},"spanish":{"_":"الإسبانية"},"portuguese":{"_":"البرتغالية البرازيلية"},"french":{"_":"فرنسي"},"italian":{"_":"إيطالي"},"arabic":{"_":"العربية"},"greek":{"_":"اليونانية"},"hebrew":{"_":"العبرية"},"jp-kanji":{"_":"اليابانية"},"jp-kanji-desc":{"_":"Kanji"},"traditionalChinese":{"_":"الصينية التقليدية"},"traditionalChinese-desc":{"_":"Zhuyin"},"simplifiedChinese":{"_":"الصينية المبسطة"},"simplifiedChinese-desc":{"_":"Pinyin"},"3g":{"_":"بيانات الجوّال"},"dataConnection":{"_":"فعِّل البيانات"},"dataConnectionInfo":{"_":"تفعيل اتصال البيانات يسمح لك الآن باعداد جوّالك دون اتصال واي فاي.يمكنك فعل ذلك لاحق من الإعدادات. تأكد من مزودك بوجود اشتراك للبيانات لتجنب دفع مبالغ كبيرة محتملة."},"caution":{"_":"تحذير"},"geolocation":{"_":"تحديد الموقع الجغرافي"},"geolocationCheckbox":{"_":"Enable Geolocation"},"geolocationInfo2":{"_":"{{brandShortName}} uses data such as GPS, Wi-Fi, and mobile networks near you to help determine your approximate location."},"geolocationInfoMore":{"_":"Data is sent to Mozilla and other service providers and will be used in the aggregate to improve those location databases.  Data may be stored on your device and data collection may occur even when no apps are running."},"notice":{"_":"Notice"},"aboutYourPrivacy":{"_":"More about your privacy"},"wifi":{"_":"Wi-Fi"},"scanningNetworks":{"_":"Scanning for networks"},"selectNetwork":{"_":"Select a network"},"shortStatus-connecting":{"_":"جارِ الاتصال ..."},"shortStatus-associated":{"_":"جارِ الحصول علي عنوان IP ..."},"shortStatus-connected":{"_":"مُتصِّل ."},"shortStatus-connectingfailed":{"_":"فشل الاتصال ."},"shortStatus-disconnected":{"_":"غير مُتصِّل"},"securedBy":{"_":"الشبكة مشفرة ب {{capabilities}}"},"security":{"_":"الأمان"},"securityNone":{"_":"لا يوجد"},"securityWEP":{"_":"WEP"},"securityWPA-PSK":{"_":"WPA-PSK"},"securityWPA-EAP":{"_":"WPA-EAP"},"securityOpen":{"_":"إفتح"},"identity":{"_":"مستخدم"},"identityInput":{"placeholder":"مستخدم"},"password":{"_":"كلمة السِّر"},"passwordInput":{"placeholder":"كلمة السِّر"},"showPassword":{"_":"أظهِر كلمة السِّر"},"refresh":{"_":"حدِّث"},"noWifiFound3":{"_":"No wireless networks found"},"join-hidden-button":{"_":"Join hidden network"},"authentication":{"_":"Authentication"},"ssid-name":{"_":"SSID Network Name"},"dateAndTime":{"_":"التاريخ والوقت"},"setTimeAutomatically":{"_":"اجعلها تلقائية"},"timezoneMessage":{"_":"منطقة زمنية"},"timezoneTitle":{"_":"UTC{{utcOffset}} {{region}}/{{city}}"},"dateMessage":{"_":"تاريخ"},"timeMessage":{"_":"الوقت"},"timeZone":{"_":"منطقة زمنية"},"change":{"_":"غيّر"},"importContacts3":{"_":"استورد جهات الاتصال"},"importFb2":{"_":"الفيسبوك"},"fb-checking":{"_":"... جارِ التحقق"},"notImportedYet":{"_":"لم يتم الاستيراد بعد"},"afterFbImport":{"_":"يمكنك استيراد وتحرير اصدقائك من الفيسبوك في أي وقت من اعدادات جهات الاتصال"},"about-your-rights-0":{"_":"{{brandShortName}} هو برنامج حر ومفتوح المصدر، تم إنشاؤه بواسط مجتمع يحوي آلاف المساهمين من كل أنحاء العالم. هناك بعض الأمور ينبغي عليك أن تعرفها: "},"about-your-rights-1":{"_":"تم اتاحة {{brandShortName}} لك بموجب شروط تراخيص عدة مفتوحة المصدر بما في ذلك الرخصة العمومية لموزيلا. ويمكن لجوّال يعمل ب {{brandShortName}} ان بحتوي على برمجيات مملوكة من أطراف ثالثة. أي رمز منصوص عليه في التراخيص المفتوحة تعطيك الحق في تعديل المصدر وتوزيع الإصدارات الخاصة بك ما دمت ممتثلا لأحكامها."},"about-your-rights-2":{"_":"لا تمنح لك أية حقوق في العلامة التجارية أو رخص من العلامات التجارية لمؤسسة موزيلا أو أي طرف، بما في ذلك على سبيل المثال لا الحصر قيد النص المؤقت لإسم أو شعار {{brandShortName}}."},"about-your-rights-3":{"_":"بعض الميزات في {{brandShortName}}، مثل مراسل اﻷعطال، تعطيك الخيار في توفير تقرير حال لموزيلا. عن طريق اختيار إرسال تقرير الحال، أنت تعطي الإذن لموزيلا في استخدام تقرير الحال لتحسين منتجاتها، في نشر تقرير الحال على مواقع الويب الخاصة بها، وفي توزيع تقرير الحال."},"about-other":{"_":"أخرى"},"SIM_mandatory":{"_":"SIM Card Warning"},"SIM_mandatory_warm":{"_":"Please, insert a SIM card and reboot your phone."},"sharing-performance-data":{"_":"مشاركة بيانات الأداء"},"telemetry-sends":{"_":"القياس عن بعد يتيح لك القيام بإرسال معلومات أكثر تفصيلا لموزيلا حول استخدام الأجهزة والأداء والتخصيصات الخاصة بك في جهاز {{brandFullName}}. ونحن نستخدم هذه المعلومات على جعل منتجاتنا أفضل وأسرع وأكثر استجابة.."},"learn-more-at":{"_":"تعلم أكثر على"},"external-telemetry":{"title":"القياس عن بعد"},"learn-about-information":{"_":"تعلم كيف تقوم موزيلا بمعالجة المعلومات الخاصة بك على"},"external-privacy":{"title":"الخصوصية"},"welcomeBrowser":{"_":"{{brandShortName}} هو نظام تشغيل موزيلا المجاني والمفتوح المصدر. مهمتنا هي تشجيع وتعزيز الانفتاح والابتكار وتوليد الفرص عن طريق تسليمك طاقات الوب."},"learnHow":{"_":"تعلم كيف تقوم موزيلا بمعالجة المعلومات الخاصة بك في موقعنا"},"privacyPolicy":{"_":"سياسة الخصوصية","title":"سياسة الخصوصية"},"aboutBrowser":{"_":"حول {{brandShortName}}"},"aboutYourPrivacy2":{"_":"خصوصيتك"},"mozillaCommunity2":{"_":"عند استخدام {{brandShortName}}، فإنك تصبح جزءا من مجتمع عالمي يساعد على بناء مستقبل أكثر إشراقا للوب. إذا كنت ترغب في معرفة المزيد عن مجتمع موزيلا، ومنتجاتنا الأخرى والأحداث القريبة منك، ادخل عنوان بريدك الالكتروني أدناه."},"collaborate":{"_":"أريد المساعدة في جعل {{brandShortName}} أسرع وذو استعمال أسهل وذلك عن طريق مشاركتي لمعلومات حول هاتفي."},"learnMore":{"_":"تعلم أكثر."},"emailAddress":{"placeholder":"البريد الإلكتروني"},"email-successfully-added":{"_":"تم اضافة البريد الالكتروني بنجاح!"},"email-loading":{"_":"جارِ حفظ البريد الالكتروني..."},"browserPrivacyChoices":{"_":"{{brandShortName}} خيارات الخصوصية"},"privacy-b2g":{"_":"{{brandShortName}}","title":"{{brandShortName}}"},"privacy-marketplace":{"_":"السوق","title":"{{privacy-marketplace}}"},"privacy-e-me":{"_":"everything.me","title":"{{privacy-e-me}}"},"navbar-back":{"_":"رجوع"},"navbar-next":{"_":"التالي"},"navbar-join":{"_":"Join"},"thatsIt":{"_":"هذا كل شيء!"},"startYourPhone":{"_":"ابدأ جولة جوالك"},"startYourTablet":{"_":"Start your tablet tour!"},"joinTutorial":{"_":"انضم لنا في جولة سريعة عن جوّالك الجديد."},"enjoyYourPhone":{"_":"كنت على استعداد للاستمتاع جوّالك الجديد."},"optionsAvailable":{"_":"يمكنك تغير اللغة والتاريخ واليوم ووصلة الواي فاي من خلال الإعدادات"},"letsGo":{"_":"هيا بنا"},"startTour":{"_":"ابدء الجولة"},"thatsIt1Tablet-2":{"_":"You can always swipe from the bottom edge to enter home screen."},"thatsIt2Tablet-2":{"_":"Let's do it !"},"tutorial-step1-tiny":{"_":"مرر سريعا من اليمين الى اليسار لتصفح تطبيقاتك."},"tutorial-step2-tiny":{"_":"Tap and hold on an icon to delete or move it."},"tutorial-step3-tiny":{"_":"Enter any keyword or topic and your phone will instantly adapt."},"tutorial-step4-tiny":{"_":"مرر سريعا للاسفل للوصل لاخر التنبيهات، ومعلومات الرصيد والاعدادات."},"tutorial-step5-tiny":{"_":"اضغط لفترة طويلة على زر الرئيسي لتصفح أو اغلاق اخر التطبيقات."},"tutorial-step6-tiny":{"_":"Swipe from the side of the screen to move back and forth between recent apps."},"tutorial-step1-large-2":{"_":"Swipe down from top to access recent notiﬁcations, credit information and settings."},"tutorial-step2-large-2":{"_":"Swipe left or right to discover new apps on home screen."},"tutorial-step3-large-2":{"_":"Tap and hold on an icon to delete or move it."},"tutorial-step4-large-2":{"_":"Two fingers swipe up from the bottom edge to trigger card view."},"offline-dialog-title":{"_":"يجب ان تكون متصل بالانترنت لمشاهدة هذه الصفحة"},"offline-dialog-text":{"_":"الرجاء الرجوع والاتصال بالانترنت. يمكنك دائما مشاهدة هذه الصفحة من الاعدادات أو ادخال   {{url}} من أي متصفح."},"OK":{"_":"موافق"},"offline-newsletter-dialog-title":{"_":"يجب ان تكون متصل بالانترنت للاشتراك في النشرة الاخبارية."},"offline-newsletter-dialog-text":{"_":"يرجى العودة والاتصال بالإنترنت."},"invalid-email-dialog-title":{"_":"بريدك الالكتروني غير صحيح"},"invalid-email-dialog-text":{"_":"يرجى العودة وتصحيح الإدخال."},"weekday-0-long":{"_":"Sunday"},"weekday-1-long":{"_":"Monday"},"weekday-2-long":{"_":"Tuesday"},"weekday-3-long":{"_":"Wednesday"},"weekday-4-long":{"_":"Thursday"},"weekday-5-long":{"_":"Friday"},"weekday-6-long":{"_":"Saturday"},"weekday-0-short":{"_":"Sun"},"weekday-1-short":{"_":"Mon"},"weekday-2-short":{"_":"Tue"},"weekday-3-short":{"_":"Wed"},"weekday-4-short":{"_":"Thu"},"weekday-5-short":{"_":"Fri"},"weekday-6-short":{"_":"Sat"},"month-0-long":{"_":"January"},"month-1-long":{"_":"February"},"month-2-long":{"_":"March"},"month-3-long":{"_":"April"},"month-4-long":{"_":"May"},"month-5-long":{"_":"June"},"month-6-long":{"_":"July"},"month-7-long":{"_":"August"},"month-8-long":{"_":"September"},"month-9-long":{"_":"October"},"month-10-long":{"_":"November"},"month-11-long":{"_":"December"},"month-0-genitive":{"_":"January"},"month-1-genitive":{"_":"February"},"month-2-genitive":{"_":"March"},"month-3-genitive":{"_":"April"},"month-4-genitive":{"_":"May"},"month-5-genitive":{"_":"June"},"month-6-genitive":{"_":"July"},"month-7-genitive":{"_":"August"},"month-8-genitive":{"_":"September"},"month-9-genitive":{"_":"October"},"month-10-genitive":{"_":"November"},"month-11-genitive":{"_":"December"},"month-0-short":{"_":"Jan"},"month-1-short":{"_":"Feb"},"month-2-short":{"_":"Mar"},"month-3-short":{"_":"Apr"},"month-4-short":{"_":"May"},"month-5-short":{"_":"Jun"},"month-6-short":{"_":"Jul"},"month-7-short":{"_":"Aug"},"month-8-short":{"_":"Sep"},"month-9-short":{"_":"Oct"},"month-10-short":{"_":"Nov"},"month-11-short":{"_":"Dec"},"minutes-ago-long":{"_":"{[ plural(value) ]}","_[zero]":"just now","_[one]":"a minute ago","_[two]":"{{value}} minutes ago","_[few]":"{{value}} minutes ago","_[many]":"{{value}} minutes ago","_[other]":"{{value}} minutes ago"},"hours-ago-long":{"_":"{[ plural(value) ]}","_[zero]":"just now","_[one]":"an hour ago","_[two]":"{{value}} hours ago","_[few]":"{{value}} hours ago","_[many]":"{{value}} hours ago","_[other]":"{{value}} hours ago"},"days-ago-long":{"_":"{[ plural(value) ]}","_[zero]":"today","_[one]":"yesterday","_[two]":"{{value}} days ago","_[few]":"{{value}} days ago","_[many]":"{{value}} days ago","_[other]":"{{value}} days ago"},"weeks-ago-long":{"_":"{[ plural(value) ]}","_[zero]":"this week","_[one]":"last week","_[two]":"{{value}} weeks ago","_[few]":"{{value}} weeks ago","_[many]":"{{value}} weeks ago","_[other]":"{{value}} weeks ago"},"months-ago-long":{"_":"{[ plural(value) ]}","_[zero]":"this month","_[one]":"last month","_[two]":"{{value}} months ago","_[few]":"{{value}} months ago","_[many]":"{{value}} months ago","_[other]":"{{value}} months ago"},"years-ago-long":{"_":"{[ plural(value) ]}","_[zero]":"this year","_[one]":"last year","_[two]":"{{value}} years ago","_[few]":"{{value}} years ago","_[many]":"{{value}} years ago","_[other]":"{{value}} years ago"},"minutes-until-long":{"_":"{[ plural(value) ]}","_[zero]":"now","_[one]":"in a minute","_[two]":"in {{value}} minutes","_[few]":"in {{value}} minutes","_[many]":"in {{value}} minutes","_[other]":"in {{value}} minutes"},"hours-until-long":{"_":"{[ plural(value) ]}","_[zero]":"now","_[one]":"in an hour","_[two]":"in {{value}} hours","_[few]":"in {{value}} hours","_[many]":"in {{value}} hours","_[other]":"in {{value}} hours"},"days-until-long":{"_":"{[ plural(value) ]}","_[zero]":"today","_[one]":"tomorrow","_[two]":"in {{value}} days","_[few]":"in {{value}} days","_[many]":"in {{value}} days","_[other]":"in {{value}} days"},"weeks-until-long":{"_":"{[ plural(value) ]}","_[zero]":"this week","_[one]":"next week","_[two]":"in {{value}} weeks","_[few]":"in {{value}} weeks","_[many]":"in {{value}} weeks","_[other]":"in {{value}} weeks"},"months-until-long":{"_":"{[ plural(value) ]}","_[zero]":"this month","_[one]":"next month","_[two]":"in {{value}} months","_[few]":"in {{value}} months","_[many]":"in {{value}} months","_[other]":"in {{value}} months"},"years-until-long":{"_":"{[ plural(value) ]}","_[zero]":"this year","_[one]":"next year","_[two]":"in {{value}} years","_[few]":"in {{value}} years","_[many]":"in {{value}} years","_[other]":"in {{value}} years"},"minutes-ago-short":{"_":"{[ plural(value) ]}","_[zero]":"just now","_[other]":"{{value}}m ago"},"hours-ago-short":{"_":"{[ plural(value) ]}","_[zero]":"just now","_[other]":"{{value}}h ago"},"days-ago-short":{"_":"{[ plural(value) ]}","_[zero]":"today","_[other]":"{{value}}d ago"},"minutes-until-short":{"_":"{[ plural(value) ]}","_[zero]":"now","_[other]":"in {{value}}m"},"hours-until-short":{"_":"{[ plural(value) ]}","_[zero]":"now","_[other]":"in {{value}}h"},"days-until-short":{"_":"{[ plural(value) ]}","_[zero]":"today","_[other]":"in {{value}}d"},"incorrectDate":{"_":"(incorrect date)"},"dateTimeFormat_%c":{"_":"%a %b %e %Y %I:%M:%S %p"},"dateTimeFormat_%x":{"_":"%m/%d/%Y"},"dateTimeFormat_%X":{"_":"%I:%M:%S %p"},"shortTimeFormat":{"_":"%I:%M %p"},"shortDateTimeFormat":{"_":"%x %I:%M %p"},"weekStartsOnMonday":{"_":"0"},"time_am":{"_":"AM"},"time_pm":{"_":"PM"},"tz-region":{"_":"Region"},"tz-city":{"_":"City"},"tzRegion-Africa":{"_":"Africa"},"tzRegion-America":{"_":"America"},"tzRegion-Antarctica":{"_":"Antarctica"},"tzRegion-Asia":{"_":"Asia"},"tzRegion-Atlantic":{"_":"Atlantic Ocean"},"tzRegion-Australia":{"_":"Australia"},"tzRegion-Europe":{"_":"Europe"},"tzRegion-Indian":{"_":"Indian Ocean"},"tzRegion-Pacific":{"_":"Pacific Ocean"},"close":{"_":"إغلاق"},"import":{"_":"استيراد"},"fbFriends":{"_":"اصدقاء الفيسبوك"},"live-serviceName":{"_":"Outlook"},"gmail-serviceName":{"_":"Gmail"},"facebook-serviceName":{"_":"اصدقاء الفيسبوك"},"viewAll":{"_":"عرض جميع اصدقاء الفيسبوك"},"viewRecommend":{"_":"عرض الموصى به فقط"},"linkProposal":{"_":"{[ plural(numFriends) ]}","_[zero]":"لا يوجد نتائج. إظهار الكل.","_[one]":"إختيار المُوصى به","_[two]":"إختيار أحد المُوصى به","_[few]":"إختيار أحد المُوصى به","_[many]":"اختر احد المُوصى به","_[other]":"اختر احد المُوصى به"},"fbFriendsFound":{"_":"{[ plural(numFriends) ]}","_[zero]":"تم استيراد جميع اصدقائك","_[one]":"تم إيجاد صديق واحد للاستيراد","_[two]":"تم العثور على {{numFriends}} اصدقاء للاستيراد","_[few]":"تم العثور على {{numFriends}} اصدقاء للاستيراد","_[many]":"تم العثور على {{numFriends}} اصدقاء للاستيراد","_[other]":"تم العثور على {{numFriends}} اصدقاء للاستيراد"},"done-search":{"_":"تم"},"progressFB3ImportTitle":{"_":"استيراد الاصدقاء إلى الاسماء"},"progressFB":{"_":"{{current}}/{{total}}"},"progressFB3UpdateTitle":{"_":"جارِ تحديث الاصدقاء في الاسماء"},"message2":{"_":"ربما يتطلب عدة دقائق"},"messageLinking":{"_":"الرجاء الانتظار. جارِ ربط اصدقائك وجهات اتصالك"},"error1":{"_":"خطأ {{from}}"},"error2":{"_":"هل تريد المحاولة مرة أخرى؟"},"errorProposal":{"_":"جارِ حساب المقترحات"},"errorFriends":{"_":"استرجاع الأصدقاء"},"errorLinking":{"_":"جارِ ربط جهة الاتصال "},"timeout1":{"_":"{{from}} تجاوز المهلة"},"timeout2":{"_":"هل تريد المحاولة مرة أخرى؟"},"timeoutProposal":{"_":"جارِ حساب المقترحات"},"timeoutFriends":{"_":"استرجاع الأصدقاء"},"timeoutLinking":{"_":"جارِ ربط جهات الاتصال"},"wait1":{"_":"الرجاء الانتظار"},"wait2":{"_":"ربما يتطلب عدة دقائق"},"waitProposal":{"_":"الرجاء الانتظار. نقوم بحساب المقترح."},"waitFriends":{"_":"انتظر، نقوم حاليا بالاتصال لجلب قائمة اصدقائك"},"curtainCancel":{"_":"إلغاء"},"curtainRetry":{"_":"محاولة مرة أخرى"},"curtainOK":{"_":"OK"},"connectionLost":{"_":"No Internet connection"},"connectionLostMsg":{"_":"Friends’ photos will not be added to your contacts. Continue anyway?"},"yesOption":{"_":"OK"},"noOption":{"_":"إلغاء"},"friendsUpdated":{"_":"{[ plural(numFriends) ]}","_[zero]":"لم يتم تحديث أي صديق","_[one]":"تم تحديث صديق واحد","_[two]":"تم تحديث {{numFriends}} أصدقاء","_[few]":"تم تحديث {{numFriends}} أصدقاء","_[many]":"تم تحديث {{numFriends}} أصدقاء","_[other]":"تم تحديث {{numFriends}} أصدقاء"},"notificationLogin":{"_":"جلسة الفيسبوك انتهت. الرجاء تسجيل الدخول."},"syncError":{"_":"حدث خطأ في تزامن بيانات اصدقائك"},"addToExistingContact":{"_":"إضافة إلى جهة اتصال موجوده"},"all":{"_":"الكل"},"callLog":{"_":"سجل المكالمات"},"connecting":{"_":"جارِ الاتصال"},"cf-async":{"_":"غير متزامن: {{ async }}\n"},"cf-data":{"_":"معلومات: {{ data }}\n"},"cf-error":{"_":"حدث خطأ عند محاولة الحصول على حالة تحويل المكالمات"},"cf-fax":{"_":"فاكس: {{ fax }}\n"},"cf-inactive":{"_":"غير فعال"},"cf-packet":{"_":"حزمة: {{ packet }}\n"},"cf-pad":{"_":"باد: {{ pad }}\n"},"cf-sms":{"_":"رسالة قصيرة: {{ sms }}\n"},"cf-status":{"_":"حالة تحويل المكالمات\n"},"cf-sync":{"_":"متزامن: {{ sync }}\n"},"cf-voice":{"_":"صوت: {{ voice }}\n"},"confirm-deletion":{"_":"حذف المكالمات المختارة ؟"},"createNewContact":{"_":"إنشاء جهة اتصال جديدة"},"delete":{"_":"حذف"},"edit-selected":{"_":"{[ plural(n) ]}","_[one]":"{{ n }} مُختارة","_[two]":"{{ n }} مُختارة","_[few]":"{{ n }} مُختارة","_[many]":"{{ n }} مُختارة","_[other]":"{{ n }} مُختارة"},"ignore":{"_":"تجاهل الإتصال"},"incoming":{"_":"الواردة"},"missed":{"_":"الفائتة"},"missedCall":{"_":"مكالمة فائتة"},"missedCallMultiSims":{"_":"(SIM {{ n }}) Missed call"},"mmi-error":{"_":"حدث خطأ عند محاولة ارسال الرسالة"},"mmi-session-expired":{"_":"انتهت الجلسة"},"mmi-successfully-sent":{"_":"تم ارسال الرسالة بنجاح"},"no-logs-msg-1":{"_":"لم يتم تسجيل أي مكالمة"},"no-logs-msg-2":{"_":"بدء التواصل الآن"},"no-logs-msg-3":{"_":"No missed calls"},"reply":{"_":"الرد"},"switch-calls":{"_":"Switch calls"},"withheld-number":{"_":"Withheld number"},"from-contact":{"_":"From {{ contact }}"},"from-number":{"_":"From {{ number }}"},"from-withheld-number":{"_":"From withheld number"},"sending":{"_":"جارِ الإرسال..."},"ussd-services":{"_":"خدمات {{ operator }}"},"type-your-response":{"placeholder":"أُكتب رّدك..."},"clear-all-text":{"_":"مسح الكل"},"hide":{"_":"Hide"},"hold":{"_":"Hold"},"resume":{"_":"Resume"},"sendSms":{"_":"Send Message"},"callEnded":{"_":"Call Ended"},"via-sim":{"_":"via SIM{{ n }}"},"sim-number":{"_":"SIM{{ n }}"},"hangup-a11y-button":{"aria-label":"إنهاء"},"pickup-a11y-button":{"aria-label":"رد"},"unlock-a11y-button":{"aria-label":"Slider"},"delete-n-log?":{"_":"{[ plural(n) ]}","_[zero]":"Nothing selected","_[one]":"Delete selected log?","_[two]":"Delete {{ n }} logs?","_[few]":"Delete {{ n }} logs?","_[many]":"Delete {{ n }} logs?","_[other]":"Delete {{ n }} logs?"},"callDurationMinutes":{"_":"{{ m }}:{{ s }}"},"callDurationHours":{"_":"{{ h }}:{{ m }}:{{ s}}"},"suggestionMatches":{"_":"{[ plural(n) ]}","_[one]":"{{ n }} match for \"{{ matchNumber }}\"","_[two]":"{{ n }} matches for \"{{ matchNumber }}\"","_[few]":"{{ n }} matches for \"{{ matchNumber }}\"","_[many]":"{{ n }} matches for \"{{ matchNumber }}\"","_[other]":"{{ n }} matches for \"{{ matchNumber }}\""},"scCallBarring":{"_":"Call barring"},"scCallForwarding":{"_":"Call forwarding"},"scClip":{"_":"Incoming Caller ID"},"scClir":{"_":"Outgoing Caller ID"},"scPwd":{"_":"Password change"},"scCallWaiting":{"_":"Call waiting"},"scPin":{"_":"PIN change"},"scPin2":{"_":"PIN2 change"},"scPuk":{"_":"Unblock PIN"},"scPuk2":{"_":"Unblock PIN2"},"scImei":{"_":"IMEI"},"scUssd":{"_":"USSD"},"serviceClassVoice":{"_":"Voice"},"serviceClassData":{"_":"Data"},"serviceClassFax":{"_":"FAX"},"serviceClassSms":{"_":"SMS"},"serviceClassDataSync":{"_":"Sync"},"serviceClassDataAsync":{"_":"Async"},"serviceClassPacket":{"_":"Packet"},"serviceClassPad":{"_":"PAD"},"smServiceEnabled":{"_":"Service was enabled"},"smServiceDisabled":{"_":"Service has been disabled"},"smServiceRegistered":{"_":"Registration was successful"},"smServiceErased":{"_":"Erasure was successful"},"smServiceInterrogated":{"_":"Request was successful"},"smServiceNotProvisioned":{"_":"Service not provisioned"},"smClirPermanent":{"_":"You can not change the caller ID setting"},"smClirDefaultOnNextCallOn":{"_":"Caller ID defaults to restricted. Next call: Restricted"},"smClirDefaultOnNextCallOff":{"_":"Caller ID defaults to restricted. Next call: Not restricted"},"smClirDefaultOffNextCallOn":{"_":"Caller ID defaults to not restricted. Next call: Restricted"},"smClirDefaultOffNextCallOff":{"_":"Caller ID defaults to not restricted. Next call: Not restricted"},"smServiceEnabledFor":{"_":"Service was enabled for:"},"smPinChanged":{"_":"PIN successfully changed"},"smPinUnblocked":{"_":"PIN successfully unblocked"},"smPin2Changed":{"_":"PIN2 successfully changed"},"smPin2Unblocked":{"_":"PIN2 successfully unblocked"},"emMmiError":{"_":"Connection problem or invalid MMI code"},"emMmiErrorPasswordIncorrect":{"_":"Incorrect Password"},"emMmiErrorNotSupported":{"_":"Invalid or Unsupported MMI Code"},"emMmiErrorInvalidAction":{"_":"Invalid action"},"emMmiErrorInvalidScCode":{"_":"Invalid service code"},"emMmiErrorBadPuk":{"_":"The PUK you typed is not correct"},"emMmiErrorBadPin":{"_":"The old PIN you typed is not correct."},"emMmiErrorNeedPuk2":{"_":"Type PUK2 to unblock SIM card"},"emMmiErrorMismatchPin":{"_":"The PINs you typed do not match"},"emMmiErrorInvalidPin":{"_":"Type a PIN that is 4 to 8 numbers"},"emMmiErrorNeedsPuk":{"_":"Your SIM card is PUK-locked"},"emMmiErrorEnablePin":{"_":"Unsuccessful. Enable SIM/RUIM LOCK"},"emMmiErrorMmiFdn":{"_":"Operation is restricted to fixed dialing numbers only"},"emMmiErrorStkCcUssdDial":{"_":"USSD request is modified to DIAL request"},"emMmiErrorStkCcUssdSs":{"_":"USSD request is modified to SS request"},"emMmiErrorStkCcUssdUssd":{"_":"USSD request is modified to new USSD request"},"emMmiErrorStkCcSsDial":{"_":"SS request is modified to DIAL request"},"emMmiErrorStkCcSsUssd":{"_":"SS request is modified to USSD request"},"emMmiErrorStkCcSsSs":{"_":"SS request is modified to new SS request"},"emMmiErrorPinPukAttempts":{"_":"{[ plural(n) ]}","_[one]":"Only {{ n }} retry left","_[two]":"{{ n }} retries left","_[few]":"{{ n }} retries left","_[many]":"{{ n }} retries left","_[other]":"{{ n }} retries left"},"emMmiErrorSimBlocked":{"_":"Maximum number of retries exceeded. SIM blocked"},"RadioNotAvailable":{"_":"Radio not available"},"GenericFailure":{"_":"Generic failure"},"PasswordIncorrect":{"_":"Password incorrect"},"SimPin2":{"_":"SIM PIN2"},"SimPuk2":{"_":"SIM PUK2"},"RequestNotSupported":{"_":"Request not supported"},"OpNotAllowedDuringVoiceCall":{"_":"Operation not allowed during voice call"},"SmsSendFailRetry":{"_":"SMS send fail retry"},"SimAbsent":{"_":"SIM absent"},"SubscriptionNotAvailable":{"_":"Subscription not available"},"ModeNotSupported":{"_":"Mode not supported"},"FdnCheckFailure":{"_":"Fdn check failure"},"IllegalSimOrMe":{"_":"Illegal SIM or ME"},"DialModifiedToUssd":{"_":"Dial modified to USSD"},"DialModifiedToSs":{"_":"Dial modified to SS"},"DialModifiedToDial":{"_":"Dial modified to dial"},"UssdModifiedToDial":{"_":"USSD modified to dial"},"UssdModifiedToSs":{"_":"USSD modified to SS"},"UssdModifiedToUssd":{"_":"USSD modified to USSD"},"SsModifiedToDial":{"_":"SS modified to dial"},"SsModifiedToUssd":{"_":"SS modified to USSD"},"SsModifiedToSs":{"_":"SS modified to SS"},"SubscriptionNotSupported":{"_":"Subscription not supported"},"InvalidParameter":{"_":"Invalid parameter"},"RejectedByRemote":{"_":"Rejected by remote"},"group-call":{"_":"{[ plural(n) ]}","_[one]":"Group call ({{ n }})","_[two]":"Group call ({{ n }})","_[few]":"Group call ({{ n }})","_[many]":"Group call ({{ n }})","_[other]":"Group call ({{ n }})"},"caller-left-call":{"_":"{{ caller }} has left the call."},"conferenceAddError":{"_":"Unable to merge calls"},"conferenceRemoveError":{"_":"Unable to unmerge calls"},"longDateFormat":{"_":"%A, %B %e"},"select-audio-sources":{"_":"Select audio sources"},"bluetooth-handsfree-device":{"_":"Bluetooth handsfree device"},"receiver":{"_":"Receiver"},"speaker":{"_":"Speaker"},"sim-picker-dial-via-with-number":{"_":"Dial {{ phoneNumber }} via"},"sim-picker-select-sim":{"_":"Select SIM"},"sim-picker-button":{"_":"SIM{{ n }}"},"sim-picker-button-default":{"_":"(default)"},"waitDuplicateContacts":{"_":"Looking for duplicate contacts"},"waitMergingDuplicateContacts":{"_":"Merging duplicate contacts"},"alertNoDuplicateContacts":{"_":"No duplicate contacts found"},"merge":{"_":"Merge"},"mergeDuplicateTitle":{"_":"Merge duplicates"},"suggestedDuplicateContacts":{"_":"Suggested duplicate contacts for {{name}}"},"mergeActionButtonLabel":{"_":"{[ plural(n) ]}","_[zero]":"No contacts selected","_[one]":"Merge with {{n}} contact","_[other]":"Merge with {{n}} contacts"},"duplicatesFoundTitle":{"_":"Duplicates found"},"duplicatesFoundMessage":{"_":"{{name}} duplicates information in the following contacts"}}