{"ok":{"_":"موافق"},"back":{"_":"العودة"},"help":{"_":"Help"},"cancel":{"_":"إلغاء"},"close":{"_":"إغلاق"},"skip":{"_":"Skip"},"airplaneMode":{"_":"وضع الطيران"},"searching":{"_":"جارِ البحث..."},"noNetwork":{"_":"لا يوجد شبكة"},"roaming":{"_":"{{operator}} (تجوال) "},"emergencyCallsOnly":{"_":"مكالمات الطوارئ فقط"},"emergencyCallsOnly-unknownSIMState":{"_":"(حالة الـ SIM غير معروفة)"},"emergencyCallsOnly-noSIM":{"_":"(لايوجد SIM)"},"emergencyCallsOnly-pinRequired":{"_":"(مطلوب كود PIN)"},"emergencyCallsOnly-pukRequired":{"_":"(مطلوب كود PUK)"},"emergencyCallsOnly-networkLocked":{"_":"(الشبكة مُغلقة)"},"emergencyCallsOnly-serviceProviderLocked":{"_":"(مُغلَق من المزود)"},"emergencyCallsOnly-corporateLocked":{"_":"(مُغلَق من الشركة)"},"enterPIN":{"_":"أدخل كود PIN"},"statusbarLabel":{"_":"{{operator}} ،{{date}}"},"statusbarDateFormat":{"_":"%e .%b"},"notifications":{"_":"التنبيهات"},"clear-all":{"_":"إزالة الكل"},"newVoicemails":{"_":"{[ plural(n) ]}","_[zero]":"لا يوجد بريد صوتي جديد","_[one]":"رسالة صوتية جديدة","_[two]":"{{n}} رسائل صوتية جديدة","_[few]":"{{n}} رسائل صوتية جديدة","_[many]":"{{n}} رسائل صوتية جديدة","_[other]":"{{n}} رسائل صوتية جديدة"},"newVoicemailsUnknown":{"_":"رسالة صوتية جديدة"},"dialNumber":{"_":"إتصال ب  {{number}}"},"deviceMenu":{"_":"الهاتف"},"airplane":{"_":"تفعيل وضع الطيران"},"airplaneOff":{"_":"تعطيل وضع الطيران"},"silent":{"_":"إسكات المكالمات الواردة"},"normal":{"_":"رنين المكالمات الواردة"},"restart":{"_":"إعادة التشغيل"},"power":{"_":"إيقاف التشغيل"},"asyncpanzoom":{"_":"Disable APZ for Apps"},"asyncpanzoomOff":{"_":"Enable APZ for Apps"},"enableScreenReaderSteps":{"_":"To enable screen reader, press volume up then volume down buttons three more times"},"disableScreenReaderSteps":{"_":"To disable screen reader, press volume up then volume down buttons three more times"},"no-recent-apps":{"_":"No recent apps"},"yes":{"_":"نعم"},"no":{"_":"لا"},"deny":{"_":"Deny"},"allow":{"_":"سماح"},"dontshare-geolocation":{"_":"Don’t Share"},"share-geolocation":{"_":"Share"},"dontshare-audio-capture":{"_":"Don’t Share"},"share-audio-capture":{"_":"Share"},"dontshare-video-capture":{"_":"Don’t Share"},"share-video-capture":{"_":"Share"},"dontshare-media-capture":{"_":"Don’t Share"},"share-media-capture":{"_":"Share"},"device-front":{"_":"Front Camera"},"device-back":{"_":"Back Camera"},"remember-my-choice":{"_":"تذكر إختياري"},"more-info":{"_":"More info…"},"install-app":{"_":"تثبيت {{name}}?"},"size":{"_":"الحجم"},"author":{"_":"المُبرمج"},"size-unknown":{"_":"Unknown"},"author-unknown":{"_":"Unknown"},"install":{"_":"تثبيت {{name}} من {{origin}}؟"},"bytes":{"_":"بايت"},"kB":{"_":"KB"},"MB":{"_":"ميجا بايت"},"GB":{"_":"جيجا بايت"},"TB":{"_":"تيرا بايت"},"PB":{"_":"بيتا بايت"},"app-install-generic-error":{"_":"توقف تنزيل {{&nbsp;appName }} "},"app-install-download-failed":{"_":"فشل في تنزيل {{ appName }}"},"app-install-install-failed":{"_":"فشل في تثبيت {{ appName }} "},"cancelling-will-not-refund":{"_":"الالغاء لن يعيد النقود للمشترى. إعادة النقود للمحتوى المُشترى فقط من خلال البائع الاصلي."},"apps-can-be-installed-later":{"_":"يمكن تثبيت التطبيقات لاحقا من مصدر التثبيت الاصلي."},"are-you-sure-you-want-to-cancel":{"_":"هل أنت متأكد من إلغاء التثبيت؟"},"cancel-install":{"_":"إلغاء التثبيت"},"resume":{"_":"إستئناف"},"continue":{"_":"Continue"},"stopDownloading":{"_":"إيقاف تنزيل {{ app }}؟"},"app-download-can-be-restarted":{"_":"يمكنك إعادة بدء التنزيل لاحقا."},"app-download-stop-button":{"_":"إيقاف التنزيل"},"not-enough-space":{"_":"لا توجد مساحة كافية "},"not-enough-space-message":{"_":"لا توجد مساحة كافية. اخذف التطبيقات القديمة أو الوسائط لتوفير مساحة وحاول التنزيل مرة اخرى من المصدر الرئيسي."},"app-install-success":{"_":"{{ appName }} تم تثبيته"},"setup":{"_":"Setup"},"ime-addkeyboards":{"_":"Add keyboards"},"later":{"_":"لاحقاً"},"download":{"_":"تنزيل"},"wantToDownload":{"_":"تنزيل التحديث الآن؟"},"wantToInstall":{"_":"تثبيت التحديث الأن؟"},"installNow":{"_":"التثبيت الآن"},"notNow":{"_":"ليس الآن"},"downloadingUpdateMessage":{"innerHTML":"جارِ تنزيل التحديثات...<span>{{ progress }} تم تنزيله.</span>"},"downloadingAppMessage":{"_":"جاري تنزيل {{ appName }}"},"downloadingAppProgressNoMax":{"_":"تم تنزيل {{ progress }}"},"downloadingAppProgressIndeterminate":{"_":"جاري التنزيل"},"downloadingAppProgress":{"_":"تم تنزيل {{ progress }} / {{ max }} "},"cancelAllDownloads":{"_":"إلغاء جميع التنزيلات"},"wantToCancelAll":{"_":"هل أنت متأكد من إلغاء جميع التنزيلات؟"},"downloadError":{"_":"حدث خطأ عند تنزيل التحديثات."},"updateAvailableInfo":{"innerHTML":"{[ plural(n) ]}","innerHTML[one]":"{{ n }} تحديثات متاحة. <span> اضغط للتحميل.</span>","innerHTML[two]":"{{ n }} updates available. <span>Tap for more info.</span>","innerHTML[few]":"{{ n }} updates available. <span>Tap for more info.</span>","innerHTML[many]":"{{ n }} updates available. <span>Tap for more info.</span>","innerHTML[other]":"{{ n }} updates available. <span>Tap for more info.</span>"},"numberOfUpdates":{"_":"{[ plural(n) ]}","_[one]":"متوفر {{ n }} تحديث","_[two]":"متوفر {{ n }} تحديثات","_[few]":"متوفر {{ n }} تحديثات","_[many]":"متوفر {{ n }} تحديثات","_[other]":"متوفر {{ n }} تحديثات"},"systemUpdate":{"_":"تحديث النظام"},"systemUpdateReady":{"_":"تحديث النظام جاهز"},"required":{"_":"مطلوب"},"uncompressingMessage":{"innerHTML":"جارِ فك الضغط… <span>ربما يحتاج لبضعة دقائق.</span>"},"downloadNoWifiWarning":{"_":"اللاسلكي غير متاح. التحديث باستخدام هذه الشبكة ربما سيترتب عليه رسوم اضافية."},"downloadOfflineWarning":{"_":"لا يوجد اتصال. اتصل بشبكة لتنزيل التحديثات."},"downloadDataConnectionWarning":{"_":"يتم تنزيل التحديثات عبر وصلة البيانات عند عدم توفر وصلة اللاسلكي. قد يتم اضافة رسوم اخرى."},"downloadUpdatesViaDataConnection":{"_":"تنزيل التحديثات عن طريق وصلة البيانات؟"},"downloadUpdatesViaDataConnectionMessage":{"_":"يتم تنزيل التحديثات عبر وصلة البيانات عند عدم توفر وصلة اللاسلكي. قد يتم اضافة رسوم اخرى. عند استخدام وصلة البيانات، ربما سيتم حجب المكالمات ويتم اضافة رسوم اخرى."},"screenshotSaved":{"_":"تم حفظ لقطة الشاشة في الأستوديو"},"screenshotFailed":{"_":"لم يتم حفظ لقطة الشاشة"},"screenshotNoSDCard":{"_":"لم يتم العثور على بطاقة ذاكرة"},"screenshotSDCardInUse":{"_":"بطاقة الذاكرة قيد الاستعمال"},"screenshotSDCardLow":{"_":"لا توجد مساحة كافية على بطاقة الذاكرة"},"emergency-call-button":{"_":"مكالمة الطوارئ"},"emergency-call":{"_":"مكالمة الطوارئ"},"unlock-a11y-button":{"ariaLabel":"فتح القفل"},"camera-a11y-button":{"ariaLabel":"الكاميرا"},"longDateFormat":{"_":"%A, %B %e"},"softwareHomeButton":{"ariaLabel":"Home"},"login":{"_":"تسجيل الدخول"},"username":{"_":"اسم المستخدم"},"password":{"_":"كلمة السِّر"},"http-authentication-message":{"_":"تم طلب اسم مستخدم وكلمة سِّر من قبل {{host}}. الموقع يقول: \"{{realm}}\""},"error-message":{"_":"لم يتم تحميل التطبيق {{name}} صورة صحيحة"},"error-title":{"_":"يواجه التطبيق {{name}} مشاكل"},"airplane-is-on":{"_":"وضع الطيران مُفعّل"},"airplane-is-turned-on":{"_":"{{name}}  يتطلب اتصال بالشبكة. أوقف وضعية الطيران من الاعدادات واتصل إما بالواي فاي أو بشبكة بيانات الجواّل."},"server-not-found":{"_":"Server not found"},"server-not-found-error":{"_":"Can’t find the server at {{name}}."},"network-connection-unavailable":{"_":"لا يوجد اتصال بالشبكة "},"network-error":{"_":"{{name}} يتطلب اتصال بالشبكة. حاول الاتصال بالواي فاي او شبكة بيانات الجوّال."},"unable-to-connect":{"_":"Unable to connect"},"tap-to-retry":{"_":"Tap to retry"},"try-again":{"_":"حاول مرة أخرى"},"select-time":{"_":"حدد وقت"},"choose-option":{"_":"حدد"},"choose-options":{"_":"حدد"},"select-day":{"_":"حدد يوم"},"battery-almost-empty":{"_":"البطارية فارغة تقريبا"},"add-to-home-screen":{"_":"أضف إلى الشاشة الرئيسية"},"crash-dialog2-os":{"_":"{{brandShortName}} تم استرجاعه من الانهيار"},"crash-dialog-app":{"_":"{{name}} توقف عن العمل"},"crash-dialog-message":{"_":"هل ترغب في ارسال تقرير عن الانهيار لموزيلا للمساعدة في حل المشكلة؟ (ترسل التقارير عبر الواي فاي فقط.)"},"crash-info-link":{"_":"ماذا يحتوي تقرير الانهيار؟"},"crash-always-report":{"_":"دائما قم بإرسال تقرير لموزيلا عند حدوث انهيار."},"crash-dont-send":{"_":"لا ترسل"},"crash-end":{"_":"أرسل التقرير"},"crashReports":{"_":"تقارير الانهيارات"},"done":{"_":"تم"},"crash-reports-description-1":{"_":"تقرير الانهيار يحتوي على تفاصيل الانهيار و جوّالك ولمحة عن حالة جوّالك لحظه حدوث الانهيار."},"crash-reports-description-2":{"_":"ربما يحتوي على الصفحات المفتوحة والتطبيقات، بعض النصوص المطبوعة ومحتوى الرسائل المفتوحة، اخر تأريخ التصفح أو موقعك الجغرافي المستخدم في التطبيق المفتوح."},"crash-reports-description-3-start":{"_":"نحن نستخدم تقارير الأعطال لمحاولة حل المشاكل وتحسين منتجاتنا. نحن نتعامل مع معلوماتك كما هي موضحة في"},"crash-reports-description-3-privacy":{"_":"سياسة الخصوصية"},"crash-reports-description-3-end":{"_":"."},"crash-banner-os2":{"_":"{{brandShortName}} انهار الآن."},"crash-banner-app":{"_":"{{name}} توقف عن العمل ."},"crash-banner-report":{"_":"التقرير"},"bluetooth-sendingTitle":{"_":"جاري الإرسال من البلوتوث"},"bluetooth-receivingTitle":{"_":"جارِ الاستلام من البلوتوث.."},"bluetooth-sending-progress":{"_":"جارِ الإرسال من البلوتوث"},"bluetooth-receiving-progress":{"_":"جارِ الاستلام من البلوتوث.."},"acceptFileTransfer":{"_":"قبول نقل الملف عبر البلوتوث؟"},"wantToReceiveFile":{"_":"يرغب {{deviceName}}  بنقل {{fileName}} ({{fileSize}})."},"transfer-confirmation-title":{"_":"{{deviceName}}"},"transfer-confirmation-description":{"_":"Review transfer request."},"byteUnit-B":{"_":"بايت"},"byteUnit-KB":{"_":"KB"},"byteUnit-MB":{"_":"ميجا بايت"},"byteUnit-GB":{"_":"جيجا بايت"},"byteUnit-TB":{"_":"تيرا بايت"},"byteUnit-PB":{"_":"PB"},"byteUnit-EB":{"_":"EB"},"byteUnit-ZB":{"_":"ZB"},"byteUnit-YB":{"_":"YB"},"fileSize":{"_":"{{size}} {{unit}}"},"transfer":{"_":"نقل"},"cancelFileTransfer":{"_":"إلغاء نقل الملف عبر البلوتوث؟"},"transfer-has-started-title":{"_":"The transfer has started"},"transfer-has-started-description":{"_":"Check the progress in Notification center"},"transferFinished-sentSuccessful-title":{"_":"أُرسِل الملف"},"transferFinished-receivedSuccessful-title":{"_":"أُستُقبِل الملف"},"transferFinished-sentFailed-title":{"_":"لم يتم ارسال الملف"},"transferFinished-receivedFailed-title":{"_":"لم بتم استقبال الملف"},"transferReport-title":{"_":"Transfer report:"},"transferReport-description":{"_":"{{numSuccessful}} files successful, {{numUnsuccessful}} files unsuccessful"},"unknown-file":{"_":"ملف غير مُعرَّف"},"unknown-device":{"_":"جهاز مجهول"},"cannotOpenFile":{"_":"لايمكن فتح الملف المُستلم"},"unknownMediaTypeToOpen":{"_":"لا يمكن فتح نوع وسائط غير مُعرَّف: "},"cannotReceiveFile":{"_":"لا يمكن استلام الملف"},"cannotGetStorageState":{"_":"Can not get device storage state."},"sdcard-not-exist2":{"_":"No memory card found. Please insert a memory card."},"sdcard-in-use":{"_":"لا يمكن استعمال البلوتوث يبنما الجوَّال موصول. افصل الجوّال لاستلام الملف او الملفات."},"sdcard-no-space2":{"_":"لا يمكن اتمام عملية النقل: بطاقة الذاكرة ملىء"},"unknown-error":{"_":"خطأ غير معروف"},"confirm":{"_":"تأكيد"},"microphone-is-on":{"_":"Mic is on"},"camera-is-on":{"_":"Camera is on"},"media-is-on":{"_":"Camera & Mic are ON"},"noSimCard":{"_":"لا توجد بطاقة SIM"},"simPin":{"_":"كود SIM PIN"},"pukCode":{"_":"كود PUK "},"nckCode":{"_":"كود NCK"},"cckCode":{"_":"كود CCK"},"spckCode":{"_":"كود SPCK"},"whatIsSimPin":{"_":"ماهو كود SIM PIN؟"},"simPinIntro1":{"_":"كود SIM PIN يمنع الوصول إلى شبكات البيانات الخلوية لبطاقة SIM. عندما تكون مفعلة، أي جهاز يحتوي على بطاقة SIM سوف يطلب كود PIN عند إعادة التشغيل."},"simPinIntro2":{"_":"كود SIM PIN ليس هو نفسه رمز المرور المستخدم لفتح الجهاز."},"changeSimPin":{"_":"تغيير كود PIN"},"pinTitle":{"_":"أدخل الكود SIM PIN"},"multiSIMpinTitle":{"_":"Enter SIM {{n}} PIN"},"pukTitle":{"_":"أدخل كود PUK "},"nckTitle":{"_":"ادخل كود NCK"},"cckTitle":{"_":"ادخل كود CCK"},"spckTitle":{"_":"ادخل كود SPCK"},"newpinTitle":{"_":"كود PIN جديد"},"inputCodeRetriesLeft":{"_":"{[ plural(n) ]}","_[one]":"اخِر محاولة","_[two]":"{{n}} محاولة متبقية .","_[few]":"{{n}} محاولة متبقية .","_[many]":"{{n}} محاولة متبقية .","_[other]":"{{n}} محاولة متبقية ."},"pinErrorMsg":{"_":"كود PIN خاطئ."},"pinAttemptMsg2":{"_":"{[ plural(n) ]}","_[one]":"لديك محاوله واحدة متبقية لادخال الكود الصحيح قبل اغلاق بطاقة SIM.","_[two]":"لديك {{n}} محاولات متبقية لادخال الكود الصحيح قبل اغلاق بطاقة SIM.","_[few]":"لديك {{n}} محاولات متبقية لادخال الكود الصحيح قبل اغلاق بطاقة SIM.","_[many]":"لديك {{n}} محاولات متبقية لادخال الكود الصحيح قبل اغلاق بطاقة SIM.","_[other]":"لديك {{n}} محاولات متبقية لادخال الكود الصحيح قبل اغلاق بطاقة SIM."},"pinLastChanceMsg":{"_":"هذه آخر فرصة لك لإدخال رقم التعريف الشخصي الصحيح. خلاف ذلك، يجب عليك إدخال مفتاح إلغاء التأمين الشخصي (PUK) لإستخدام هذه الشريحة."},"simCardLockedMsg":{"_":"بطاقة SIM مقفلة."},"enterPukMsg":{"_":"يجب عليك إدخال مفتاح إلغاء التأمين الشخصي (PUK) للشريحة. ارجع إلى وثائق الشريحة أو اتصل بالناقل الخاص بك للحصول على مزيد من المعلومات."},"pukErrorMsg":{"_":"كود PUK غير صحيح."},"pukAttemptMsg2":{"_":"{[ plural(n) ]}","_[one]":"لديك محاولة واحدة متبقية لإدخال الرمز الصحيح قبل أن تصبح هذه الشريحة غير صالحة للإستعمال بشكل دائم. ارجع إلى وثائق الشريحة أو اتصل بالمزود الخاص بك للحصول على مزيد من المعلومات.","_[two]":"لديك {{n}} محاولة لإدخال الرمز الصحيح قبل أن تصبح هذه الشريحة غير صالحة للإستعمال بشكل دائم. ارجع إلى وثائق الشريحة أو اتصل بالناقل الخاص بك للحصول على مزيد من المعلومات.","_[few]":"لديك {{n}} محاولة لإدخال الرمز الصحيح قبل أن تصبح هذه الشريحة غير صالحة للإستعمال بشكل دائم. ارجع إلى وثائق الشريحة أو اتصل بالناقل الخاص بك للحصول على مزيد من المعلومات.","_[many]":"لديك {{n}} محاولة لإدخال الرمز الصحيح قبل أن تصبح هذه الشريحة غير صالحة للإستعمال بشكل دائم. ارجع إلى وثائق الشريحة أو اتصل بالناقل الخاص بك للحصول على مزيد من المعلومات.","_[other]":"لديك {{n}} محاولة لإدخال الرمز الصحيح قبل أن تصبح هذه الشريحة غير صالحة للإستعمال بشكل دائم. ارجع إلى وثائق الشريحة أو اتصل بالناقل الخاص بك للحصول على مزيد من المعلومات."},"pukLastChanceMsg":{"_":"آخر فرصة لإدخال مفتاح إلغاء التأمين الشخصي (PUK) الصحيح. شريحتك ستصبح غير صالحة للإستعمال بشكل دائم إذا أدخلت مفتاح إلغاء تأمين شخصي (PUK) خاطىء. ارجع إلى وثائق الشريحة أو اتصل بالناقل الخاص بك للحصول على مزيد من المعلومات."},"newSimPinMsg":{"_":"أنشىء رقم تعريف شخصي (يجب أن يحتوي من 4 إلى 8 أرقام)"},"confirmNewSimPinMsg":{"_":"قم بتأكيد كود PIN"},"newPinErrorMsg":{"_":"كودين PIN غير متطابقين"},"nckErrorMsg":{"_":"كود NCK غير صحيح."},"nckAttemptMsg2":{"_":"{[ plural(n) ]}","_[one]":"فشل طلب عدم تخصيص الشبكة. لديك محاوله واحدة متبقية لادخال الكود الصحيح. راجع وثائق جهازك أو اتصل مع مزود الخدمة لمعلومات اضافية.","_[two]":"فشل طلب عدم تخصيص الشبكة. لديك {{n}} محاولات متبقية لادخال الكود الصحيح. راجع وثائق جهازك أو اتصل مع مزود الخدمة لمعلومات اضافية.","_[few]":"فشل طلب عدم تخصيص الشبكة. لديك {{n}} محاولات متبقية لادخال الكود الصحيح. راجع وثائق جهازك أو اتصل مع مزود الخدمة لمعلومات اضافية.","_[many]":"فشل طلب عدم تخصيص الشبكة. لديك {{n}} محاولات متبقية لادخال الكود الصحيح. راجع وثائق جهازك أو اتصل مع مزود الخدمة لمعلومات اضافية.","_[other]":"فشل طلب عدم تخصيص الشبكة. لديك {{n}} محاولات متبقية لادخال الكود الصحيح. راجع وثائق جهازك أو اتصل مع مزود الخدمة لمعلومات اضافية."},"nckLastChanceMsg":{"_":"فشل طلب عدم تخصيص الشبكة. لديك محاولة اخيرة لادخال كود NCL. راجع وثائق جهازك أو اتصل مع مزود الخدمة لمعلومات اضافية."},"activity-pick":{"_":"اختر من:"},"activity-view":{"_":"شاهد بـ:"},"activity-test":{"_":"افحص بـ:"},"activity-share":{"_":"شارك بـ:"},"activity-new":{"_":"انشىء بـ:"},"activity-open":{"_":"افتح بـ:"},"activity-save-bookmark":{"_":"مرجعية إلى:"},"activity-record":{"_":"سجِّل من:"},"activity-browse":{"_":"تصفح بـ:"},"activity-configure":{"_":"ضبط بـ:"},"activity-dial":{"_":"اتصل من:"},"persona-signin":{"_":"تسجيل الدخول"},"payment-flow":{"_":"اشتري"},"remoteDebuggerMessage":{"_":"تم الكشف عن طلب اتصال للتدقيق البعيد . هل تسمح بالاتصال؟"},"fullscreen-request":{"_":"{{origin}} الآن ملء الشاشة."},"captive-wifi-available":{"_":"تم العثور على الشبكة {{neworkName}} هل تريد الانضمام اليها؟"},"ceWarningtitle":{"_":"تحذير الصوت"},"ceWarningcontent":{"_":"لتجنب اي اصابة سمعية، لا تستمع لفترات طويلة والصوت مرتفع."},"notification-powersaving-mode-on-title":{"_":"وضع توفير الطاقة"},"notification-powersaving-mode-on-description":{"_":"وضع توفير الطاقة مُفعّل"},"low-device-storage":{"_":"المساحة الفارغة صغيرة\n"},"free-space":{"_":"{[ plural(value) ]}","_[zero]":"لا توجد مساحة فارغة","_[one]":"أقل من {{value}} {{unit}}  متبقية.","_[two]":"أقل من {{value}} {{unit}}  متبقية.","_[few]":"أقل من {{value}} {{unit}}  متبقية.","_[many]":"أقل من {{value}} {{unit}}  متبقية.","_[other]":"أقل من {{value}} {{unit}}  متبقية."},"unknown-free-space":{"_":"المساحة الفارغة غير معروفة."},"system-alert":{"_":"System Alert"},"cb-channel":{"_":"Channel {{channel}}"},"icc-message-title":{"_":"Operator message from SIM {{id}}"},"icc-confirmCall-defaultmessage":{"_":"Call {{number}}?"},"icc-alertMessage-defaultmessage":{"_":"Sending message"},"icc-confirmMessage-defaultmessage":{"_":"Send message?"},"icc-inputbox-title":{"_":"STK Query from SIM {{id}}"},"emergency-callback-mode":{"_":"Emergency call back mode"},"emergency-callback-message":{"_":"You can not make calls, send messages or go online because emergency callback mode is enabled. Would you like to turn it off?"},"cdma-record-info":{"_":"CDMA record information"},"ime-switching-title":{"_":"{{appName}}: {{name}}"},"ime-switching-tip":{"_":"Tap to switch input method"},"layout-selection":{"_":"Layout selection"},"shrinking-tip":{"_":"Swipe to share"},"download_started":{"_":"Download started"},"download_stopped":{"_":"Download stopped"},"download_downloading":{"_":"Downloading…"},"download_succeeded":{"_":"Download complete"},"download_failed":{"_":"Download failed"},"download_text_by_default":{"_":"{{name}}"},"download_downloading_text_2":{"_":"{{percentage}}% - {{name}}"},"search":{"_":"Search"},"search-or-type-address":{"placeholder":"Search or type address"},"noSIMCardInHotspot":{"_":"SIM card is absent or inserted incorrectly, so turn off hotspot"},"statusbarTimeFormat":{"_":"%I:%M"},"brandShortName":{"_":"B2G OS"},"browserBrandShortName":{"_":"Web Browser"},"browserBrandFullName":{"_":"Mozilla Web Browser"},"weekday-0-long":{"_":"Sunday"},"weekday-1-long":{"_":"Monday"},"weekday-2-long":{"_":"Tuesday"},"weekday-3-long":{"_":"Wednesday"},"weekday-4-long":{"_":"Thursday"},"weekday-5-long":{"_":"Friday"},"weekday-6-long":{"_":"Saturday"},"weekday-0-short":{"_":"Sun"},"weekday-1-short":{"_":"Mon"},"weekday-2-short":{"_":"Tue"},"weekday-3-short":{"_":"Wed"},"weekday-4-short":{"_":"Thu"},"weekday-5-short":{"_":"Fri"},"weekday-6-short":{"_":"Sat"},"month-0-long":{"_":"January"},"month-1-long":{"_":"February"},"month-2-long":{"_":"March"},"month-3-long":{"_":"April"},"month-4-long":{"_":"May"},"month-5-long":{"_":"June"},"month-6-long":{"_":"July"},"month-7-long":{"_":"August"},"month-8-long":{"_":"September"},"month-9-long":{"_":"October"},"month-10-long":{"_":"November"},"month-11-long":{"_":"December"},"month-0-genitive":{"_":"January"},"month-1-genitive":{"_":"February"},"month-2-genitive":{"_":"March"},"month-3-genitive":{"_":"April"},"month-4-genitive":{"_":"May"},"month-5-genitive":{"_":"June"},"month-6-genitive":{"_":"July"},"month-7-genitive":{"_":"August"},"month-8-genitive":{"_":"September"},"month-9-genitive":{"_":"October"},"month-10-genitive":{"_":"November"},"month-11-genitive":{"_":"December"},"month-0-short":{"_":"Jan"},"month-1-short":{"_":"Feb"},"month-2-short":{"_":"Mar"},"month-3-short":{"_":"Apr"},"month-4-short":{"_":"May"},"month-5-short":{"_":"Jun"},"month-6-short":{"_":"Jul"},"month-7-short":{"_":"Aug"},"month-8-short":{"_":"Sep"},"month-9-short":{"_":"Oct"},"month-10-short":{"_":"Nov"},"month-11-short":{"_":"Dec"},"minutes-ago-long":{"_":"{[ plural(value) ]}","_[zero]":"just now","_[one]":"a minute ago","_[two]":"{{value}} minutes ago","_[few]":"{{value}} minutes ago","_[many]":"{{value}} minutes ago","_[other]":"{{value}} minutes ago"},"hours-ago-long":{"_":"{[ plural(value) ]}","_[zero]":"just now","_[one]":"an hour ago","_[two]":"{{value}} hours ago","_[few]":"{{value}} hours ago","_[many]":"{{value}} hours ago","_[other]":"{{value}} hours ago"},"days-ago-long":{"_":"{[ plural(value) ]}","_[zero]":"today","_[one]":"yesterday","_[two]":"{{value}} days ago","_[few]":"{{value}} days ago","_[many]":"{{value}} days ago","_[other]":"{{value}} days ago"},"weeks-ago-long":{"_":"{[ plural(value) ]}","_[zero]":"this week","_[one]":"last week","_[two]":"{{value}} weeks ago","_[few]":"{{value}} weeks ago","_[many]":"{{value}} weeks ago","_[other]":"{{value}} weeks ago"},"months-ago-long":{"_":"{[ plural(value) ]}","_[zero]":"this month","_[one]":"last month","_[two]":"{{value}} months ago","_[few]":"{{value}} months ago","_[many]":"{{value}} months ago","_[other]":"{{value}} months ago"},"years-ago-long":{"_":"{[ plural(value) ]}","_[zero]":"this year","_[one]":"last year","_[two]":"{{value}} years ago","_[few]":"{{value}} years ago","_[many]":"{{value}} years ago","_[other]":"{{value}} years ago"},"minutes-until-long":{"_":"{[ plural(value) ]}","_[zero]":"now","_[one]":"in a minute","_[two]":"in {{value}} minutes","_[few]":"in {{value}} minutes","_[many]":"in {{value}} minutes","_[other]":"in {{value}} minutes"},"hours-until-long":{"_":"{[ plural(value) ]}","_[zero]":"now","_[one]":"in an hour","_[two]":"in {{value}} hours","_[few]":"in {{value}} hours","_[many]":"in {{value}} hours","_[other]":"in {{value}} hours"},"days-until-long":{"_":"{[ plural(value) ]}","_[zero]":"today","_[one]":"tomorrow","_[two]":"in {{value}} days","_[few]":"in {{value}} days","_[many]":"in {{value}} days","_[other]":"in {{value}} days"},"weeks-until-long":{"_":"{[ plural(value) ]}","_[zero]":"this week","_[one]":"next week","_[two]":"in {{value}} weeks","_[few]":"in {{value}} weeks","_[many]":"in {{value}} weeks","_[other]":"in {{value}} weeks"},"months-until-long":{"_":"{[ plural(value) ]}","_[zero]":"this month","_[one]":"next month","_[two]":"in {{value}} months","_[few]":"in {{value}} months","_[many]":"in {{value}} months","_[other]":"in {{value}} months"},"years-until-long":{"_":"{[ plural(value) ]}","_[zero]":"this year","_[one]":"next year","_[two]":"in {{value}} years","_[few]":"in {{value}} years","_[many]":"in {{value}} years","_[other]":"in {{value}} years"},"minutes-ago-short":{"_":"{[ plural(value) ]}","_[zero]":"just now","_[other]":"{{value}}m ago"},"hours-ago-short":{"_":"{[ plural(value) ]}","_[zero]":"just now","_[other]":"{{value}}h ago"},"days-ago-short":{"_":"{[ plural(value) ]}","_[zero]":"today","_[other]":"{{value}}d ago"},"minutes-until-short":{"_":"{[ plural(value) ]}","_[zero]":"now","_[other]":"in {{value}}m"},"hours-until-short":{"_":"{[ plural(value) ]}","_[zero]":"now","_[other]":"in {{value}}h"},"days-until-short":{"_":"{[ plural(value) ]}","_[zero]":"today","_[other]":"in {{value}}d"},"incorrectDate":{"_":"(incorrect date)"},"dateTimeFormat_%c":{"_":"%a %b %e %Y %I:%M:%S %p"},"dateTimeFormat_%x":{"_":"%m/%d/%Y"},"dateTimeFormat_%X":{"_":"%I:%M:%S %p"},"shortTimeFormat":{"_":"%I:%M %p"},"shortDateTimeFormat":{"_":"%x %I:%M %p"},"weekStartsOnMonday":{"_":"0"},"time_am":{"_":"AM"},"time_pm":{"_":"PM"},"perm-contacts":{"_":"جهات الاتصال"},"perm-contacts-appRequest":{"_":"{{app}} يريد الوصول الى قائمة جهات اتصالك."},"perm-contacts-webRequest":{"_":"{{site}} يريد الوصول الى قائمة جهات اتصالك."},"perm-desktop-notification":{"_":"التنبيهات"},"perm-desktop-notification-appRequest":{"_":"{{app}} يريد ان يُظهر تنبيهات."},"perm-desktop-notification-webRequest":{"_":"{{site}} يريد ان يُظهر تنبيهات."},"perm-device-storage-music":{"_":"سعة الصوتيات"},"perm-device-storage-music-appRequest":{"_":"{{app}} يريد الوصول الى صوتياتك."},"perm-device-storage-music-webRequest":{"_":"{{site}} يريد الوصول الى صوتياتك."},"perm-device-storage-pictures":{"_":"سعة الصور"},"perm-device-storage-pictures-appRequest":{"_":"{{app}} يريد الوصول الى صورك."},"perm-device-storage-pictures-webRequest":{"_":"{{site}} يريد الوصول الى صورك."},"perm-device-storage-sdcard":{"_":"سعة بطاقة الذاكرة"},"perm-device-storage-sdcard-appRequest":{"_":"{{app}}  يريد الوصول الى بطاقة الذاكرة."},"perm-device-storage-sdcard-webRequest":{"_":"{{site}} يريد الوصول الى بطاقة الذاكرة."},"perm-device-storage-videos":{"_":"سعة الفيديو"},"perm-device-storage-videos-appRequest":{"_":"{{app}} يريد الوصول الى فيديوهاتك."},"perm-device-storage-videos-webRequest":{"_":"{{site}} يريد الوصول الى فيديوهاتك."},"perm-fmradio":{"_":"راديو FM"},"perm-fmradio-appRequest":{"_":"{{app}}  يريد ان يستخدم الراديو."},"perm-fmradio-webRequest":{"_":"{{site}} يريد ان يستخدم الراديو."},"perm-geolocation":{"_":"تحديد الموقع الجغرافي"},"perm-geolocation-appRequest":{"_":"{{app}} يريد أن يعرف موقعك."},"perm-geolocation-webRequest":{"_":"{{site}} يريد أن يعرف موقعك."},"perm-geolocation-more-info":{"_":"{{brandShortName}} uses data such as GPS, Wi-Fi, and mobile networks near you to help determine your approximate location. Data is sent to Mozilla and other service providers and will be used in the aggregate to improve those location databases.  Data may be stored on your device and data collection may occur even when no apps are running."},"perm-video-capture":{"_":"Camera"},"perm-video-capture-appRequest":{"_":"Would you like to share your camera with {{app}}?"},"perm-video-capture-webRequest":{"_":"Would you like to share your camera with {{site}}?"},"perm-audio-capture":{"_":"Microphone"},"perm-audio-capture-appRequest":{"_":"Would you like to share your microphone with {{app}}?"},"perm-audio-capture-webRequest":{"_":"Would you like to share your microphone with {{site}}?"},"perm-media-capture":{"_":"Camera and Microphone"},"perm-media-capture-appRequest":{"_":"Would you like to share your camera and microphone with {{app}}?"},"perm-media-capture-webRequest":{"_":"Would you like to share your camera and microphone with {{site}}?"},"stopped_download_title":{"_":"Download stopped"},"stopped_download_message":{"_":"Download was stopped. Try downloading again?"},"stopped_download_left_button":{"_":"Cancel"},"stopped_download_right_button":{"_":"Try again"},"failed_download_title":{"_":"Download failed"},"failed_download_message":{"_":"{{name}} failed to download. Try downloading again?"},"failed_download_left_button":{"_":"Cancel"},"failed_download_right_button":{"_":"Try again"},"stop_download_title":{"_":"Stop download"},"stop_download_message":{"_":"Are you sure you want to stop the download?"},"stop_download_left_button":{"_":"No"},"stop_download_right_button":{"_":"Yes"},"delete_download_title":{"_":"Delete"},"delete_download_message":{"_":"Delete {{name}}?"},"delete_download_left_button":{"_":"Cancel"},"delete_download_right_button":{"_":"Delete"},"delete_all_download_title":{"_":"Delete"},"delete_all_download_left_button":{"_":"Cancel"},"delete_all_download_right_button":{"_":"Delete"},"delete_all_download_message":{"_":"{[ plural(number) ]}","_[zero]":"Delete no files?","_[one]":"Delete one file?","_[two]":"Delete {{number}} files?","_[few]":"Delete {{number}} files?","_[many]":"Delete {{number}} files?","_[other]":"Delete {{number}} files?"},"unsupported_file_type_download_title":{"_":"Unable to open"},"unsupported_file_type_download_message":{"_":"There isn’t an app that can open {{name}}. Would you like to save the file or delete it?"},"unsupported_file_type_download_left_button":{"_":"Keep File"},"unsupported_file_type_download_right_button":{"_":"Delete"},"file_not_found_download_title":{"_":"File not found"},"file_not_found_download_message":{"_":"The file wasn’t found on the device"},"file_not_found_download_right_button":{"_":"OK"},"unmounted_sdcard_2_download_title":{"_":"Memory card in use"},"unmounted_sdcard_2_download_message":{"_":"Unplug the phone"},"unmounted_sdcard_2_download_right_button":{"_":"OK"},"no_provider_download_title":{"_":"Unable to share"},"no_provider_download_message":{"_":"No provider found"},"no_provider_download_right_button":{"_":"OK"},"no_memory_download_title":{"_":"SD Card is full"},"no_memory_download_message":{"_":"There is no more room on your SD card to save your download. Please remove some files before restarting the download."},"no_memory_download_right_button":{"_":"OK"},"no_sdcard_found_2_download_title":{"_":"No memory card found"},"no_sdcard_found_2_download_message":{"_":"Insert a memory card or select an alternate default media location in settings"},"no_sdcard_found_2_download_right_button":{"_":"OK"},"file_open_error_download_title":{"_":"Unable to open"},"file_open_error_download_message":{"_":"There is a problem opening {{name}}. Would you like to save the file or delete it?"},"file_open_error_download_left_button":{"_":"Keep File"},"file_open_error_download_right_button":{"_":"Delete"},"restart_download_error":{"_":"There was an error while restarting the download. Please try to download again."},"no-downloads":{"_":"No downloads"},"percentage":{"_":"{{percentage}} %"},"partialResult":{"_":"{{partial}} of {{total}}"},"summary":{"_":"{{date}} - {{status}}"},"download-stopped":{"_":"Stopped"},"download-failed":{"_":"Download failed"},"open_downloaded_file":{"_":"Open"},"share_downloaded_file":{"_":"Share"},"wallpaper_downloaded_file":{"_":"Set as wallpaper"},"ringtone_downloaded_file":{"_":"Set as ringtone"},"cancel_downloaded_file":{"_":"Cancel"},"sim-picker-dial-via-with-number":{"_":"Dial {{ phoneNumber }} via"},"sim-picker-select-sim":{"_":"Select SIM"},"sim-picker-button":{"_":"SIM{{ n }}"},"sim-picker-button-default":{"_":"(default)"}}