{"addNewNumber":"‮∀pp‬ ‮uǝʍ‬ ‮unɯqǝɹ‬","addToExistingContact":"‮∀pp‬ ‮ʇo‬ ‮ǝxısʇıuƃ‬ ‮ɔouʇɐɔʇ‬","all":{"_":"‮∀ʅʅ‬","ariaLabel":"‮∀ʅʅ‬"},"asterisk":{"ariaLabel":"‮∀sʇǝɹısʞ‬"},"callLog":"‮Ↄɐʅʅ‬ ‮ʅoƃ‬","callLogEdit":{"title":"‮Ǝpıʇ‬ ‮ɔɐʅʅ‬ ‮ʅoƃ‬"},"callLogEditDialog":{"ariaLabel":"‮Ǝpıʇ‬ ‮ɔɐʅʅ‬ ‮ʅoƃ‬ ‮pıɐʅoƃ‬"},"connecting":"‮Ↄouuǝɔʇıuƃ‬","cancel":"‮Ↄɐuɔǝʅ‬","cf-async":"‮∀sʎuɔɥɹouons‬: {{ async }}\\‮u‬","cf-data":"‮pɐʇɐ‬: {{ data }}\\‮u‬","cf-error":"‮∀u‬ ‮ǝɹɹoɹ‬ ‮oɔɔnɹɹǝp‬ ‮ʍɥıʅǝ‬ ‮ɹǝʇɹıǝʌıuƃ‬ ‮ɔɐʅʅ‬ ‮ɟoɹʍɐɹpıuƃ‬ ‮sʇɐʇns‬","cf-fax":"‮ɟ∀X‬: {{ fax }}\\‮u‬","cf-inactive":"‮Iuɐɔʇıʌǝ‬","cf-packet":"‮Ԁɐɔʞǝʇ‬: {{ packet }}\\‮u‬","cf-pad":"‮Ԁ∀p‬: {{ pad }}\\‮u‬","cf-sms":"‮SWS‬: {{ sms }}\\‮u‬","cf-status":"‮Ↄɐʅʅ‬ ‮ɟoɹʍɐɹpıuƃ‬ ‮sʇɐʇns‬\\‮u‬","cf-sync":"‮Sʎuɔɥɹouons‬: {{ sync }}\\‮u‬","cf-voice":"‮Ʌoıɔǝ‬: {{ voice }}\\‮u‬","close":"‮Ↄʅosǝ‬","confirm-deletion":"‮Ↄʅǝɐɹ‬ ‮sǝʅǝɔʇǝp‬ ‮ɔɐʅʅs‬?","contacts":"‮Ↄouʇɐɔʇs‬","createNewContact":"‮Ↄɹǝɐʇǝ‬ ‮uǝʍ‬ ‮ɔouʇɐɔʇ‬","delete":"‮pǝʅǝʇǝ‬","deselectAll":"‮pǝsǝʅǝɔʇ‬ ‮ɐʅʅ‬","dialerAddContact":{"ariaLabel":"‮∀pp‬ ‮ɔouʇɐɔʇ‬"},"dialerAddContactDialog":{"ariaLabel":"‮∀pp‬ ‮Ↄouʇɐɔʇ‬ ‮pıɐʅoƃ‬"},"edit-selected":{"_":{"one":"{{ n }} ‮sǝʅǝɔʇǝp‬","two":"{{ n }} ‮sǝʅǝɔʇǝp‬","few":"{{ n }} ‮sǝʅǝɔʇǝp‬","many":"{{ n }} ‮sǝʅǝɔʇǝp‬","other":"{{ n }} ‮sǝʅǝɔʇǝp‬"}},"edit":"‮Ǝpıʇ‬","hashSign":{"ariaLabel":"‮Hɐsɥ‬ ‮sıƃu‬"},"hideKeypad":{"ariaLabel":"‮Hıpǝ‬ ‮ʞǝʎdɐp‬"},"ignore":"‮Iƃuoɹǝ‬ ‮Ↄɐʅʅ‬","incoming":"‮Iuɔoɯıuƃ‬","keypad":{"ariaLabel":"‮Ӽǝʎdɐp‬"},"keypadDelete":{"ariaLabel":"‮pǝʅǝʇǝ‬"},"makeCall":{"ariaLabel":"‮Wɐʞǝ‬ ‮ɔɐʅʅ‬"},"merge":"‮Wǝɹƃǝ‬","missed":{"_":"‮Wıssǝp‬","ariaLabel":"‮Wıssǝp‬"},"missedCall":"‮Wıssǝp‬ ‮ɔɐʅʅ‬","missedCallMultiSims":"(‮SIW‬ {{ n }}) ‮Wıssǝp‬ ‮ɔɐʅʅ‬","mmi-error":"‮∀u‬ ‮ǝɹɹoɹ‬ ‮oɔɔnɹɹǝp‬ ‮ʍɥıʅǝ‬ ‮sǝupıuƃ‬ ‮ʇɥǝ‬ ‮ɯǝssɐƃǝ‬","mmi-session-expired":"‮Sǝssıou‬ ‮ǝxdıɹǝp‬","mmi-successfully-sent":"‮Wǝssɐƃǝ‬ ‮snɔɔǝssɟnʅʅʎ‬ ‮sǝuʇ‬","mmi-notification-title-with-sim":"({{sim}}) {{title}}","mute":{"ariaLabel":"‮Wnʇǝ‬"},"newCall":{"ariaLabel":"‮Nǝʍ‬ ‮ɔɐʅʅ‬"},"no-logs-msg-1":"‮No‬ ‮ɔɐʅʅs‬ ‮ɹǝɔoɹpǝp‬","no-logs-msg-2":"‮Sʇɐɹʇ‬ ‮ɔoɯɯnuıɔɐʇıuƃ‬ ‮uoʍ‬","no-logs-msg-3":"‮No‬ ‮ɯıssǝp‬ ‮ɔɐʅʅs‬","phoneNumberInput":{"ariaLabel":"‮Ԁɥouǝ‬ ‮unɯqǝɹ‬"},"recents":{"ariaLabel":"‮ᴚǝɔǝuʇ‬ ‮ɔɐʅʅs‬"},"reply":"‮ᴚǝdʅʎ‬","selectAll":"‮Sǝʅǝɔʇ‬ ‮ɐʅʅ‬","send":"‮Sǝup‬","switch-calls":"‮Sʍıʇɔɥ‬ ‮ɔɐʅʅs‬","today":"‮⊥opɐʎ‬","voiceMailKey":{"ariaLabel":"‮Ʌoıɔǝɯɐıʅ‬"},"withheld-number":"‮Ｍıʇɥɥǝʅp‬ ‮unɯqǝɹ‬","from-contact":"‮ɟɹoɯ‬ {{ contact }}","from-number":"‮ɟɹoɯ‬ {{ number }}","from-withheld-number":"‮ɟɹoɯ‬ ‮ʍıʇɥɥǝʅp‬ ‮unɯqǝɹ‬","yesterday":"‮ʎǝsʇǝɹpɐʎ‬","sending":"‮Sǝupıuƃ‬…","speakerOption":{"ariaLabel":"‮Sdǝɐʞǝɹ‬"},"ussd-services":"{{ operator }} ‮sǝɹʌıɔǝs‬","toggleKeypad":{"ariaLabel":"‮⊥oƃƃʅǝ‬ ‮ʞǝʎdɐp‬"},"type-your-response":{"placeholder":"‮⊥ʎdǝ‬ ‮ʎonɹ‬ ‮ɹǝsdousǝ‬…"},"clear-all-text":"‮Ↄʅǝɐɹ‬ ‮ɐʅʅ‬ ‮ʇǝxʇ‬","hide":"‮Hıpǝ‬","call":"‮Ↄɐʅʅ‬","hold":{"ariaLabel":"‮Hoʅp‬"},"resume":{"_":"‮ᴚǝsnɯǝ‬","ariaLabel":"‮ᴚǝsnɯǝ‬"},"sendSms":"‮Sǝup‬ ‮Wǝssɐƃǝ‬","callEnded":"‮Ↄɐʅʅ‬ ‮Ǝupǝp‬","via-sim":"‮ʌıɐ‬ ‮SIW‬{{ n }}","sim-number":"‮SIW‬{{ n }}","hangup-a11y-button":{"ariaLabel":"‮Hɐuƃ‬ ‮∩d‬"},"pickup-a11y-button":{"ariaLabel":"‮Ԁıɔʞ‬ ‮nd‬"},"unlock-a11y-button":{"ariaLabel":"‮Sʅıpǝɹ‬"},"settings":"‮Sǝʇʇıuƃs‬","delete-n-log?":{"_":{"zero":"‮Noʇɥıuƃ‬ ‮sǝʅǝɔʇǝp‬","one":"‮pǝʅǝʇǝ‬ ‮sǝʅǝɔʇǝp‬ ‮ʅoƃ‬?","two":"‮pǝʅǝʇǝ‬ {{ n }} ‮ʅoƃs‬?","few":"‮pǝʅǝʇǝ‬ {{ n }} ‮ʅoƃs‬?","many":"‮pǝʅǝʇǝ‬ {{ n }} ‮ʅoƃs‬?","other":"‮pǝʅǝʇǝ‬ {{ n }} ‮ʅoƃs‬?"}},"callDurationMinutes":"{{ m }}:{{ s }}","callDurationHours":"{{ h }}:{{ m }}:{{ s}}","suggestionMatches":{"_":{"one":"{{ n }} ‮ɯɐʇɔɥ‬ ‮ɟoɹ‬ \"{{ matchNumber }}\"","two":"{{ n }} ‮ɯɐʇɔɥǝs‬ ‮ɟoɹ‬ \"{{ matchNumber }}\"","few":"{{ n }} ‮ɯɐʇɔɥǝs‬ ‮ɟoɹ‬ \"{{ matchNumber }}\"","many":"{{ n }} ‮ɯɐʇɔɥǝs‬ ‮ɟoɹ‬ \"{{ matchNumber }}\"","other":"{{ n }} ‮ɯɐʇɔɥǝs‬ ‮ɟoɹ‬ \"{{ matchNumber }}\""}},"scCallBarring":"‮Ↄɐʅʅ‬ ‮qɐɹɹıuƃ‬","scCallForwarding":"‮Ↄɐʅʅ‬ ‮ɟoɹʍɐɹpıuƃ‬","scClip":"‮Iuɔoɯıuƃ‬ ‮Ↄɐʅʅǝɹ‬ ‮Ip‬","scClir":"‮Onʇƃoıuƃ‬ ‮Ↄɐʅʅǝɹ‬ ‮Ip‬","scPwd":"‮Ԁɐssʍoɹp‬ ‮ɔɥɐuƃǝ‬","scCallWaiting":"‮Ↄɐʅʅ‬ ‮ʍɐıʇıuƃ‬","scPin":"‮ԀIN‬ ‮ɔɥɐuƃǝ‬","scPin2":"‮ԀIN‬2 ‮ɔɥɐuƃǝ‬","scPuk":"‮∩uqʅoɔʞ‬ ‮ԀIN‬","scPuk2":"‮∩uqʅoɔʞ‬ ‮ԀIN‬2","scImei":"‮IWƎI‬","scUssd":"‮∩SSp‬","serviceClassVoice":"‮Ʌoıɔǝ‬","serviceClassData":"‮pɐʇɐ‬","serviceClassFax":"‮ɟ∀X‬","serviceClassSms":"‮SWS‬","serviceClassDataSync":"‮Sʎuɔ‬","serviceClassDataAsync":"‮∀sʎuɔ‬","serviceClassPacket":"‮Ԁɐɔʞǝʇ‬","serviceClassPad":"‮Ԁ∀p‬","smServiceEnabled":"‮Sǝɹʌıɔǝ‬ ‮ʍɐs‬ ‮ǝuɐqʅǝp‬","smServiceDisabled":"‮Sǝɹʌıɔǝ‬ ‮ɥɐs‬ ‮qǝǝu‬ ‮pısɐqʅǝp‬","smServiceRegistered":"‮ᴚǝƃısʇɹɐʇıou‬ ‮ʍɐs‬ ‮snɔɔǝssɟnʅ‬","smServiceErased":"‮Ǝɹɐsnɹǝ‬ ‮ʍɐs‬ ‮snɔɔǝssɟnʅ‬","smServiceInterrogated":"‮ᴚǝbnǝsʇ‬ ‮ʍɐs‬ ‮snɔɔǝssɟnʅ‬","smServiceNotProvisioned":"‮Sǝɹʌıɔǝ‬ ‮uoʇ‬ ‮dɹoʌısıouǝp‬","smClirPermanent":"‮ʎon‬ ‮ɔɐu‬ ‮uoʇ‬ ‮ɔɥɐuƃǝ‬ ‮ʇɥǝ‬ ‮ɔɐʅʅǝɹ‬ ‮Ip‬ ‮sǝʇʇıuƃ‬","smClirDefaultOnNextCallOn":"‮Ↄɐʅʅǝɹ‬ ‮Ip‬ ‮pǝɟɐnʅʇs‬ ‮ʇo‬ ‮ɹǝsʇɹıɔʇǝp‬. ‮Nǝxʇ‬ ‮ɔɐʅʅ‬: ‮ᴚǝsʇɹıɔʇǝp‬","smClirDefaultOnNextCallOff":"‮Ↄɐʅʅǝɹ‬ ‮Ip‬ ‮pǝɟɐnʅʇs‬ ‮ʇo‬ ‮ɹǝsʇɹıɔʇǝp‬. ‮Nǝxʇ‬ ‮ɔɐʅʅ‬: ‮Noʇ‬ ‮ɹǝsʇɹıɔʇǝp‬","smClirDefaultOffNextCallOn":"‮Ↄɐʅʅǝɹ‬ ‮Ip‬ ‮pǝɟɐnʅʇs‬ ‮ʇo‬ ‮uoʇ‬ ‮ɹǝsʇɹıɔʇǝp‬. ‮Nǝxʇ‬ ‮ɔɐʅʅ‬: ‮ᴚǝsʇɹıɔʇǝp‬","smClirDefaultOffNextCallOff":"‮Ↄɐʅʅǝɹ‬ ‮Ip‬ ‮pǝɟɐnʅʇs‬ ‮ʇo‬ ‮uoʇ‬ ‮ɹǝsʇɹıɔʇǝp‬. ‮Nǝxʇ‬ ‮ɔɐʅʅ‬: ‮Noʇ‬ ‮ɹǝsʇɹıɔʇǝp‬","smServiceEnabledFor":"‮Sǝɹʌıɔǝ‬ ‮ʍɐs‬ ‮ǝuɐqʅǝp‬ ‮ɟoɹ‬:","smPinChanged":"‮ԀIN‬ ‮snɔɔǝssɟnʅʅʎ‬ ‮ɔɥɐuƃǝp‬","smPinUnblocked":"‮ԀIN‬ ‮snɔɔǝssɟnʅʅʎ‬ ‮nuqʅoɔʞǝp‬","smPin2Changed":"‮ԀIN‬2 ‮snɔɔǝssɟnʅʅʎ‬ ‮ɔɥɐuƃǝp‬","smPin2Unblocked":"‮ԀIN‬2 ‮snɔɔǝssɟnʅʅʎ‬ ‮nuqʅoɔʞǝp‬","emMmiError":"‮Ↄouuǝɔʇıou‬ ‮dɹoqʅǝɯ‬ ‮oɹ‬ ‮ıuʌɐʅıp‬ ‮WWI‬ ‮ɔopǝ‬","emMmiErrorPasswordIncorrect":"‮Iuɔoɹɹǝɔʇ‬ ‮Ԁɐssʍoɹp‬","emMmiErrorNotSupported":"‮Iuʌɐʅıp‬ ‮oɹ‬ ‮∩usnddoɹʇǝp‬ ‮WWI‬ ‮Ↄopǝ‬","emMmiErrorInvalidAction":"‮Iuʌɐʅıp‬ ‮ɐɔʇıou‬","emMmiErrorInvalidScCode":"‮Iuʌɐʅıp‬ ‮sǝɹʌıɔǝ‬ ‮ɔopǝ‬","emMmiErrorBadPuk":"‮⊥ɥǝ‬ ‮Ԁ∩Ӽ‬ ‮ʎon‬ ‮ʇʎdǝp‬ ‮ıs‬ ‮uoʇ‬ ‮ɔoɹɹǝɔʇ‬","emMmiErrorBadPin":"‮⊥ɥǝ‬ ‮oʅp‬ ‮ԀIN‬ ‮ʎon‬ ‮ʇʎdǝp‬ ‮ıs‬ ‮uoʇ‬ ‮ɔoɹɹǝɔʇ‬.","emMmiErrorNeedPuk2":"‮⊥ʎdǝ‬ ‮Ԁ∩Ӽ‬2 ‮ʇo‬ ‮nuqʅoɔʞ‬ ‮SIW‬ ‮ɔɐɹp‬","emMmiErrorMismatchPin":"‮⊥ɥǝ‬ ‮ԀINs‬ ‮ʎon‬ ‮ʇʎdǝp‬ ‮po‬ ‮uoʇ‬ ‮ɯɐʇɔɥ‬","emMmiErrorInvalidPin":"‮⊥ʎdǝ‬ ‮ɐ‬ ‮ԀIN‬ ‮ʇɥɐʇ‬ ‮ıs‬ 4 ‮ʇo‬ 8 ‮unɯqǝɹs‬","emMmiErrorNeedsPuk":"‮ʎonɹ‬ ‮SIW‬ ‮ɔɐɹp‬ ‮ıs‬ ‮Ԁ∩Ӽ‬-‮ʅoɔʞǝp‬","emMmiErrorEnablePin":"‮∩usnɔɔǝssɟnʅ‬. ‮Ǝuɐqʅǝ‬ ‮SIW‬/‮ᴚ∩IW‬ ‮˥OↃӼ‬","emMmiErrorMmiFdn":"‮Odǝɹɐʇıou‬ ‮ıs‬ ‮ɹǝsʇɹıɔʇǝp‬ ‮ʇo‬ ‮ɟıxǝp‬ ‮pıɐʅıuƃ‬ ‮unɯqǝɹs‬ ‮ouʅʎ‬","emMmiErrorStkCcUssdDial":"‮∩SSp‬ ‮ɹǝbnǝsʇ‬ ‮ıs‬ ‮ɯopıɟıǝp‬ ‮ʇo‬ ‮pI∀˥‬ ‮ɹǝbnǝsʇ‬","emMmiErrorStkCcUssdSs":"‮∩SSp‬ ‮ɹǝbnǝsʇ‬ ‮ıs‬ ‮ɯopıɟıǝp‬ ‮ʇo‬ ‮SS‬ ‮ɹǝbnǝsʇ‬","emMmiErrorStkCcUssdUssd":"‮∩SSp‬ ‮ɹǝbnǝsʇ‬ ‮ıs‬ ‮ɯopıɟıǝp‬ ‮ʇo‬ ‮uǝʍ‬ ‮∩SSp‬ ‮ɹǝbnǝsʇ‬","emMmiErrorStkCcSsDial":"‮SS‬ ‮ɹǝbnǝsʇ‬ ‮ıs‬ ‮ɯopıɟıǝp‬ ‮ʇo‬ ‮pI∀˥‬ ‮ɹǝbnǝsʇ‬","emMmiErrorStkCcSsUssd":"‮SS‬ ‮ɹǝbnǝsʇ‬ ‮ıs‬ ‮ɯopıɟıǝp‬ ‮ʇo‬ ‮∩SSp‬ ‮ɹǝbnǝsʇ‬","emMmiErrorStkCcSsSs":"‮SS‬ ‮ɹǝbnǝsʇ‬ ‮ıs‬ ‮ɯopıɟıǝp‬ ‮ʇo‬ ‮uǝʍ‬ ‮SS‬ ‮ɹǝbnǝsʇ‬","emMmiErrorPinPukAttempts":{"_":{"one":"‮Ouʅʎ‬ {{ n }} ‮ɹǝʇɹʎ‬ ‮ʅǝɟʇ‬","two":"{{ n }} ‮ɹǝʇɹıǝs‬ ‮ʅǝɟʇ‬","few":"{{ n }} ‮ɹǝʇɹıǝs‬ ‮ʅǝɟʇ‬","many":"{{ n }} ‮ɹǝʇɹıǝs‬ ‮ʅǝɟʇ‬","other":"{{ n }} ‮ɹǝʇɹıǝs‬ ‮ʅǝɟʇ‬"}},"emMmiErrorSimBlocked":"‮Wɐxıɯnɯ‬ ‮unɯqǝɹ‬ ‮oɟ‬ ‮ɹǝʇɹıǝs‬ ‮ǝxɔǝǝpǝp‬. ‮SIW‬ ‮qʅoɔʞǝp‬","RadioNotAvailable":"‮ᴚɐpıo‬ ‮uoʇ‬ ‮ɐʌɐıʅɐqʅǝ‬","GenericFailure":"‮פǝuǝɹıɔ‬ ‮ɟɐıʅnɹǝ‬","PasswordIncorrect":"‮Ԁɐssʍoɹp‬ ‮ıuɔoɹɹǝɔʇ‬","SimPin2":"‮SIW‬ ‮ԀIN‬2","SimPuk2":"‮SIW‬ ‮Ԁ∩Ӽ‬2","RequestNotSupported":"‮ᴚǝbnǝsʇ‬ ‮uoʇ‬ ‮snddoɹʇǝp‬","OpNotAllowedDuringVoiceCall":"‮Odǝɹɐʇıou‬ ‮uoʇ‬ ‮ɐʅʅoʍǝp‬ ‮pnɹıuƃ‬ ‮ʌoıɔǝ‬ ‮ɔɐʅʅ‬","SmsSendFailRetry":"‮SWS‬ ‮sǝup‬ ‮ɟɐıʅ‬ ‮ɹǝʇɹʎ‬","SimAbsent":"‮SIW‬ ‮ɐqsǝuʇ‬","SubscriptionNotAvailable":"‮Snqsɔɹıdʇıou‬ ‮uoʇ‬ ‮ɐʌɐıʅɐqʅǝ‬","ModeNotSupported":"‮Wopǝ‬ ‮uoʇ‬ ‮snddoɹʇǝp‬","FdnCheckFailure":"‮ɟpu‬ ‮ɔɥǝɔʞ‬ ‮ɟɐıʅnɹǝ‬","IllegalSimOrMe":"‮Iʅʅǝƃɐʅ‬ ‮SIW‬ ‮oɹ‬ ‮WƎ‬","DialModifiedToUssd":"‮pıɐʅ‬ ‮ɯopıɟıǝp‬ ‮ʇo‬ ‮∩SSp‬","DialModifiedToSs":"‮pıɐʅ‬ ‮ɯopıɟıǝp‬ ‮ʇo‬ ‮SS‬","DialModifiedToDial":"‮pıɐʅ‬ ‮ɯopıɟıǝp‬ ‮ʇo‬ ‮pıɐʅ‬","UssdModifiedToDial":"‮∩SSp‬ ‮ɯopıɟıǝp‬ ‮ʇo‬ ‮pıɐʅ‬","UssdModifiedToSs":"‮∩SSp‬ ‮ɯopıɟıǝp‬ ‮ʇo‬ ‮SS‬","UssdModifiedToUssd":"‮∩SSp‬ ‮ɯopıɟıǝp‬ ‮ʇo‬ ‮∩SSp‬","SsModifiedToDial":"‮SS‬ ‮ɯopıɟıǝp‬ ‮ʇo‬ ‮pıɐʅ‬","SsModifiedToUssd":"‮SS‬ ‮ɯopıɟıǝp‬ ‮ʇo‬ ‮∩SSp‬","SsModifiedToSs":"‮SS‬ ‮ɯopıɟıǝp‬ ‮ʇo‬ ‮SS‬","SubscriptionNotSupported":"‮Snqsɔɹıdʇıou‬ ‮uoʇ‬ ‮snddoɹʇǝp‬","InvalidParameter":"‮Iuʌɐʅıp‬ ‮dɐɹɐɯǝʇǝɹ‬","RejectedByRemote":"‮ᴚǝɾǝɔʇǝp‬ ‮qʎ‬ ‮ɹǝɯoʇǝ‬","conference":{"_":{"one":"‮Ↄouɟǝɹǝuɔǝ‬ ({{ n }})","two":"‮Ↄouɟǝɹǝuɔǝ‬ ({{ n }})","few":"‮Ↄouɟǝɹǝuɔǝ‬ ({{ n }})","many":"‮Ↄouɟǝɹǝuɔǝ‬ ({{ n }})","other":"‮Ↄouɟǝɹǝuɔǝ‬ ({{ n }})"}},"caller-left-call":"{{ caller }} ‮ɥɐs‬ ‮ʅǝɟʇ‬ ‮ʇɥǝ‬ ‮ɔɐʅʅ‬.","conferenceAddError":"‮∩uɐqʅǝ‬ ‮ʇo‬ ‮ɯǝɹƃǝ‬ ‮ɔɐʅʅs‬","conferenceRemoveError":"‮∩uɐqʅǝ‬ ‮ʇo‬ ‮nuɯǝɹƃǝ‬ ‮ɔɐʅʅs‬","longDateFormat":"%A, %B %e","select-audio-sources":"‮Sǝʅǝɔʇ‬ ‮ɐnpıo‬ ‮sonɹɔǝs‬","bluetooth-handsfree-device":"‮Ԑʅnǝʇooʇɥ‬ ‮ɥɐupsɟɹǝǝ‬ ‮pǝʌıɔǝ‬","receiver":"‮ᴚǝɔǝıʌǝɹ‬","speaker":"‮Sdǝɐʞǝɹ‬","add":"‮∀pp‬","done":"‮pouǝ‬","ok":"‮OӼ‬","update":"‮∩dpɐʇǝ‬","retry":"‮ᴚǝʇɹʎ‬","addContact":"‮∀pp‬ ‮ɔouʇɐɔʇ‬","deleteContact":"‮pǝʅǝʇǝ‬ ‮ɔouʇɐɔʇ‬","selectContact":"‮Sǝʅǝɔʇ‬ ‮ɔouʇɐɔʇ‬","editContact":"‮Ǝpıʇ‬ ‮ɔouʇɐɔʇ‬","deleteConfirmMsg":"‮pǝʅǝʇǝ‬ ‮ɔouʇɐɔʇ‬?","remove":"‮ᴚǝɯoʌǝ‬","comments":"‮Ↄoɯɯǝuʇs‬","no_contact_phones":"‮⊥ɥıs‬ ‮ɔouʇɐɔʇ‬ ‮poǝs‬ ‮uoʇ‬ ‮ɥɐʌǝ‬ ‮ɐ‬ ‮dɥouǝ‬ ‮unɯqǝɹ‬","no_contact_email":"‮⊥ɥıs‬ ‮ɔouʇɐɔʇ‬ ‮poǝs‬ ‮uoʇ‬ ‮ɥɐʌǝ‬ ‮ɐu‬ ‮ǝɯɐıʅ‬ ‮ɐppɹǝss‬","removePhotoConfirm":"‮ᴚǝɯoʌǝ‬ ‮ɔouʇɐɔʇ‬ ‮dıɔʇnɹǝ‬?","loadingContacts":"‮˥oɐpıuƃ‬ ‮ɔouʇɐɔʇs‬…","noContactsActivity":"‮Ↄɐuuoʇ‬ ‮ɐpp‬ ‮ʇo‬ ‮ɔouʇɐɔʇ‬ ‮ɐs‬ ‮ʎonɹ‬ ‮ɔouʇɐɔʇ‬ ‮ʅısʇ‬ ‮ıs‬ ‮ǝɯdʇʎ‬","noName":"‮No‬ ‮uɐɯǝ‬","givenName":{"placeholder":"‮Nɐɯǝ‬"},"familyName":{"placeholder":"‮˥ɐsʇ‬ ‮uɐɯǝ‬"},"tel":{"placeholder":"‮Ԁɥouǝ‬"},"carrier":{"_":"‮Ↄɐɹɹıǝɹ‬","placeholder":"‮Ↄɐɹɹıǝɹ‬"},"separator":",","email":{"_":"‮Ǝɯɐıʅ‬","placeholder":"‮Ǝɯɐıʅ‬"},"streetAddress":{"placeholder":"‮Sʇɹǝǝʇ‬"},"postalCode":{"placeholder":"‮Zıd‬ ‮ɔopǝ‬"},"locality":{"placeholder":"‮Ↄıʇʎ‬"},"countryName":{"placeholder":"‮Ↄonuʇɹʎ‬"},"comment":{"placeholder":"‮Ↄoɯɯǝuʇ‬"},"org":{"placeholder":"‮Ↄoɯdɐuʎ‬"},"custom":{"placeholder":"‮Ↄnsʇoɯ‬"},"date":{"_":"‮pɐʇǝ‬","placeholder":"‮pɐʇǝ‬"},"date-span-placeholder":"‮pɐʇǝ‬","birthday":"‮Ԑıɹʇɥpɐʎ‬","dateFormat":"%B %e","dateOutput":"{{dayMonthFormatted}} {{year}}","anniversary":"‮∀uuıʌǝɹsɐɹʎ‬","addPhoto":"‮∀pp‬ ‮Ԁıɔʇnɹǝ‬","addPhone":"‮∀pp‬ ‮Ԁɥouǝ‬","addEmail":"‮∀pp‬ ‮Ǝɯɐıʅ‬","addAddress":"‮∀pp‬ ‮∀ppɹǝss‬","addDate":"‮∀pp‬ ‮pɐʇǝ‬","addComment":"‮∀pp‬ ‮Ↄoɯɯǝuʇ‬","addFavorite":"‮∀pp‬ ‮ɐs‬ ‮ɟɐʌoɹıʇǝ‬","removeFavorite":"‮ᴚǝɯoʌǝ‬ ‮ɐs‬ ‮ɟɐʌoɹıʇǝ‬","label":"‮˥ɐqǝʅ‬","mobile":"‮Woqıʅǝ‬","home":"‮Hoɯǝ‬","work":"‮Ｍoɹʞ‬","personal":"‮Ԁǝɹsouɐʅ‬","faxHome":"‮ɟɐx‬ ‮ɥoɯǝ‬","faxOffice":"‮ɟɐx‬ ‮oɟɟıɔǝ‬","faxOther":"‮ɟɐx‬ ‮oʇɥǝɹ‬","another":"‮∀uoʇɥǝɹ‬","other":"‮Oʇɥǝɹ‬","customTag":{"placeholder":"‮Ↄnsʇoɯ‬ ‮ʇɐƃ‬"},"current":"‮Ↄnɹɹǝuʇ‬","itemWithLabel":"{{label}}, {{item}}","exit":"‮Ǝxıʇ‬","expand":"‮Ǝxdɐup‬","labelName":"‮Nɐɯǝ‬:","labelLastName":"‮˥ɐsʇ‬ ‮uɐɯǝ‬:","labelPhoneNumber":"‮Ԁɥouǝ‬ ‮unɯqǝɹ‬:","labelCarrier":"‮Ↄɐɹɹıǝɹ‬:","labelEmail":"‮Ǝɯɐıʅ‬:","labelStreet":"‮Sʇɹǝǝʇ‬:","labelZip":"‮Zıd‬ ‮ɔopǝ‬:","labelCity":"‮Ↄıʇʎ‬:","labelCountry":"‮Ↄonuʇɹʎ‬:","labelComment":"‮Ↄoɯɯǝuʇ‬:","legendTitleMain":"‮Wɐıu‬ ‮ıuɟoɹɯɐʇıou‬","legendPhones":"‮Ԁɥouǝ‬ ‮unɯqǝɹs‬","legendEmail":"‮Ǝɯɐıʅ‬ ‮ɐppɹǝss‬","legendAddress":"‮∀ppɹǝss‬","search-contact":{"placeholder":"‮Sǝɐɹɔɥ‬"},"noResults":"‮No‬ ‮ɔouʇɐɔʇs‬ ‮ɟonup‬","transferContactsTitle":"‮⊥ɹɐusɟǝɹ‬ ‮Ↄouʇɐɔʇs‬","importContactsTitle":"‮Iɯdoɹʇ‬ ‮Ↄouʇɐɔʇs‬","importContactsButton":"‮Iɯdoɹʇ‬ ‮Ↄouʇɐɔʇs‬","exportContactsTitle":"‮Ǝxdoɹʇ‬ ‮Ↄouʇɐɔʇs‬","exportContactsButton":"‮Ǝxdoɹʇ‬ ‮Ↄouʇɐɔʇs‬","exportContactsAction":"‮Ǝxdoɹʇ‬","simExport-title":"‮Ǝxdoɹʇ‬ ‮ʇo‬ ‮SIW‬","sdExport-title":"‮Ǝxdoɹʇ‬ ‮ʇo‬ ‮Sp‬ ‮Ↄɐɹp‬","btExport-title":"‮Ǝxdoɹʇ‬ ‮ʇo‬ ‮Ԑʅnǝʇooʇɥ‬","sdUMSEnabled":"‮Ↄɐuuoʇ‬ ‮nsǝ‬ ‮Sp‬ ‮Ↄɐɹp‬ ‮qǝɔɐnsǝ‬ ‮∩SԐ‬ ‮sʇoɹɐƃǝ‬ ‮ıs‬ ‮ǝuɐqʅǝp‬","exportErrorTitle":"‮Ǝxdoɹʇ‬ ‮ǝɹɹoɹ‬","contactsExported2":{"_":{"zero":"‮No‬ ‮ɔouʇɐɔʇs‬ ‮ǝxdoɹʇǝp‬","one":"{{exported}}/{{total}} ‮ɔouʇɐɔʇs‬ ‮ǝxdoɹʇǝp‬","two":"{{exported}}/{{total}} ‮ɔouʇɐɔʇs‬ ‮ǝxdoɹʇǝp‬","few":"{{exported}}/{{total}} ‮ɔouʇɐɔʇs‬ ‮ǝxdoɹʇǝp‬","many":"{{exported}}/{{total}} ‮ɔouʇɐɔʇs‬ ‮ǝxdoɹʇǝp‬","other":"{{exported}}/{{total}} ‮ɔouʇɐɔʇs‬ ‮ǝxdoɹʇǝp‬"}},"exportError-general":"‮Soɯǝ‬ ‮ǝɹɹoɹ‬ ‮ɥɐddǝuǝp‬ ‮ʍɥıʅǝ‬ ‮ǝxdoɹʇıuƃ‬","exportError-SD-shared":"‮Ↄɐu‬’‮ʇ‬ ‮ɐɔɔǝss‬ ‮ɯǝɯoɹʎ‬ ‮ɔɐɹp‬ ‮qǝɔɐnsǝ‬ ‮ıʇ‬’‮s‬ ‮sɥɐɹǝp‬","exportError-SD-unavailable":"‮Wǝɯoɹʎ‬ ‮ɔɐɹp‬ ‮ıs‬ ‮uoʇ‬ ‮ɐʌɐıʅɐqʅǝ‬","exportError-SD-noSpace":"‮⊥ɥǝɹǝ‬’‮s‬ ‮uoʇ‬ ‮ǝuonƃɥ‬ ‮sdɐɔǝ‬ ‮ou‬ ‮ʇɥǝ‬ ‮ɯǝɯoɹʎ‬ ‮ɔɐɹp‬ ‮ʇo‬ ‮ǝxdoɹʇ‬ ‮ʇɥǝ‬ ‮ɔouʇɐɔʇs‬","exportError-SIM-unavailable":"‮SIW‬ ‮ɔɐɹp‬ ‮ıs‬ ‮uoʇ‬ ‮ɐʌɐıʅɐqʅǝ‬","exportError-BT-shared":"‮Ↄɐu‬’‮ʇ‬ ‮ɐɔɔǝss‬ ‮ɯǝɯoɹʎ‬ ‮ɔɐɹp‬ ‮qǝɔɐnsǝ‬ ‮ıʇ‬’‮s‬ ‮sɥɐɹǝp‬","exportError-BT-unavailable":"‮Wǝɯoɹʎ‬ ‮ɔɐɹp‬ ‮ıs‬ ‮uoʇ‬ ‮ɐʌɐıʅɐqʅǝ‬","exportError-BT-noSpace":"‮⊥ɥǝɹǝ‬’‮s‬ ‮uoʇ‬ ‮ǝuonƃɥ‬ ‮sdɐɔǝ‬ ‮ou‬ ‮ʇɥǝ‬ ‮ɯǝɯoɹʎ‬ ‮ɔɐɹp‬ ‮ʇo‬ ‮ǝxdoɹʇ‬ ‮ʇɥǝ‬ ‮ɔouʇɐɔʇs‬","social-network":"‮Soɔıɐʅ‬ ‮uǝʇʍoɹʞs‬","social-link":"‮˥ıuʞ‬ ‮ɔouʇɐɔʇ‬","social-unlink":"‮∩uʅıuʞ‬ ‮ɔouʇɐɔʇ‬","social-unlink-confirm-title":"‮po‬ ‮ʎon‬ ‮ʍɐuʇ‬ ‮ʇo‬ ‮nuʅıuʞ‬ ‮ʎonɹ‬ ‮ɟɹıǝup‬?","social-unlink-confirm-accept":"‮∩uʅıuʞ‬","facebook-import":"‮Iɯdoɹʇ‬ ‮ɟɐɔǝqooʞ‬ ‮ɟɹıǝups‬","show-fb-profile":"‮Ʌıǝʍ‬ ‮ɟɐɔǝqooʞ‬ ‮dɹoɟıʅǝ‬","msg-send":"‮Wǝssɐƃǝ‬","wall-post":"‮Ｍɐʅʅ‬ ‮dosʇ‬","facebook-export-forbidden":"‮⊥ɥǝ‬ ‮ɔouʇɐɔʇ‬ ‮ɔɐuuoʇ‬ ‮qǝ‬ ‮sɥɐɹǝp‬ ‮pnǝ‬ ‮ʇo‬ ‮ɟɐɔǝqooʞ‬ ‮ɔousʇɹɐıuʇ‬.","otherAccount":"‮Oʇɥǝɹ‬ ‮ɐɔɔonuʇs‬","facebookSwitchMsg":"‮Sʎuɔ‬ ‮ɟɹıǝups‬","select_mobile":"‮Sǝʅǝɔʇ‬ ‮ɯoqıʅǝ‬","select_email":"‮Sǝʅǝɔʇ‬ ‮ǝɯɐıʅ‬","contactsOrderBy":"‮Oɹpǝɹ‬ ‮qʎ‬ ‮ʅɐsʇ‬ ‮uɐɯǝ‬","importSim2":"‮SIW‬ ‮ɔɐɹp‬","importGmail":"‮פɯɐıʅ‬","bluetooth":"‮Ԑʅnǝʇooʇɥ‬","importOutlook":"‮Onʇʅooʞ‬","fbUpdateFriends":"‮∩dpɐʇǝ‬ ‮ıɯdoɹʇǝp‬ ‮ɟɹıǝups‬","cleaningFbData":"‮ᴚǝɯoʌıuƃ‬ ‮ɟɐɔǝqooʞ‬ ‮pɐʇɐ‬","loggingOutFb":"‮˥oƃƃıuƃ‬ ‮onʇ‬ ‮ɟɹoɯ‬ ‮ɟɐɔǝqooʞ‬","cleanFbConfirmMsg":"‮ᴚǝɯoʌǝ‬ ‮ɐʅʅ‬ ‮ɟɐɔǝqooʞ‬ ‮pɐʇɐ‬?","renewPwdMsg":"‮ʎonɹ‬ ‮dɐssʍoɹp‬ ‮ıu‬ ‮ɟɐɔǝqooʞ‬ ‮ɥɐs‬ ‮ɔɥɐuƃǝp‬. ‮Ԁʅǝɐsǝ‬, ‮ndpɐʇǝ‬ ‮ıʇ‬.","notEnabledYet":"‮Noʇ‬ ‮ǝuɐqʅǝp‬ ‮ʎǝʇ‬","genericNoConnection":"‮⊥o‬ ‮ıɯdoɹʇ‬ ‮ɔouʇɐɔʇs‬ ‮ɔouuǝɔʇ‬ ‮ʇo‬ ‮Ｍı‬-‮ɟı‬ ‮oɹ‬ ‮pɐʇɐ‬ ‮uǝʇʍoɹʞ‬","simCard":"‮SIW‬ ‮ɔɐɹp‬","memoryCard":"‮Wǝɯoɹʎ‬ ‮ɔɐɹp‬","simNumber":"‮SIW‬ {{number}}","create-new":"‮Ↄɹǝɐʇǝ‬ ‮ɐ‬ ‮uǝʍ‬ ‮ɔouʇɐɔʇ‬","import-now":"‮Iɯdoɹʇ‬ ‮ʎonɹ‬ ‮ɔouʇɐɔʇs‬ ‮ɟɹoɯ‬ ‮SIW‬ ‮ɔɐɹp‬ ‮oɹ‬ ‮ɟɐɔǝqooʞ‬","no-contacts":"‮No‬ ‮ɔouʇɐɔʇs‬","start-adding":"‮Sʇɐɹʇ‬ ‮ɐppıuƃ‬ ‮ʇɥǝɯ‬ ‮uoʍ‬","notImported":"‮Noʇ‬ ‮ıɯdoɹʇǝp‬","imported":"‮Iɯdoɹʇǝp‬","messageCanceling":"‮Ԁʅǝɐsǝ‬ ‮ɥoʅp‬ ‮ou‬. ‮Ｍǝ‬ ‮ɐɹǝ‬ ‮ɔɐuɔǝʅıuƃ‬ ‮ʇɥǝ‬ ‮ouƃoıuƃ‬ ‮odǝɹɐʇıou‬.","organise-contacts":"‮Oɹƃɐuızǝ‬ ‮Ↄouʇɐɔʇs‬","find-merge-contacts":"‮ɟıup‬ ‮pndʅıɔɐʇǝ‬ ‮ɔouʇɐɔʇs‬","preparing-contacts":"‮Ԁɹǝdɐɹıuƃ‬ ‮ɔouʇɐɔʇs‬","exportError-SIM-NoFreeRecordFound":"‮SIW‬ ‮Ↄɐɹp‬ ‮ıs‬ ‮ɟnʅʅ‬","exportError-SIM-CannotAccessPhoneBook":"‮Ↄɐuuoʇ‬ ‮ɐɔɔǝss‬ ‮SIW‬ ‮ɔɐɹp‬’‮s‬ ‮dɥouǝ‬ ‮qooʞ‬","exportError-SIM-Unavailable":"‮No‬ ‮SIW‬ ‮pǝʇǝɔʇǝp‬","exportError-SIM-GenericError":"‮∀u‬ ‮ǝɹɹoɹ‬ ‮oɔɔnɹɹǝp‬ ‮ʍɥıʅǝ‬ ‮ǝxdoɹʇıuƃ‬ ‮ɐ‬ ‮ɔouʇɐɔʇ‬","noSimMsgExport":"‮⊥o‬ ‮ǝxdoɹʇ‬ ‮ɔouʇɐɔʇs‬ ‮ıusǝɹʇ‬ ‮oɹ‬ ‮nuʅoɔʞ‬ ‮ʎonɹ‬ ‮SIW‬ ‮ɔɐɹp‬","noMemoryCardMsgExport":"‮⊥o‬ ‮ǝxdoɹʇ‬ ‮ɔouʇɐɔʇs‬ ‮ıusǝɹʇ‬ ‮ɐ‬ ‮ɯǝɯoɹʎ‬ ‮ɔɐɹp‬","ContactManagementTitle":"‮Ↄouʇɐɔʇs‬ ‮Wɐuɐƃǝɯǝuʇ‬","DeleteTitle":"‮pǝʅǝʇǝ‬","bulkDeleteButton":"‮pǝʅǝʇǝ‬ ‮Ↄouʇɐɔʇs‬","BulkDelCancel":"‮Ↄouʇɐɔʇs‬ ‮pǝʅǝʇǝ‬ ‮ɔɐuɔǝʅʅǝp‬","DeletedTxt":{"_":{"zero":"‮No‬ ‮Ↄouʇɐɔʇ‬ ‮ʇo‬ ‮pǝʅǝʇǝ‬","one":"1 ‮Ↄouʇɐɔʇ‬ ‮ɹǝɯoʌǝp‬","two":"{{n}} ‮Ↄouʇɐɔʇs‬ ‮ɹǝɯoʌǝp‬","few":"{{n}} ‮Ↄouʇɐɔʇs‬ ‮ɹǝɯoʌǝp‬","many":"{{n}} ‮Ↄouʇɐɔʇs‬ ‮ɹǝɯoʌǝp‬","other":"{{n}} ‮Ↄouʇɐɔʇs‬ ‮ɹǝɯoʌǝp‬"}},"DeletingContacts":"‮pǝʅǝʇıuƃ‬ ‮ɔouʇɐɔʇs‬","ContactConfirmDel":{"_":{"zero":"‮No‬ ‮Ↄouʇɐɔʇ‬ ‮ʇo‬ ‮pǝʅǝʇǝ‬","one":"‮pǝʅǝʇǝ‬ 1 ‮Ↄouʇɐɔʇ‬? ‮⊥ɥıs‬ ‮ɔɐuuoʇ‬ ‮qǝ‬ ‮nupouǝ‬.","two":"‮pǝʅǝʇǝ‬ {{n}} ‮Ↄouʇɐɔʇs‬? ‮⊥ɥıs‬ ‮ɔɐuuoʇ‬ ‮qǝ‬ ‮nupouǝ‬.","few":"‮pǝʅǝʇǝ‬ {{n}} ‮Ↄouʇɐɔʇs‬? ‮⊥ɥıs‬ ‮ɔɐuuoʇ‬ ‮qǝ‬ ‮nupouǝ‬.","many":"‮pǝʅǝʇǝ‬ {{n}} ‮Ↄouʇɐɔʇs‬? ‮⊥ɥıs‬ ‮ɔɐuuoʇ‬ ‮qǝ‬ ‮nupouǝ‬.","other":"‮pǝʅǝʇǝ‬ {{n}} ‮Ↄouʇɐɔʇs‬? ‮⊥ɥıs‬ ‮ɔɐuuoʇ‬ ‮qǝ‬ ‮nupouǝ‬."}},"SelectedTxt":{"_":{"zero":"‮Ↄouʇɐɔʇs‬","one":"{{n}} ‮sǝʅǝɔʇǝp‬","two":"{{n}} ‮sǝʅǝɔʇǝp‬","few":"{{n}} ‮sǝʅǝɔʇǝp‬","many":"{{n}} ‮sǝʅǝɔʇǝp‬","other":"{{n}} ‮sǝʅǝɔʇǝp‬"}},"video":"‮Ʌıpǝo‬","audio":"‮∀npıo‬","callAirplaneModeMessage":"‮⊥o‬ ‮ɯɐʞǝ‬ ‮ɐ‬ ‮ɔɐʅʅ‬ ‮ʎon‬ ‮uǝǝp‬ ‮ʇo‬ ‮pısɐqʅǝ‬ ‮ɐıɹdʅɐuǝ‬ ‮ɯopǝ‬ ‮ıu‬ ‮sǝʇʇıuƃs‬.","callAirplaneModeBtnOk":"‮OӼ‬","callAirplaneModeTitle":"‮∀ıɹdʅɐuǝ‬ ‮ɯopǝ‬ ‮ɐɔʇıʌɐʇǝp‬","numberIsBusyTitle":"‮Nnɯqǝɹ‬ ‮ıs‬ ‮qnsʎ‬","numberIsBusyMessage":"‮⊥ɥǝ‬ ‮unɯqǝɹ‬ ‮ıs‬ ‮ɔnɹɹǝuʇʅʎ‬ ‮qnsʎ‬. ‮Ԁʅǝɐsǝ‬ ‮ʇɹʎ‬ ‮ɐƃɐıu‬ ‮ʅɐʇǝɹ‬.","fdnIsActiveTitle":"‮ɟpN‬ ‮ɐɔʇıʌǝ‬","fdnIsActiveMessage":"‮ɟpN‬ (‮ɟıxǝp‬ ‮pıɐʅıuƃ‬ ‮Nnɯqǝɹs‬) ‮ıs‬ ‮ɐɔʇıʌɐʇǝp‬ ‮ɐup‬ ‮ʇɥǝ‬ ‮ɟoʅʅoʍıuƃ‬ ‮unɯqǝɹ‬ ‮ıs‬ ‮uoʇ‬ ‮ıu‬ ‮ʎonɹ‬ ‮ɟpN‬ ‮ʅısʇ‬: {{ number }}","voiceMail":"‮Ʌoıɔǝɯɐıʅ‬","emergencyNumber":"‮Ǝɯǝɹƃǝuɔʎ‬ ‮unɯqǝɹ‬","emergencyDialogBodyBadNumber":"‮⊥o‬ ‮ɯɐʞǝ‬ ‮ɐ‬ ‮ɔɐʅʅ‬, ‮ʇɥǝ‬ ‮dɥouǝ‬ ‮ɯnsʇ‬ ‮qǝ‬ ‮ɔouuǝɔʇǝp‬ ‮ʇo‬ ‮ɐ‬ ‮uǝʇʍoɹʞ‬.","emergencyDialogBodyDeviceNotAccepted":"‮Ǝɯǝɹƃǝuɔʎ‬ ‮ɔɐʅʅs‬ ‮ɐɹǝ‬ ‮uoʇ‬ ‮ɐʅʅoʍǝp‬ ‮qʎ‬ ‮ʇɥǝ‬ ‮uǝʇʍoɹʞ‬.","emergencyDialogBtnOk":"‮OӼ‬","emergencyDialogTitle":"‮No‬ ‮uǝʇʍoɹʞ‬ ‮ɔouuǝɔʇıou‬","invalidNumberToDialTitle":"‮Iuʌɐʅıp‬ ‮dɥouǝ‬ ‮unɯqǝɹ‬","invalidNumberToDialMessage":"‮⊥ɥǝ‬ ‮dɥouǝ‬ ‮unɯqǝɹ‬ ‮ʎon‬ ‮ɐɹǝ‬ ‮ɔɐʅʅıuƃ‬ ‮ıs‬ ‮uoʇ‬ ‮ʌɐʅıp‬.","unableToCallTitle":"‮∩uɐqʅǝ‬ ‮ʇo‬ ‮ɯɐʞǝ‬ ‮ɐ‬ ‮dɥouǝ‬ ‮ɔɐʅʅ‬ ‮uoʍ‬","unableToCallMessage":"‮Ↄɐuuoʇ‬ ‮ɯɐʞǝ‬ ‮ɐ‬ ‮ɔɐʅʅ‬. ‮Iɟ‬ ‮ʎon‬ ‮ɐɹǝ‬ ‮ɐʅɹǝɐpʎ‬ ‮pıɐʅıuƃ‬, ‮dʅǝɐsǝ‬ ‮ɥɐuƃ‬ ‮nd‬ ‮ɟıɹsʇ‬.","otherConnectionInUseTitle":"‮Oʇɥǝɹ‬ ‮ɔouuǝɔʇıou‬ ‮ıu‬ ‮nsǝ‬","otherConnectionInUseMessage":"‮ʎon‬ ‮ɥɐʌǝ‬ ‮ɐu‬ ‮ɐɔʇıʌǝ‬ ‮ɔɐʅʅ‬ ‮ou‬ ‮ɐuoʇɥǝɹ‬ ‮ɔouuǝɔʇıou‬. ‮ʎon‬ ‮ɔɐu‬ ‮ouʅʎ‬ ‮nsǝ‬ ‮ouǝ‬ ‮ɔouuǝɔʇıou‬ ‮ɐʇ‬ ‮ɐ‬ ‮ʇıɯǝ‬.","weekday-0-long":"‮Snupɐʎ‬","weekday-1-long":"‮Woupɐʎ‬","weekday-2-long":"‮⊥nǝspɐʎ‬","weekday-3-long":"‮Ｍǝpuǝspɐʎ‬","weekday-4-long":"‮⊥ɥnɹspɐʎ‬","weekday-5-long":"‮ɟɹıpɐʎ‬","weekday-6-long":"‮Sɐʇnɹpɐʎ‬","weekday-0-short":"‮Snu‬","weekday-1-short":"‮Wou‬","weekday-2-short":"‮⊥nǝ‬","weekday-3-short":"‮Ｍǝp‬","weekday-4-short":"‮⊥ɥn‬","weekday-5-short":"‮ɟɹı‬","weekday-6-short":"‮Sɐʇ‬","month-0-long":"‮ſɐunɐɹʎ‬","month-1-long":"‮ɟǝqɹnɐɹʎ‬","month-2-long":"‮Wɐɹɔɥ‬","month-3-long":"‮∀dɹıʅ‬","month-4-long":"‮Wɐʎ‬","month-5-long":"‮ſnuǝ‬","month-6-long":"‮ſnʅʎ‬","month-7-long":"‮∀nƃnsʇ‬","month-8-long":"‮Sǝdʇǝɯqǝɹ‬","month-9-long":"‮Oɔʇoqǝɹ‬","month-10-long":"‮Noʌǝɯqǝɹ‬","month-11-long":"‮pǝɔǝɯqǝɹ‬","month-0-genitive":"‮ſɐunɐɹʎ‬","month-1-genitive":"‮ɟǝqɹnɐɹʎ‬","month-2-genitive":"‮Wɐɹɔɥ‬","month-3-genitive":"‮∀dɹıʅ‬","month-4-genitive":"‮Wɐʎ‬","month-5-genitive":"‮ſnuǝ‬","month-6-genitive":"‮ſnʅʎ‬","month-7-genitive":"‮∀nƃnsʇ‬","month-8-genitive":"‮Sǝdʇǝɯqǝɹ‬","month-9-genitive":"‮Oɔʇoqǝɹ‬","month-10-genitive":"‮Noʌǝɯqǝɹ‬","month-11-genitive":"‮pǝɔǝɯqǝɹ‬","month-0-short":"‮ſɐu‬","month-1-short":"‮ɟǝq‬","month-2-short":"‮Wɐɹ‬","month-3-short":"‮∀dɹ‬","month-4-short":"‮Wɐʎ‬","month-5-short":"‮ſnu‬","month-6-short":"‮ſnʅ‬","month-7-short":"‮∀nƃ‬","month-8-short":"‮Sǝd‬","month-9-short":"‮Oɔʇ‬","month-10-short":"‮Noʌ‬","month-11-short":"‮pǝɔ‬","minutes-ago-long":{"_":{"zero":"‮ɾnsʇ‬ ‮uoʍ‬","one":"‮ɐ‬ ‮ɯıunʇǝ‬ ‮ɐƃo‬","two":"{{value}} ‮ɯıunʇǝs‬ ‮ɐƃo‬","few":"{{value}} ‮ɯıunʇǝs‬ ‮ɐƃo‬","many":"{{value}} ‮ɯıunʇǝs‬ ‮ɐƃo‬","other":"{{value}} ‮ɯıunʇǝs‬ ‮ɐƃo‬"}},"hours-ago-long":{"_":{"zero":"‮ɾnsʇ‬ ‮uoʍ‬","one":"‮ɐu‬ ‮ɥonɹ‬ ‮ɐƃo‬","two":"{{value}} ‮ɥonɹs‬ ‮ɐƃo‬","few":"{{value}} ‮ɥonɹs‬ ‮ɐƃo‬","many":"{{value}} ‮ɥonɹs‬ ‮ɐƃo‬","other":"{{value}} ‮ɥonɹs‬ ‮ɐƃo‬"}},"days-ago-long":{"_":{"zero":"‮ʇopɐʎ‬","one":"‮ʎǝsʇǝɹpɐʎ‬","two":"{{value}} ‮pɐʎs‬ ‮ɐƃo‬","few":"{{value}} ‮pɐʎs‬ ‮ɐƃo‬","many":"{{value}} ‮pɐʎs‬ ‮ɐƃo‬","other":"{{value}} ‮pɐʎs‬ ‮ɐƃo‬"}},"weeks-ago-long":{"_":{"zero":"‮ʇɥıs‬ ‮ʍǝǝʞ‬","one":"‮ʅɐsʇ‬ ‮ʍǝǝʞ‬","two":"{{value}} ‮ʍǝǝʞs‬ ‮ɐƃo‬","few":"{{value}} ‮ʍǝǝʞs‬ ‮ɐƃo‬","many":"{{value}} ‮ʍǝǝʞs‬ ‮ɐƃo‬","other":"{{value}} ‮ʍǝǝʞs‬ ‮ɐƃo‬"}},"months-ago-long":{"_":{"zero":"‮ʇɥıs‬ ‮ɯouʇɥ‬","one":"‮ʅɐsʇ‬ ‮ɯouʇɥ‬","two":"{{value}} ‮ɯouʇɥs‬ ‮ɐƃo‬","few":"{{value}} ‮ɯouʇɥs‬ ‮ɐƃo‬","many":"{{value}} ‮ɯouʇɥs‬ ‮ɐƃo‬","other":"{{value}} ‮ɯouʇɥs‬ ‮ɐƃo‬"}},"years-ago-long":{"_":{"zero":"‮ʇɥıs‬ ‮ʎǝɐɹ‬","one":"‮ʅɐsʇ‬ ‮ʎǝɐɹ‬","two":"{{value}} ‮ʎǝɐɹs‬ ‮ɐƃo‬","few":"{{value}} ‮ʎǝɐɹs‬ ‮ɐƃo‬","many":"{{value}} ‮ʎǝɐɹs‬ ‮ɐƃo‬","other":"{{value}} ‮ʎǝɐɹs‬ ‮ɐƃo‬"}},"minutes-until-long":{"_":{"zero":"‮uoʍ‬","one":"‮ıu‬ ‮ɐ‬ ‮ɯıunʇǝ‬","two":"‮ıu‬ {{value}} ‮ɯıunʇǝs‬","few":"‮ıu‬ {{value}} ‮ɯıunʇǝs‬","many":"‮ıu‬ {{value}} ‮ɯıunʇǝs‬","other":"‮ıu‬ {{value}} ‮ɯıunʇǝs‬"}},"hours-until-long":{"_":{"zero":"‮uoʍ‬","one":"‮ıu‬ ‮ɐu‬ ‮ɥonɹ‬","two":"‮ıu‬ {{value}} ‮ɥonɹs‬","few":"‮ıu‬ {{value}} ‮ɥonɹs‬","many":"‮ıu‬ {{value}} ‮ɥonɹs‬","other":"‮ıu‬ {{value}} ‮ɥonɹs‬"}},"days-until-long":{"_":{"zero":"‮ʇopɐʎ‬","one":"‮ʇoɯoɹɹoʍ‬","two":"‮ıu‬ {{value}} ‮pɐʎs‬","few":"‮ıu‬ {{value}} ‮pɐʎs‬","many":"‮ıu‬ {{value}} ‮pɐʎs‬","other":"‮ıu‬ {{value}} ‮pɐʎs‬"}},"weeks-until-long":{"_":{"zero":"‮ʇɥıs‬ ‮ʍǝǝʞ‬","one":"‮uǝxʇ‬ ‮ʍǝǝʞ‬","two":"‮ıu‬ {{value}} ‮ʍǝǝʞs‬","few":"‮ıu‬ {{value}} ‮ʍǝǝʞs‬","many":"‮ıu‬ {{value}} ‮ʍǝǝʞs‬","other":"‮ıu‬ {{value}} ‮ʍǝǝʞs‬"}},"months-until-long":{"_":{"zero":"‮ʇɥıs‬ ‮ɯouʇɥ‬","one":"‮uǝxʇ‬ ‮ɯouʇɥ‬","two":"‮ıu‬ {{value}} ‮ɯouʇɥs‬","few":"‮ıu‬ {{value}} ‮ɯouʇɥs‬","many":"‮ıu‬ {{value}} ‮ɯouʇɥs‬","other":"‮ıu‬ {{value}} ‮ɯouʇɥs‬"}},"years-until-long":{"_":{"zero":"‮ʇɥıs‬ ‮ʎǝɐɹ‬","one":"‮uǝxʇ‬ ‮ʎǝɐɹ‬","two":"‮ıu‬ {{value}} ‮ʎǝɐɹs‬","few":"‮ıu‬ {{value}} ‮ʎǝɐɹs‬","many":"‮ıu‬ {{value}} ‮ʎǝɐɹs‬","other":"‮ıu‬ {{value}} ‮ʎǝɐɹs‬"}},"minutes-ago-short":{"_":{"zero":"‮ɾnsʇ‬ ‮uoʍ‬","other":"{{value}}‮ɯ‬ ‮ɐƃo‬"}},"hours-ago-short":{"_":{"zero":"‮ɾnsʇ‬ ‮uoʍ‬","other":"{{value}}‮ɥ‬ ‮ɐƃo‬"}},"days-ago-short":{"_":{"zero":"‮ʇopɐʎ‬","other":"{{value}}‮p‬ ‮ɐƃo‬"}},"minutes-until-short":{"_":{"zero":"‮uoʍ‬","other":"‮ıu‬ {{value}}‮ɯ‬"}},"hours-until-short":{"_":{"zero":"‮uoʍ‬","other":"‮ıu‬ {{value}}‮ɥ‬"}},"days-until-short":{"_":{"zero":"‮ʇopɐʎ‬","other":"‮ıu‬ {{value}}‮p‬"}},"incorrectDate":"(‮ıuɔoɹɹǝɔʇ‬ ‮pɐʇǝ‬)","dateTimeFormat_%c":"%a %b %e %Y %I:%M:%S %p","dateTimeFormat_%x":"%m/%d/%Y","dateTimeFormat_%X":"%I:%M:%S %p","shortTimeFormat":"%I:%M %p","shortDateTimeFormat":"%x %I:%M %p","weekStartsOnMonday":"0","time_am":"‮∀W‬","time_pm":"‮ԀW‬"}