[{"$i":"safemode-title","$v":"‮∀pp‬-‮ous‬ ‮pısɐqʅǝp‬"},{"$i":"safemode-body","$v":"‮∀ʅʅ‬ ‮oɟ‬ ‮ʎonɹ‬ ‮ɐpp‬-‮ous‬ ‮ɥɐʌǝ‬ ‮qǝǝu‬ ‮pısɐqʅǝp‬. ‮⊥ɥıs‬ ‮ɥɐddǝus‬ ‮ʍɥǝu‬ ‮ʇɥǝ‬ ‮doʍǝɹ‬ ‮qnʇʇou‬ ‮ıs‬ ‮ɥǝʅp‬ ‮ʍɥıʅǝ‬ ‮sʇɐɹʇıuƃ‬ ‮nd‬."},{"$i":"safemode-body2","$v":"‮Iɟ‬ ‮ʎon‬ ‮ʍonʅp‬ ‮ʅıʞǝ‬ ‮ʇo‬ ‮nupo‬ ‮ʇɥıs‬, ‮sıɯdʅʎ‬ ‮ʇɐd‬ \"‮Ǝuɐqʅǝ‬\" ‮ʇo‬ ‮ǝuɐqʅǝ‬ ‮ʎonɹ‬ ‮ɐpp‬-‮ous‬ ‮ɐƃɐıu‬. ‮Iɟ‬ ‮uoʇ‬, ‮ʇɐd‬ \"‮Ↄʅosǝ‬\" ‮ʇo‬ ‮ʞǝǝd‬ ‮ʇɥǝɯ‬ ‮pısɐqʅǝp‬."},{"$i":"safemode-yes","$v":"‮Ↄʅosǝ‬"},{"$i":"safemode-no","$v":"‮Ǝuɐqʅǝ‬"}]