[{"$i":"safemode-title","$v":"Ȧȧḓḓ-ǿǿƞş Ḓīīşȧȧƀŀḗḗḓ"},{"$i":"safemode-body","$v":"Ȧȧŀŀ ǿǿƒ ẏǿǿŭŭř ȧȧḓḓ-ǿǿƞş ħȧȧṽḗḗ ƀḗḗḗḗƞ ḓīīşȧȧƀŀḗḗḓ. Ŧħīīş ħȧȧƥƥḗḗƞş ẇħḗḗƞ ŧħḗḗ ƥǿǿẇḗḗř ƀŭŭŧŧǿǿƞ īīş ħḗḗŀḓ ẇħīīŀḗḗ şŧȧȧřŧīīƞɠ ŭŭƥ."},{"$i":"safemode-body2","$v":"Īīƒ ẏǿǿŭŭ ẇǿǿŭŭŀḓ ŀīīķḗḗ ŧǿǿ ŭŭƞḓǿǿ ŧħīīş, şīīḿƥŀẏ ŧȧȧƥ \"Ḗḗƞȧȧƀŀḗḗ\" ŧǿǿ ḗḗƞȧȧƀŀḗḗ ẏǿǿŭŭř ȧȧḓḓ-ǿǿƞş ȧȧɠȧȧīīƞ. Īīƒ ƞǿǿŧ, ŧȧȧƥ \"Ƈŀǿǿşḗḗ\" ŧǿǿ ķḗḗḗḗƥ ŧħḗḗḿ ḓīīşȧȧƀŀḗḗḓ."},{"$i":"safemode-yes","$v":"Ƈŀǿǿşḗḗ"},{"$i":"safemode-no","$v":"Ḗḗƞȧȧƀŀḗḗ"}]