{
  "name": "Bulgarian (BDS)",
  "label": "Български (БДС)",
  "imEngine": "latin",
  "types": [
    "text",
    "url",
    "email"
  ],
  "autoCorrectLanguage": "bg",
  "pages": {
    "main": {
      "layout": [
        "у е и ш щ к с д з ц б",
        "ь я а о ж г т н в м ч",
        "SHIFT ю й ъ ф х п р л BACKSPACE",
        "?123 SWITCH SPACE . RETURN"
      ]
    },
    "NUMBERS": "inherit",
    "SYMBOLS": "inherit"
  },
  "keys": {
    "и": {
      "alternatives": "ѝ"
    }
  }
}