{
  "name": "Bulgarian (Phonetic)",
  "label": "Български (Фонетична)",
  "imEngine": "latin",
  "types": [
    "text",
    "url",
    "email"
  ],
  "autoCorrectLanguage": "bg",
  "pages": {
    "main": {
      "layout": [
        "я в е р т ъ у и о п ч",
        "а с д ф г х й к л ш щ",
        "SHIFT з ь ц ж б н м ю BACKSPACE",
        "?123 SWITCH SPACE . RETURN"
      ]
    },
    "NUMBERS": "inherit",
    "SYMBOLS": "inherit"
  },
  "keys": {
    "и": {
      "alternatives": "ѝ"
    }
  }
}