{
  "name": "Bangla - Probhat",
  "label": "বাংলা - প্রভাত",
  "types": [
    "text",
    "url",
    "email"
  ],
  "pages": {
    "main": {
      "layout": [
        "দ ূ ী র ট এ ু ি ও প",
        "া স ড ত গ হ জ ক ল ে",
        "্ য় শ চ আ ব ন ম ো BACKSPACE",
        "?123 SWITCH SPACE . । RETURN"
      ]
    },
    "NUMBERS": {
      "layout": [
        "১ ২ ৩ ৪ ৫ ৬ ৭ ৮ ৯ ০",
        "@ # $ % & * - + ( )",
        "ALT ! \" ' : ; / ? BACKSPACE",
        "ABC SWITCH SPACE . RETURN"
      ]
    },
    "SYMBOLS": "inherit"
  },
  "keys": {
    "দ": {
      "alternatives": "ধ"
    },
    "ূ": {
      "alternatives": "ঊ"
    },
    "ী": {
      "alternatives": "ঈ"
    },
    "র": {
      "alternatives": "ড়"
    },
    "ট": {
      "alternatives": "ঠ"
    },
    "এ": {
      "alternatives": "ঐ"
    },
    "ু": {
      "alternatives": "উ"
    },
    "ি": {
      "alternatives": "ই"
    },
    "ও": {
      "alternatives": "ঔ"
    },
    "প": {
      "alternatives": "ফ"
    },
    "া": {
      "alternatives": "অ"
    },
    "স": {
      "alternatives": "ষ"
    },
    "ড": {
      "alternatives": "ঢ"
    },
    "ত": {
      "alternatives": "থ ৎ"
    },
    "গ": {
      "alternatives": "ঘ"
    },
    "হ": {
      "alternatives": "ঃ"
    },
    "জ": {
      "alternatives": "ঝ"
    },
    "ক": {
      "alternatives": "খ"
    },
    "ল": {
      "alternatives": "ং ঞ"
    },
    "য়": {
      "alternatives": "য"
    },
    "শ": {
      "alternatives": "ঢ়"
    },
    "চ": {
      "alternatives": "ছ"
    },
    "আ": {
      "alternatives": "ৃ ঋ"
    },
    "ব": {
      "alternatives": "ভ"
    },
    "ন": {
      "alternatives": "ণ"
    },
    "ম": {
      "alternatives": "ঙ ঞ"
    },
    "ে": {
      "alternatives": "ৈ"
    },
    "ো": {
      "alternatives": "ৌ"
    },
    "্": {
      "alternatives": "ঁ"
    },
    "।": {
      "alternatives": "॥"
    },
    "ঞ": {
      "alternatives": "ঋ"
    },
    "০": {
      "alternatives": "0 º"
    },
    "১": {
      "alternatives": "১ম 1"
    },
    "২": {
      "alternatives": "২য় 2"
    },
    "৩": {
      "alternatives": "৩য় 3"
    },
    "৪": {
      "alternatives": "৪র্থ 4"
    },
    "৫": {
      "alternatives": "৫ম 5"
    },
    "৬": {
      "alternatives": "৬ষ্ঠ 6"
    },
    "৭": {
      "alternatives": "৭ম 7"
    },
    "৮": {
      "alternatives": "৮ম 8"
    },
    "৯": {
      "alternatives": "৯ম 9"
    },
    "৳": {
      "alternatives": "$ € £ ¥"
    },
    "?": {
      "alternatives": "¿"
    },
    "!": {
      "alternatives": "¡"
    },
    "-": {
      "alternatives": "_"
    }
  }
}