{
  "name": "Catalan",
  "label": "Català",
  "imEngine": "latin",
  "types": [
    "text",
    "url",
    "email"
  ],
  "autoCorrectLanguage": "ca",
  "pages": {
    "main": {
      "layout": [
        "q w e r t y u i o p ?",
        "a s d f g h j k l ç '",
        "SHIFT z x c v b n m - BACKSPACE",
        "?123 SWITCH SPACE . RETURN"
      ],
      "variants": {
        "email": [
          "q w e r t y u i o p ?",
          "a s d f g h j k l ç _",
          "SHIFT z x c v b n m - BACKSPACE",
          "?123 SWITCH @ SPACE . RETURN"
        ],
        "url": [
          "q w e r t y u i o p ?",
          "a s d f g h j k l ç :",
          "SHIFT z x c v b n m - BACKSPACE",
          "?123 SWITCH SPACE . RETURN"
        ]
      }
    },
    "NUMBERS": {
      "layout": [
        "1 2 3 4 5 6 7 8 9 0",
        "@ # € % & * - + ( )",
        "ALT ! \" ' : ; / ? BACKSPACE",
        "ABC SWITCH SPACE . RETURN"
      ]
    },
    "SYMBOLS": "inherit"
  },
  "keys": {
    "0": {
      "alternatives": "º"
    },
    "1": {
      "alternatives": "1r 1a"
    },
    "2": {
      "alternatives": "2n 2a"
    },
    "3": {
      "alternatives": "3r 3a"
    },
    "4": {
      "alternatives": "4t 4a"
    },
    "5": {
      "alternatives": "5è 5a 5é"
    },
    "6": {
      "alternatives": "6è 6a 6é"
    },
    "7": {
      "alternatives": "7è 7a 7é"
    },
    "8": {
      "alternatives": "8è 8a 8é"
    },
    "9": {
      "alternatives": "9è 9a 9é"
    },
    "a": {
      "alternatives": "à á â ä å ã ā æ ª @"
    },
    "c": {
      "alternatives": "ç ć č"
    },
    "e": {
      "alternatives": "è é ê ë ē ę € ɛ"
    },
    "i": {
      "alternatives": "í ï ì î ī į"
    },
    "o": {
      "alternatives": "ò ó ö ô ō œ ø ɵ º"
    },
    "u": {
      "alternatives": "ú ü ù û ū"
    },
    "s": {
      "alternatives": "ß ś š $"
    },
    "S": {
      "alternatives": "Ś Š Ş"
    },
    "n": {
      "alternatives": "ñ ń"
    },
    "l": {
      "alternatives": "l·l ł £"
    },
    "y": {
      "alternatives": "ÿ ¥"
    },
    "z": {
      "alternatives": "ž ź ż"
    },
    "?": {
      "alternatives": "¿"
    },
    ".": {
      "alternatives": ", ; : · …"
    },
    "'": {
      "alternatives": "\" « »"
    },
    "-": {
      "alternatives": "— _"
    },
    "€": {
      "alternatives": "$ £ ¥"
    },
    "\"": {
      "alternatives": "« »"
    },
    "!": {
      "alternatives": "¡"
    }
  }
}