{
  "name": "French - Bépo",
  "label": "Bépo",
  "imEngine": "latin",
  "types": [
    "text",
    "url",
    "email"
  ],
  "autoCorrectLanguage": "fr",
  "pages": {
    "main": {
      "layout": [
        "b é p o v d l j z w",
        "a u i e c t s r n m",
        "SHIFT y x k q g h f BACKSPACE",
        "?123 SWITCH SPACE . RETURN"
      ]
    },
    "NUMBERS": "inherit",
    "SYMBOLS": "inherit"
  },
  "keys": {
    "a": {
      "alternatives": "à â æ á ã ä å ā"
    },
    "c": {
      "alternatives": "ç ć č"
    },
    "e": {
      "alternatives": "é è ê ë € ē"
    },
    "i": {
      "alternatives": "î ï ì í ī"
    },
    "o": {
      "alternatives": "ô œ ò ó õ ö ō ø"
    },
    "u": {
      "alternatives": "ù û ü ú ū"
    },
    "s": {
      "alternatives": "ś š ş ß"
    },
    "S": {
      "alternatives": "Ś Š Ş"
    },
    "n": {
      "alternatives": "ń ñ ň"
    },
    ".": {
      "alternatives": ", ? ! - ; :"
    }
  }
}