{
  "name": "Croatian",
  "label": "Hrvatski",
  "imEngine": "latin",
  "types": [
    "text",
    "url",
    "email"
  ],
  "autoCorrectLanguage": "hr",
  "pages": {
    "main": {
      "layout": [
        "q w e r t z u i o p",
        "a s d f g h j k l '",
        "SHIFT y x c v b n m BACKSPACE",
        "?123 SWITCH SPACE . RETURN"
      ],
      "variants": {
        "email": [
          "q w e r t z u i o p",
          "a s d f g h j k l _",
          "SHIFT y x c v b n m BACKSPACE",
          "?123 SWITCH @ SPACE . RETURN"
        ],
        "url": [
          "q w e r t z u i o p",
          "a s d f g h j k l :",
          "SHIFT y x c v b n m BACKSPACE",
          "?123 SWITCH SPACE . RETURN"
        ]
      }
    },
    "NUMBERS": "inherit",
    "SYMBOLS": "inherit"
  },
  "keys": {
    "c": {
      "alternatives": "č ć ç"
    },
    "d": {
      "alternatives": "đ"
    },
    "s": {
      "alternatives": "š ś ß $"
    },
    "n": {
      "alternatives": "ñ ń"
    },
    "l": {
      "alternatives": "£"
    },
    "y": {
      "alternatives": "¥"
    },
    "z": {
      "alternatives": "ž ź ż"
    },
    ".": {
      "alternatives": ", ? ! ; :"
    }
  }
}