{
  "name": "Italian",
  "label": "Italiano",
  "imEngine": "latin",
  "types": [
    "text",
    "url",
    "email"
  ],
  "autoCorrectLanguage": "it",
  "pages": {
    "main": {
      "layout": [
        "q w e r t y u i o p",
        "a s d f g h j k l",
        "SHIFT z x c v b n m BACKSPACE",
        "?123 SWITCH SPACE . RETURN"
      ]
    },
    "NUMBERS": {
      "layout": [
        "1 2 3 4 5 6 7 8 9 0",
        "@ # € % & * - + ( )",
        "ALT ! \" ' : ; / ? BACKSPACE",
        "ABC SWITCH SPACE . RETURN"
      ]
    },
    "SYMBOLS": "inherit"
  },
  "keys": {
    "0": {
      "alternatives": "º"
    },
    "1": {
      "alternatives": "1° 1ª"
    },
    "2": {
      "alternatives": "2° 2ª"
    },
    "3": {
      "alternatives": "3° 3ª"
    },
    "4": {
      "alternatives": "4° 4ª"
    },
    "5": {
      "alternatives": "5° 5ª"
    },
    "6": {
      "alternatives": "6° 6ª"
    },
    "7": {
      "alternatives": "7° 7ª"
    },
    "8": {
      "alternatives": "8° 8ª"
    },
    "9": {
      "alternatives": "9° 9ª"
    },
    "a": {
      "alternatives": "à @"
    },
    "c": {
      "alternatives": "ç"
    },
    "e": {
      "alternatives": "è é ê €"
    },
    "i": {
      "alternatives": "ì"
    },
    "o": {
      "alternatives": "ò ó"
    },
    "u": {
      "alternatives": "ù"
    },
    "s": {
      "alternatives": "$"
    },
    "l": {
      "alternatives": "£"
    },
    "y": {
      "alternatives": "¥"
    },
    ".": {
      "alternatives": ", ; : · …"
    },
    "'": {
      "alternatives": "\" « »"
    },
    "-": {
      "alternatives": "— _"
    },
    "€": {
      "alternatives": "$ £ ¥"
    },
    "\"": {
      "alternatives": "« »"
    }
  }
}