{
  "name": "Russian",
  "label": "Pусский",
  "imEngine": "latin",
  "types": [
    "text",
    "url",
    "email"
  ],
  "autoCorrectLanguage": "ru",
  "pages": {
    "main": {
      "layout": [
        "й ц у к е н г ш щ з х",
        "ф ы в а п р о л д ж э",
        "SHIFT я ч с м и т ь б ю BACKSPACE",
        "?123 SWITCH SPACE . RETURN"
      ]
    },
    "NUMBERS": "inherit",
    "SYMBOLS": "inherit"
  },
  "keys": {
    "е": {
      "alternatives": "ё"
    },
    "ь": {
      "alternatives": "ъ"
    }
  }
}