{"brandShortName":{"_":"B2G OS"},"browserBrandShortName":{"_":"Web Browser"},"browserBrandFullName":{"_":"Mozilla Web Browser"},"ok":{"_":"OK"},"cancel":{"_":"Cancel"},"done":{"_":"Done"},"enter-search-or-address":{"placeholder":"Search or enter address"},"history":{"_":"History"},"new-tab":{"_":"New tab"},"open-in-new-tab":{"_":"Open link in new tab"},"future":{"_":"Future"},"today":{"_":"Today"},"yesterday":{"_":"Yesterday"},"last-7-days":{"_":"Last 7 days"},"this-month":{"_":"This month"},"last-6-months":{"_":"Last 6 months"},"older-than-6-months":{"_":"Older than 6 months"},"month-0":{"_":"January"},"month-1":{"_":"February"},"month-2":{"_":"March"},"month-3":{"_":"April"},"month-4":{"_":"May"},"month-5":{"_":"June"},"month-6":{"_":"July"},"month-7":{"_":"August"},"month-8":{"_":"September"},"month-9":{"_":"October"},"month-10":{"_":"November"},"month-11":{"_":"December"},"browser":{"_":"{{browserBrandShortName}}"},"start-browsing":{"_":"Enter a search term or Web address to start browsing."},"top-sites-startPage":{"_":"Top sites"},"top-sites-tab":{"_":"Top sites"},"browser-settings":{"_":"Settings"},"privacy-and-security":{"_":"Privacy & Security"},"clear-browsing-history":{"_":"Clear browsing history"},"confirm-clear-browsing-history":{"_":"Clear browsing history?"},"clear-cookies-and-stored-data":{"_":"Clear cookies and stored data"},"confirm-clear-cookies-and-stored-data":{"_":"Clear cookies and other data stored by sites on this device?"},"search-engines":{"_":"Search Engines"},"default-search-engine":{"_":"Default search engine"},"bookmarks":{"_":"Bookmarks"},"bookmark":{"_":"Bookmark"},"unbookmark":{"_":"Unbookmark"},"edit-bookmark":{"_":"Edit bookmark"},"edit-bookmark-header":{"_":"Edit bookmark"},"page-title":{"_":"Page title"},"address":{"_":"Address"},"add-to-home-screen":{"_":"Add to home screen"},"username":{"_":"Username"},"password":{"_":"Password"},"login":{"_":"Sign in"},"login-to-a-website":{"_":"Sign in to website"},"http-authentication-message":{"_":"The website {{host}} requires you to sign in."},"the-username-or-password-is-incorrect":{"_":"The username or password is incorrect."},"this-is-embarrassing":{"_":"Well, this is embarrassing."},"not-responding":{"_":"We tried to display this Web page, but it’s not responding."},"close-tab":{"_":"Close tab"},"reload-tab":{"_":"Reload"},"search-for":{"_":"Search for"},"save-image":{"_":"Save Image"},"image-saved":{"_":"Image saved to Gallery"},"error-saving-image":{"_":"Error saving image"},"save-video":{"_":"Save Video"},"video-saved":{"_":"Video saved to Video"},"error-saving-video":{"_":"Error saving video"},"save-audio":{"_":"Save Audio"},"audio-saved":{"_":"Audio saved to Music"},"error-saving-audio":{"_":"Error saving audio"}}