[{"$i":"search-or-enter-address","placeholder":"‮Sǝɐɹɔɥ‬ ‮oɹ‬ ‮ǝuʇǝɹ‬ ‮ɐppɹǝss‬"},{"$i":"delete-title","$v":["‮pǝʅǝʇǝ‬ ",{"t":"idOrVar","v":"name"}]},{"$i":"delete-body","$v":[{"t":"idOrVar","v":"name"}," ‮ɐup‬ ‮ɐʅʅ‬ ‮oɟ‬ ‮ıʇs‬ ‮pɐʇɐ‬ ‮ʍıʅʅ‬ ‮qǝ‬ ‮pǝʅǝʇǝp‬."]},{"$i":"delete","$v":"‮pǝʅǝʇǝ‬"},{"$i":"cancel","$v":"‮Ↄɐuɔǝʅ‬"},{"$i":"homescreen-settings","$v":"‮Hoɯǝsɔɹǝǝu‬ ‮Sǝʇʇıuƃs‬"},{"$i":"change-wallpaper","$v":"‮Ↄɥɐuƃǝ‬ ‮Ｍɐʅʅdɐdǝɹ‬"},{"$i":"edit-mode","$v":"‮Ǝpıʇ‬"},{"$i":"edit-done","$v":"‮pouǝ‬"},{"$i":"stop-download-title","$v":["‮Sʇod‬ ",{"t":"idOrVar","v":"name"}]},{"$i":"stop-download-body","$v":"‮po‬ ‮ʎon‬ ‮ʍɐuʇ‬ ‮ʇo‬ ‮sʇod‬ ‮ʇɥǝ‬ ‮poʍuʅoɐp‬ ‮ıu‬ ‮dɹoƃɹǝss‬?"},{"$i":"stop-download-action","$v":"‮Sʇod‬"},{"$i":"resume-download-title","$v":"‮ᴚǝsʇɐɹʇ‬ ‮poʍuʅoɐp‬"},{"$i":"resume-download-body","$v":["‮po‬ ‮ʎon‬ ‮ʍɐuʇ‬ ‮ʇo‬ ‮poʍuʅoɐp‬ ",{"t":"idOrVar","v":"name"},"?"]},{"$i":"resume-download-action","$v":"‮poʍuʅoɐp‬"},{"$i":"edit-group-header","$v":"‮Ǝpıʇ‬ ‮ƃɹond‬"},{"$i":"gaia-grid-stop-download-title","$v":["‮Sʇod‬ ",{"t":"idOrVar","v":"name"}]},{"$i":"gaia-grid-stop-download-body","$v":"‮po‬ ‮ʎon‬ ‮ʍɐuʇ‬ ‮ʇo‬ ‮sʇod‬ ‮ʇɥǝ‬ ‮poʍuʅoɐp‬ ‮ıu‬ ‮dɹoƃɹǝss‬?"},{"$i":"gaia-grid-stop-download-action","$v":"‮Sʇod‬"},{"$i":"gaia-grid-resume-download-title","$v":"‮ᴚǝsʇɐɹʇ‬ ‮poʍuʅoɐp‬"},{"$i":"gaia-grid-resume-download-body","$v":["‮po‬ ‮ʎon‬ ‮ʍɐuʇ‬ ‮ʇo‬ ‮poʍuʅoɐp‬ ",{"t":"idOrVar","v":"name"},"?"]},{"$i":"gaia-grid-resume-download-action","$v":"‮poʍuʅoɐp‬"},{"$i":"gaia-grid-cancel","$v":"‮Ↄɐuɔǝʅ‬"},{"$i":"gaia-grid-toggle-collapsed","ariaLabel":"‮Ǝxdɐup‬ ‮ƃɹond‬"},{"$i":"gaia-grid-toggle-expanded","ariaLabel":"‮Ↄoʅʅɐdsǝ‬ ‮ƃɹond‬"},{"$i":"gaia-grid-enter-group-name","$v":"‮Ǝuʇǝɹ‬ ‮ɐ‬ ‮ƃɹond‬ ‮uɐɯǝ‬"},{"$i":"gaia-menu-cancel","$v":"‮Ↄɐuɔǝʅ‬"}]