[{"$i":"music","$v":"‮Wnsıɔ‬"},{"$i":"mix","$v":"‮Wıx‬"},{"$i":"playlists","$v":"‮Ԁʅɐʎʅısʇ‬"},{"$i":"artists","$v":"‮∀ɹʇısʇs‬"},{"$i":"albums","$v":"‮∀ʅqnɯs‬"},{"$i":"songs","$v":"‮Souƃs‬"},{"$i":"more","$v":"‮Woɹǝ‬"},{"$i":"songArtist","$v":"‮Souƃ‬ ‮ɐɹʇısʇ‬"},{"$i":"songAlbum","$v":"‮Souƃ‬ ‮ɐʅqnɯ‬"},{"$i":"unknownArtist","$v":"‮∩uʞuoʍu‬ ‮ɐɹʇısʇ‬"},{"$i":"unknownAlbum","$v":"‮∩uʞuoʍu‬ ‮ɐʅqnɯ‬"},{"$i":"unknownTitle","$v":"‮∩uʞuoʍu‬ ‮ʇıʇʅǝ‬"},{"$i":"empty-title","$v":"‮∀pp‬ ‮souƃs‬ ‮ʇo‬ ‮ƃǝʇ‬ ‮sʇɐɹʇǝp‬"},{"$i":"empty-text","$v":"‮˥oɐp‬ ‮souƃs‬ ‮ou‬ ‮ʇo‬ ‮ʇɥǝ‬ ‮ɯǝɯoɹʎ‬ ‮ɔɐɹp‬."},{"$i":"nocard2-title","$v":"‮No‬ ‮ɯǝɯoɹʎ‬ ‮ɔɐɹp‬ ‮ɟonup‬"},{"$i":"nocard3-text","$v":"‮Iusǝɹʇ‬ ‮ɐ‬ ‮ɯǝɯoɹʎ‬ ‮ɔɐɹp‬ ‮ʇo‬ ‮ʅısʇǝu‬ ‮ʇo‬ ‮souƃs‬."},{"$i":"pluggedin-title","$v":"‮Wnsıɔ‬ ‮ɔɐu‬ ‮uoʇ‬ ‮qǝ‬ ‮nsǝp‬ ‮ʍɥıʅǝ‬ ‮dɥouǝ‬ ‮ıs‬ ‮dʅnƃƃǝp‬ ‮ıu‬"},{"$i":"pluggedin-text","$v":"‮∩udʅnƃ‬ ‮ʇɥǝ‬ ‮dɥouǝ‬ ‮ʇo‬ ‮dʅɐʎ‬ ‮ɯnsıɔ‬."},{"$i":"upgrade-title","$v":"‮pɐʇɐqɐsǝ‬ ‮∩dƃɹɐpǝ‬"},{"$i":"upgrade-text","$v":"‮Ԁʅǝɐsǝ‬ ‮ʍɐıʇ‬ ‮ʍɥıʅǝ‬ ‮Wnsıɔ‬ ‮ndpɐʇǝs‬ ‮ıʇs‬ ‮pɐʇɐqɐsǝ‬."},{"$i":"search-music","placeholder":"‮Sǝɐɹɔɥ‬ ‮Wnsıɔ‬"},{"$i":"search-cancel","$v":"‮Ↄɐuɔǝʅ‬"},{"$i":"search-artists","$v":"‮∀ɹʇısʇs‬"},{"$i":"search-albums","$v":"‮∀ʅqnɯs‬"},{"$i":"search-titles","$v":"‮⊥ɹɐɔʞs‬"},{"$i":"search-close","$v":"‮ɔʅosǝ‬"},{"$i":"search-no-result","$v":"‮No‬ ‮ɯnsıɔ‬ ‮ɟonup‬"},{"$i":"playlists-shuffle-all","$v":"‮Sɥnɟɟʅǝ‬ ‮ɐʅʅ‬"},{"$i":"playlists-highest-rated","$v":"‮Hıƃɥǝsʇ‬ ‮ɹɐʇǝp‬"},{"$i":"playlists-recently-added","$v":"‮ᴚǝɔǝuʇʅʎ‬ ‮ɐppǝp‬"},{"$i":"playlists-most-played","$v":"‮Wosʇ‬ ‮dʅɐʎǝp‬"},{"$i":"playlists-least-played","$v":"‮˥ǝɐsʇ‬ ‮dʅɐʎǝp‬"},{"$i":"picker-title","$v":"‮Sǝʅǝɔʇ‬ ‮ɐ‬ ‮ʇɹɐɔʞ‬"},{"$i":"save","$v":"‮Sɐʌǝ‬"},{"$i":"saved","$v":["‮Sɐʌǝp‬ ",{"t":"idOrVar","v":"title"}," ‮ʇo‬ ‮Wnsıɔ‬"]},{"$i":"audioinvalid","$v":"‮∀npıo‬ ‮ɔɐuuoʇ‬ ‮qǝ‬ ‮dʅɐʎǝp‬: ‮ɟoɹɯɐʇ‬ ‮ıs‬ ‮nusnddoɹʇǝp‬ ‮oɹ‬ ‮ɟıʅǝ‬ ‮ıs‬ ‮ıuʌɐʅıp‬."},{"$i":"overlay-cancel-button","$v":"‮Ↄɐuɔǝʅ‬"},{"$i":"music-paused-notification","$v":"‮Wnsıɔ‬ ‮dɐnsǝp‬ ‮pnɹıuƃ‬ ‮ʇɥǝ‬ ‮ɔɐʅʅ‬"},{"$i":"done","$v":"‮pouǝ‬"},{"$i":"share-song","ariaLabel":"‮Sɥɐɹǝ‬"},{"$i":"player-album-rating","ariaLabel":"‮ᴚɐʇıuƃ‬"},{"$i":"rating-star","ariaLabel":{"$v":{"zero":[{"t":"idOrVar","v":"n"}," ‮sʇɐɹs‬"],"one":[{"t":"idOrVar","v":"n"}," ‮sʇɐɹ‬"],"two":[{"t":"idOrVar","v":"n"}," ‮sʇɐɹs‬"],"few":[{"t":"idOrVar","v":"n"}," ‮sʇɐɹs‬"],"many":[{"t":"idOrVar","v":"n"}," ‮sʇɐɹs‬"],"other":[{"t":"idOrVar","v":"n"}," ‮sʇɐɹs‬"]},"$x":[{"t":"idOrVar","v":"plural"},"n"]}},{"$i":"go-to-player-view","ariaLabel":"‮פo‬ ‮ʇo‬ ‮dʅɐʎǝɹ‬ ‮ʌıǝʍ‬"},{"$i":"repeat-off","ariaLabel":"‮ᴚǝdǝɐʇ‬ ‮oɟɟ‬"},{"$i":"repeat-list","ariaLabel":"‮ᴚǝdǝɐʇ‬ ‮ɐʅʅ‬"},{"$i":"repeat-song","ariaLabel":"‮ᴚǝdǝɐʇ‬ ‮ʇɹɐɔʞ‬"},{"$i":"shuffle-toggle","ariaLabel":"‮Sɥnɟɟʅǝ‬"},{"$i":"mix-tab","ariaLabel":"‮Wıx‬"},{"$i":"playlists-tab","ariaLabel":"‮Ԁʅɐʎʅısʇs‬"},{"$i":"artists-tab","ariaLabel":"‮∀ɹʇısʇs‬"},{"$i":"albums-tab","ariaLabel":"‮∀ʅqnɯs‬"},{"$i":"songs-tab","ariaLabel":"‮Souƃs‬"},{"$i":"imageDescription","ariaLabel":{"$v":[{"t":"idOrVar","v":"orientation"}," ‮ıɯɐƃǝ‬, ",{"t":"idOrVar","v":"timestamp"}]}},{"$i":"imageDescriptionNoTimestamp","ariaLabel":{"$v":[{"t":"idOrVar","v":"orientation"}," ‮ıɯɐƃǝ‬"]}},{"$i":"videoDescription","ariaLabel":{"$v":[{"t":"idOrVar","v":"orientation"}," ‮ʌıpǝo‬, ",{"t":"idOrVar","v":"timestamp"}]}},{"$i":"videoDescriptionNoTimestamp","ariaLabel":{"$v":[{"t":"idOrVar","v":"orientation"}," ‮ʌıpǝo‬"]}},{"$i":"orientationPortrait","$v":"‮doɹʇɹɐıʇ‬"},{"$i":"orientationLandscape","$v":"‮ʅɐupsɔɐdǝ‬"},{"$i":"playbackPlay","ariaLabel":"‮Ԁʅɐʎ‬"},{"$i":"playbackPause","ariaLabel":"‮Ԁɐnsǝ‬"},{"$i":"playbackNext","ariaLabel":"‮Nǝxʇ‬"},{"$i":"playbackPrevious","ariaLabel":"‮Ԁɹǝʌıons‬"},{"$i":"playbackFullscreen","ariaLabel":"‮ɟnʅʅsɔɹǝǝu‬"},{"$i":"playbackSeekBar","ariaLabel":{"$v":["‮Sǝǝʞ‬ ‮qɐɹ‬, ‮pnɹɐʇıou‬ ",{"t":"idOrVar","v":"duration"}]}}]