{"brandShortName":"Ɓ2Ɠ ǾǿŞ","browserBrandShortName":"Ẇḗḗƀ Ɓřǿǿẇşḗḗř","browserBrandFullName":"Ḿǿǿẑīīŀŀȧȧ Ẇḗḗƀ Ɓřǿǿẇşḗḗř","ok":"ǾǿĶ","cancel":"Ƈȧȧƞƈḗḗŀ","done":"Ḓǿǿƞḗḗ","enter-search-or-address":{"placeholder":"Şḗḗȧȧřƈħ ǿǿř ḗḗƞŧḗḗř ȧȧḓḓřḗḗşş"},"history":"Ħīīşŧǿǿřẏ","new-tab":"Ƞḗḗẇ ŧȧȧƀ","open-in-new-tab":"Ǿǿƥḗḗƞ ŀīīƞķ īīƞ ƞḗḗẇ ŧȧȧƀ","future":"Ƒŭŭŧŭŭřḗḗ","today":"Ŧǿǿḓȧȧẏ","yesterday":"Ẏḗḗşŧḗḗřḓȧȧẏ","last-7-days":"Ŀȧȧşŧ 7 ḓȧȧẏş","this-month":"Ŧħīīş ḿǿǿƞŧħ","last-6-months":"Ŀȧȧşŧ 6 ḿǿǿƞŧħş","older-than-6-months":"Ǿǿŀḓḗḗř ŧħȧȧƞ 6 ḿǿǿƞŧħş","month-0":"Ĵȧȧƞŭŭȧȧřẏ","month-1":"Ƒḗḗƀřŭŭȧȧřẏ","month-2":"Ḿȧȧřƈħ","month-3":"Ȧȧƥřīīŀ","month-4":"Ḿȧȧẏ","month-5":"Ĵŭŭƞḗḗ","month-6":"Ĵŭŭŀẏ","month-7":"Ȧȧŭŭɠŭŭşŧ","month-8":"Şḗḗƥŧḗḗḿƀḗḗř","month-9":"Ǿǿƈŧǿǿƀḗḗř","month-10":"Ƞǿǿṽḗḗḿƀḗḗř","month-11":"Ḓḗḗƈḗḗḿƀḗḗř","browser":"{{browserBrandShortName}}","start-browsing":"Ḗḗƞŧḗḗř ȧȧ şḗḗȧȧřƈħ ŧḗḗřḿ ǿǿř Ẇḗḗƀ ȧȧḓḓřḗḗşş ŧǿǿ şŧȧȧřŧ ƀřǿǿẇşīīƞɠ.","top-sites-startPage":"Ŧǿǿƥ şīīŧḗḗş","top-sites-tab":"Ŧǿǿƥ şīīŧḗḗş","browser-settings":"Şḗḗŧŧīīƞɠş","privacy-and-security":"Ƥřīīṽȧȧƈẏ & Şḗḗƈŭŭřīīŧẏ","clear-browsing-history":"Ƈŀḗḗȧȧř ƀřǿǿẇşīīƞɠ ħīīşŧǿǿřẏ","confirm-clear-browsing-history":"Ƈŀḗḗȧȧř ƀřǿǿẇşīīƞɠ ħīīşŧǿǿřẏ?","clear-cookies-and-stored-data":"Ƈŀḗḗȧȧř ƈǿǿǿǿķīīḗḗş ȧȧƞḓ şŧǿǿřḗḗḓ ḓȧȧŧȧȧ","confirm-clear-cookies-and-stored-data":"Ƈŀḗḗȧȧř ƈǿǿǿǿķīīḗḗş ȧȧƞḓ ǿǿŧħḗḗř ḓȧȧŧȧȧ şŧǿǿřḗḗḓ ƀẏ şīīŧḗḗş ǿǿƞ ŧħīīş ḓḗḗṽīīƈḗḗ?","search-engines":"Şḗḗȧȧřƈħ Ḗḗƞɠīīƞḗḗş","default-search-engine":"Ḓḗḗƒȧȧŭŭŀŧ şḗḗȧȧřƈħ ḗḗƞɠīīƞḗḗ","bookmarks":"Ɓǿǿǿǿķḿȧȧřķş","bookmark":"Ɓǿǿǿǿķḿȧȧřķ","unbookmark":"Ŭŭƞƀǿǿǿǿķḿȧȧřķ","edit-bookmark":"Ḗḗḓīīŧ ƀǿǿǿǿķḿȧȧřķ","edit-bookmark-header":"Ḗḗḓīīŧ ƀǿǿǿǿķḿȧȧřķ","page-title":"Ƥȧȧɠḗḗ ŧīīŧŀḗḗ","address":"Ȧȧḓḓřḗḗşş","add-to-home-screen":"Ȧȧḓḓ ŧǿǿ ħǿǿḿḗḗ şƈřḗḗḗḗƞ","username":"Ŭŭşḗḗřƞȧȧḿḗḗ","password":"Ƥȧȧşşẇǿǿřḓ","login":"Şīīɠƞ īīƞ","login-to-a-website":"Şīīɠƞ īīƞ ŧǿǿ ẇḗḗƀşīīŧḗḗ","http-authentication-message":"Ŧħḗḗ ẇḗḗƀşīīŧḗḗ {{host}} řḗḗɋŭŭīīřḗḗş ẏǿǿŭŭ ŧǿǿ şīīɠƞ īīƞ.","the-username-or-password-is-incorrect":"Ŧħḗḗ ŭŭşḗḗřƞȧȧḿḗḗ ǿǿř ƥȧȧşşẇǿǿřḓ īīş īīƞƈǿǿřřḗḗƈŧ.","this-is-embarrassing":"Ẇḗḗŀŀ, ŧħīīş īīş ḗḗḿƀȧȧřřȧȧşşīīƞɠ.","not-responding":"Ẇḗḗ ŧřīīḗḗḓ ŧǿǿ ḓīīşƥŀȧȧẏ ŧħīīş Ẇḗḗƀ ƥȧȧɠḗḗ, ƀŭŭŧ īīŧ’ş ƞǿǿŧ řḗḗşƥǿǿƞḓīīƞɠ.","close-tab":"Ƈŀǿǿşḗḗ ŧȧȧƀ","reload-tab":"Řḗḗŀǿǿȧȧḓ","search-for":"Şḗḗȧȧřƈħ ƒǿǿř","save-image":"Şȧȧṽḗḗ Īīḿȧȧɠḗḗ","image-saved":"Īīḿȧȧɠḗḗ şȧȧṽḗḗḓ ŧǿǿ Ɠȧȧŀŀḗḗřẏ","error-saving-image":"Ḗḗřřǿǿř şȧȧṽīīƞɠ īīḿȧȧɠḗḗ","save-video":"Şȧȧṽḗḗ Ṽīīḓḗḗǿǿ","video-saved":"Ṽīīḓḗḗǿǿ şȧȧṽḗḗḓ ŧǿǿ Ṽīīḓḗḗǿǿ","error-saving-video":"Ḗḗřřǿǿř şȧȧṽīīƞɠ ṽīīḓḗḗǿǿ","save-audio":"Şȧȧṽḗḗ Ȧȧŭŭḓīīǿǿ","audio-saved":"Ȧȧŭŭḓīīǿǿ şȧȧṽḗḗḓ ŧǿǿ Ḿŭŭşīīƈ","error-saving-audio":"Ḗḗřřǿǿř şȧȧṽīīƞɠ ȧȧŭŭḓīīǿǿ"}