{"topup-confirmation-title2":"Ŭŭşȧȧɠḗḗ","topup-confirmation-message":"Ŧǿǿƥ-ŭŭƥ ƈǿǿƞƒīīřḿḗḗḓ","topup-incorrectcode-title2":"Ŭŭşȧȧɠḗḗ","topup-incorrectcode-message3":"Īīƞƈǿǿřřḗḗƈŧ ŧǿǿƥ-ŭŭƥ ƈǿǿḓḗḗ ḗḗƞŧḗḗřḗḗḓ.","updating":"Ŭŭƥḓȧȧŧīīƞɠ","updating-ellipsis":"Ŭŭƥḓȧȧŧīīƞɠ…","yesterday":"Ẏḗḗşŧḗḗřḓȧȧẏ","today":"Ŧǿǿḓȧȧẏ","never":"Ƞḗḗṽḗḗř","magnitude":"{{value}} {{unit}}","currency":"{{currency}}{{value}}","widget":"Ŭŭşȧȧɠḗḗ Ẇīīḓɠḗḗŧ","widget-authed-sim-heading":"Ƞḗḗẇ {{provider}} ŞĪīḾ īīƞşḗḗřŧḗḗḓ","widget-authed-sim-meta":"Ŧȧȧƥ ŧǿǿ ŧřȧȧƈķ ẏǿǿŭŭř ƥħǿǿƞḗḗ ȧȧƞḓ īīƞŧḗḗřƞḗḗŧ ŭŭşȧȧɠḗḗ.","widget-nonauthed-sim-heading":"Ƞḗḗẇ ŞĪīḾ īīƞşḗḗřŧḗḗḓ","widget-nonauthed-sim-meta":"Ŧȧȧƥ ŧǿǿ ŧřȧȧƈķ ẏǿǿŭŭř īīƞŧḗḗřƞḗḗŧ ŭŭşȧȧɠḗḗ.","widget-airplane-mode-heading":"Ȧȧīīřƥŀȧȧƞḗḗ Ḿǿǿḓḗḗ","widget-airplane-mode-meta":"Ƥŀḗḗȧȧşḗḗ, ŧŭŭřƞ ǿǿƒƒ ȧȧīīřƥŀȧȧƞḗḗ ḿǿǿḓḗḗ ŧǿǿ ḗḗƞȧȧƀŀḗḗ Ŭŭşȧȧɠḗḗ.","widget-no-sim2-heading":"Ƞǿǿ ŞĪīḾ īīƞşḗḗřŧḗḗḓ","widget-no-sim2-meta":"Īīƞşḗḗřŧ ȧȧ ŞĪīḾ ŧǿǿ ḗḗƞȧȧƀŀḗḗ Ŭŭşȧȧɠḗḗ.","widget-sim-locked-heading":"Ŀǿǿƈķḗḗḓ ŞĪīḾ ƈȧȧřḓ","widget-sim-locked-meta":"Ŭŭƞŀǿǿƈķ ẏǿǿŭŭř ŞĪīḾ ŧǿǿ ḗḗƞȧȧƀŀḗḗ Ŭŭşȧȧɠḗḗ.","fte":"Ŭŭşȧȧɠḗḗ Ƒīīřşŧ Ŧīīḿḗḗ Ḗḗẋƥḗḗřīīḗḗƞƈḗḗ","fte-authed-sim":"Şȧȧṽḗḗ ḿǿǿƞḗḗẏ ƀẏ ķḗḗḗḗƥīīƞɠ ŧřȧȧƈķ ǿǿƒ ẏǿǿŭŭř ƥħǿǿƞḗḗ ȧȧƞḓ īīƞŧḗḗřƞḗḗŧ ŭŭşȧȧɠḗḗ.","fte-nonauthed-sim":"Şȧȧṽḗḗ ḿǿǿƞḗḗẏ ƀẏ ķḗḗḗḗƥīīƞɠ ŧřȧȧƈķ ǿǿƒ ẏǿǿŭŭř īīƞŧḗḗřƞḗḗŧ ŭŭşȧȧɠḗḗ.","fte-no-sim":"Ɠḗḗŧ ƈŀḗḗȧȧř īīƞƒǿǿřḿȧȧŧīīǿǿƞ ȧȧƀǿǿŭŭŧ ħǿǿẇ ḿŭŭƈħ īīƞŧḗḗřƞḗḗŧ ẏǿǿŭŭ’řḗḗ ŭŭşīīƞɠ.","fte-sim-info2":"Īīƞƒǿǿřḿȧȧŧīīǿǿƞ şħǿǿẇƞ ǿǿƞ Ŭŭşȧȧɠḗḗ ƈǿǿḿḗḗş ḓīīřḗḗƈŧŀẏ ƒřǿǿḿ ŧħīīş ḓḗḗṽīīƈḗḗ. Ƈħḗḗƈķ ẇīīŧħ ẏǿǿŭŭř ḿǿǿƀīīŀḗḗ şḗḗřṽīīƈḗḗ ƥřǿǿṽīīḓḗḗř ƒǿǿř ḓḗḗŧȧȧīīŀḗḗḓ ȧȧƈƈǿǿŭŭƞŧ īīƞƒǿǿřḿȧȧŧīīǿǿƞ.","fte-plantype-title":"Ŧẏƥḗḗ ǿǿƒ Ƈǿǿƞŧřȧȧƈŧ","fte-plantype-hint":"Şḗḗŀḗḗƈŧ ŧħḗḗ ŧẏƥḗḗ ǿǿƒ ƈǿǿƞŧřȧȧƈŧ ẏǿǿŭŭ ħȧȧṽḗḗ ẇīīŧħ ẏǿǿŭŭř ḿǿǿƀīīŀḗḗ şḗḗřṽīīƈḗḗ ƥřǿǿṽīīḓḗḗř.","fte-prepaid2-title":"Ŀǿǿẇ Ɓȧȧŀȧȧƞƈḗḗ Ȧȧŀḗḗřŧ","fte-prepaid2-hint":"Şḗḗŧ ȧȧƞ ȧȧŀḗḗřŧ ŧǿǿ ȧȧṽǿǿīīḓ řŭŭƞƞīīƞɠ ǿǿŭŭŧ ǿǿƒ ƈřḗḗḓīīŧ.","fte-prepaid3-title":"Ḓȧȧŧȧȧ Řḗḗƥǿǿřŧ ȧȧƞḓ Ȧȧŀḗḗřŧ","fte-prepaid3-hint":"Řḗḗƈḗḗīīṽḗḗ řḗḗƥǿǿřŧş ȧȧƀǿǿŭŭŧ ẏǿǿŭŭř Īīƞŧḗḗřƞḗḗŧ ŭŭşȧȧɠḗḗ ȧȧƞḓ şḗḗŧ ȧȧƞ ȧȧŀḗḗřŧ ŧǿǿ ȧȧṽǿǿīīḓ ŭŭşīīƞɠ ŧǿǿǿǿ ḿŭŭƈħ.","fte-postpaid2-title":"Ƥħǿǿƞḗḗ ȧȧƞḓ Ḓȧȧŧȧȧ Řḗḗƥǿǿřŧ","fte-postpaid2-hint":"Řḗḗƈḗḗīīṽḗḗ řḗḗƥǿǿřŧş ȧȧƀǿǿŭŭŧ ẏǿǿŭŭř ƥħǿǿƞḗḗ ȧȧƞḓ Īīƞŧḗḗřƞḗḗŧ ŭŭşȧȧɠḗḗ.","fte-postpaid3-title":"Ḓȧȧŧȧȧ Ȧȧŀḗḗřŧ","fte-postpaid3-hint":"Şḗḗŧ ȧȧƞ ȧȧŀḗḗřŧ ŧǿǿ ȧȧṽǿǿīīḓ ŭŭşīīƞɠ ŧǿǿǿǿ ḿŭŭƈħ ḓȧȧŧȧȧ.","fte-onlydata2-title":"Ḓȧȧŧȧȧ Řḗḗƥǿǿřŧ","fte-onlydata2-hint":"Řḗḗƈḗḗīīṽḗḗ řḗḗƥǿǿřŧş ȧȧƀǿǿŭŭŧ ẏǿǿŭŭř īīƞŧḗḗřƞḗḗŧ ŭŭşȧȧɠḗḗ.","fte-onlydata3-title":"Ḓȧȧŧȧȧ Ȧȧŀḗḗřŧ","fte-onlydata3-hint":"Şḗḗŧ ȧȧƞ ȧȧŀḗḗřŧ ŧǿǿ ȧȧṽǿǿīīḓ ŭŭşīīƞɠ ŧǿǿǿǿ ḿŭŭƈħ ḓȧȧŧȧȧ.","phone-activity":"Ƥħǿǿƞḗḗ Ȧȧƈŧīīṽīīŧẏ","balance":"Ɓȧȧŀȧȧƞƈḗḗ","on-roaming-message2":"Řǿǿȧȧḿīīƞɠ: ƞǿǿ ȧȧŭŭŧǿǿḿȧȧŧīīƈ ƀȧȧŀȧȧƞƈḗḗ ŭŭƥḓȧȧŧḗḗ. Ẏǿǿŭŭ ḿīīɠħŧ ƀḗḗ ƈħȧȧřɠḗḗḓ ƒǿǿř ŭŭƥḓȧȧŧīīƞɠ ḿȧȧƞŭŭȧȧŀŀẏ.","balance-error-message2":"Ɓȧȧŀȧȧƞƈḗḗ ḓīīḓƞ’ŧ ŭŭƥḓȧȧŧḗḗ ƈǿǿřřḗḗƈŧŀẏ. Ŧřẏ ŭŭƥḓȧȧŧīīƞɠ ḿȧȧƞŭŭȧȧŀŀẏ.","airplane-mode-error-message2":"Ŧŭŭřƞ ǿǿƒƒ ȧȧīīřƥŀȧȧƞḗḗ ḿǿǿḓḗḗ ŧǿǿ ŭŭƥḓȧȧŧḗḗ ẏǿǿŭŭř ƀȧȧŀȧȧƞƈḗḗ ǿǿř ŧǿǿƥ ŭŭƥ.","disable-airplane-mode":"Ḓǿǿ ẏǿǿŭŭ ẇȧȧƞŧ ŧǿǿ ḓīīşȧȧƀŀḗḗ Ȧȧīīřƥŀȧȧƞḗḗ ḿǿǿḓḗḗ ŧǿǿ ŭŭƥḓȧȧŧḗḗ ǿǿř ŧǿǿƥ ŭŭƥ?","no-coverage-error-message2":"Ẏǿǿŭŭ ƞḗḗḗḗḓ ƥħǿǿƞḗḗ ƈǿǿṽḗḗřȧȧɠḗḗ ŧǿǿ ŭŭƥḓȧȧŧḗḗ ẏǿǿŭŭř ƀȧȧŀȧȧƞƈḗḗ ǿǿř ŧǿǿƥ ŭŭƥ.","top-up":"Ŧǿǿƥ Ŭŭƥ","enter-top-up-code":"Ḗḗƞŧḗḗř ŧħḗḗ ŧǿǿƥ-ŭŭƥ ƈǿǿḓḗḗ","top-up-code-explanation2":"Ƒīīƞḓ īīŧ ǿǿƞ ŧħḗḗ şƈřȧȧŧƈħ ƈȧȧřḓ ǿǿř ḓīīřḗḗƈŧŀẏ īīƞ ẏǿǿŭŭř řḗḗƈḗḗīīƥŧ.","wait-for-confirmation":"Ẏǿǿŭŭ ẇīīŀŀ řḗḗƈḗḗīīṽḗḗ ȧȧ ƈǿǿƞƒīīřḿȧȧŧīīǿǿƞ ḿḗḗşşȧȧɠḗḗ","incorrect-code2":"Ḿȧȧķḗḗ şŭŭřḗḗ ŧħḗḗ ƈǿǿḓḗḗ īīş ƈǿǿřřḗḗƈŧ ȧȧƞḓ ŧřẏ ȧȧɠȧȧīīƞ.","topup-error2":"Ŧħḗḗřḗḗ ẇȧȧş ȧȧ ƥřǿǿƀŀḗḗḿ şḗḗƞḓīīƞɠ ŧħḗḗ ƈǿǿḓḗḗ. Ƥŀḗḗȧȧşḗḗ, ŧřẏ ȧȧɠȧȧīīƞ.","application-error-title":"Şḗḗřṽīīƈḗḗ ŭŭƞȧȧṽȧȧīīŀȧȧƀŀḗḗ","application-error-message":"Ƈǿǿƞŧȧȧƈŧ ẏǿǿŭŭř ƈǿǿḿƥȧȧƞẏ řḗḗƥřḗḗşḗḗƞŧȧȧŧīīṽḗḗ","service-unavailable-title":"Şḗḗřṽīīƈḗḗ ŭŭƞȧȧṽȧȧīīŀȧȧƀŀḗḗ","service-unavailable-message":"Ƞḗḗīīŧħḗḗř ŭŭƥḓȧȧŧḗḗ ƞǿǿř ŧǿǿƥ-ŭŭƥ īīş ƥǿǿşşīīƀŀḗḗ ȧȧŧ ŧħḗḗ ḿǿǿḿḗḗƞŧ. Ƥŀḗḗȧȧşḗḗ ŧřẏ ŀȧȧŧḗḗř.","data-usage":"Ḓȧȧŧȧȧ ŭŭşȧȧɠḗḗ","update-button":"Ŭŭƥḓȧȧŧḗḗ","topup-button2":"Ŭŭşḗḗ ŧǿǿƥ-ŭŭƥ ƈǿǿḓḗḗ","topup-ussd-button2":"Ǿǿƥḗḗƞ ŧǿǿƥ-ŭŭƥ ḿḗḗƞŭŭ","ok":"ǾǿĶ","top-up-in-progress2":"Ẏǿǿŭŭř ŧǿǿƥ-ŭŭƥ īīş ƀḗḗīīƞɠ ƥřǿǿƈḗḗşşḗḗḓ.","top-up-timed-out2":"Ŭŭƥḓȧȧŧḗḗ ẏǿǿŭŭř ƀȧȧŀȧȧƞƈḗḗ ŧǿǿ ƈǿǿƞƒīīřḿ. Īīƒ ƀȧȧŀȧȧƞƈḗḗ īīş ŭŭƞƈħȧȧƞɠḗḗḓ, ŧřẏ ŧǿǿƥƥīīƞɠ ŭŭƥ ȧȧɠȧȧīīƞ.","on-topup-not-confirmed-title":"Ŧǿǿƥ-ŭŭƥ ƞǿǿŧ ƈǿǿƞƒīīřḿḗḗḓ","on-topup-not-confirmed-message":"Ŧřẏ ŭŭƥḓȧȧŧīīƞɠ ẏǿǿŭŭř ƀȧȧŀȧȧƞƈḗḗ ǿǿř řḗḗŧřẏ ŧǿǿƥ-ŭŭƥ.","send":"şḗḗƞḓ","plantype-setup-title":"Ḿẏ ƥħǿǿƞḗḗ ȧȧƞḓ Īīƞŧḗḗřƞḗḗŧ ƥŀȧȧƞ īīş","prepaid":"Ƥřḗḗƥȧȧīīḓ","postpaid":"Ƥǿǿşŧƥȧȧīīḓ","phoneactivity":"Ƥħǿǿƞḗḗ ȧȧƈŧīīṽīīŧẏ","short-date-format":"%b, %d","sms-sent":"ŞḾŞ şḗḗƞŧ","call-made":"Ƈȧȧŀŀş ḿȧȧḓḗḗ","settings":"Şḗḗŧŧīīƞɠş","low-balance-alert":"Ŀǿǿẇ ƀȧȧŀȧȧƞƈḗḗ ȧȧŀḗḗřŧ","low-balance-explanation2":"Ẇħḗḗƞ ƀȧȧŀȧȧƞƈḗḗ īīş ƀḗḗŀǿǿẇ","phone-and-internet-data-report":"Ƥħǿǿƞḗḗ ȧȧƞḓ Īīƞŧḗḗřƞḗḗŧ ḓȧȧŧȧȧ řḗḗƥǿǿřŧ","starting-on":"Şŧȧȧřŧīīƞɠ ǿǿƞ","cancel":"Ƈȧȧƞƈḗḗŀ","monthly":"Ḿǿǿƞŧħŀẏ","weekly":"Ẇḗḗḗḗķŀẏ","monday":"Ḿǿǿƞḓȧȧẏ","tuesday":"Ŧŭŭḗḗşḓȧȧẏ","wednesday":"Ẇḗḗḓƞḗḗşḓȧȧẏ","thursday":"Ŧħŭŭřşḓȧȧẏ","friday":"Ƒřīīḓȧȧẏ","saturday":"Şȧȧŧŭŭřḓȧȧẏ","sunday":"Şŭŭƞḓȧȧẏ","billing-cycle-ends":"Ɓīīŀŀīīƞɠ ƈẏƈŀḗḗ ḗḗƞḓş","tracking-will-reset":"Ŧřȧȧƈķīīƞɠ ẇīīŀŀ řḗḗşḗḗŧ ǿǿƞ ŧħīīş ḓȧȧŧḗḗ","yes":"Ẏḗḗş","done":"Ḓǿǿƞḗḗ","confirmation":"Ƈǿǿƞƒīīřḿȧȧŧīīǿǿƞ","reset-confirmation-warning":"Ȧȧŀŀ ƈŭŭřřḗḗƞŧ ḓȧȧŧȧȧ ẇīīŀŀ ƀḗḗ ḓḗḗŀḗḗŧḗḗḓ. Ȧȧřḗḗ ẏǿǿŭŭ şŭŭřḗḗ ẏǿǿŭŭ ẇȧȧƞŧ ŧǿǿ řḗḗşḗḗŧ?","reset":"Řḗḗşḗḗŧ","reset-wifi":"Řḗḗşḗḗŧ Ẇīī-Ƒīī ŭŭşȧȧɠḗḗ","reset-mobile":"Řḗḗşḗḗŧ ḿǿǿƀīīŀḗḗ ŭŭşȧȧɠḗḗ","reset-all-data-usage":"Řḗḗşḗḗŧ ḿǿǿƀīīŀḗḗ & Ẇīī-Ƒīī ḓȧȧŧȧȧ","not-set":"Ƞǿǿŧ şḗḗŧ","used":"Ŭŭşḗḗḓ","limit-passed":"Ŀīīḿīīŧ ƥȧȧşşḗḗḓ","limit":"Ŀīīḿīīŧ","data-limit-header":"Ḓȧȧŧȧȧ ŭŭşȧȧɠḗḗ ŀīīḿīīŧ","data-limit-alert":"Ḓȧȧŧȧȧ ŭŭşḗḗ ȧȧŀḗḗřŧ","data-limit-value2":"Ẇħḗḗƞ ŭŭşḗḗ īīş ȧȧƀǿǿṽḗḗ","data-limit-dialog-title2":"Ḗḗƞŧḗḗř ȧȧ ḿǿǿƀīīŀḗḗ ḓȧȧŧȧȧ ŀīīḿīīŧ ȧȧŀḗḗřŧ","data-limit-dialog-explanation2":"Ƈǿǿƞƞḗḗƈŧīīǿǿƞ şƥḗḗḗḗḓş řḗḗḓŭŭƈḗḗ ȧȧƒŧḗḗř ŧħḗḗ ŀīīḿīīŧ īīş řḗḗȧȧƈħḗḗḓ. Ƈħḗḗƈķ ẇīīŧħ ẏǿǿŭŭř ḓȧȧŧȧȧ ƥřǿǿṽīīḓḗḗř ŧǿǿ şḗḗŧ ȧȧƞ ȧȧƥƥřǿǿƥřīīȧȧŧḗḗ ȧȧŀḗḗřŧ ŀḗḗṽḗḗŀ.","wifi-usage":"Ẇīī-Ƒīī ŭŭşȧȧɠḗḗ","mobile-usage":"Ḿǿǿƀīīŀḗḗ ŭŭşȧȧɠḗḗ","wifi-usage-settings":"Ẇīī-Ƒīī ŭŭşȧȧɠḗḗ","mobile-usage-settings":"Ḿǿǿƀīīŀḗḗ ŭŭşȧȧɠḗḗ","im-prepaid":"Īī’ḿ Ƥřḗḗ-ƥȧȧīīḓ","im-postpaid":"Īī’ḿ Ƥǿǿşŧ-ƥȧȧīīḓ","reset-data-usage":"Řḗḗşḗḗŧ ḓȧȧŧȧȧ ŭŭşȧȧɠḗḗ","reset-report":"Řḗḗşḗḗŧ řḗḗƥǿǿřŧ","next":"Ƞḗḗẋŧ","back":"Ɓȧȧƈķ","lets-go":"Ŀḗḗŧ’ş ɠǿǿ!","alert":"Ȧȧŀḗḗřŧ","alert-limit":"Ȧȧŀḗḗřŧ Ŀīīḿīīŧ","fte-welcome-title":"Ẇḗḗŀƈǿǿḿḗḗ","data-limit-notification-title2":"{{limit}} ǿǿƒ ḓȧȧŧȧȧ ŭŭşḗḗḓ","data-limit-notification-text2":"Ẏǿǿŭŭ’ṽḗḗ řḗḗȧȧƈħḗḗḓ ŧħḗḗ ŀīīḿīīŧ ẏǿǿŭŭ şḗḗŀḗḗƈŧḗḗḓ","low-balance-notification-title":"Ŀǿǿẇ ƀȧȧŀȧȧƞƈḗḗ","low-balance-notification-text":"{{remaining}} řḗḗḿȧȧīīƞīīƞɠ ƥħǿǿƞḗḗ ƈřḗḗḓīīŧ","zero-balance-message":"Ɓȧȧŀȧȧƞƈḗḗ ħȧȧş řḗḗȧȧƈħḗḗḓ ẑḗḗřǿǿ, ƞǿǿ ƥħǿǿƞḗḗ ƈřḗḗḓīīŧ řḗḗḿȧȧīīƞīīƞɠ.","not-available":"Ƞǿǿŧ ȧȧṽȧȧīīŀȧȧƀŀḗḗ","usage":"Ŭŭşȧȧɠḗḗ","internet":"Īīƞŧḗḗřƞḗḗŧ","phone":"Ƥħǿǿƞḗḗ","loading-interface-data":"Ŀǿǿȧȧḓīīƞɠ īīƞŧḗḗřƒȧȧƈḗḗ ḓȧȧŧȧȧ. Ƥŀḗḗȧȧşḗḗ řḗḗŧřẏ īīƞ ȧȧ ẇħīīŀḗḗ.","verbose-chart-date-format":"{{em-month}} {{monthday-number}}","day-hour-format":"{{day}}, {{time}}","B":"Ɓ","KB":"ĶƁ","MB":"ḾƁ","GB":"ƓƁ","weekday-0-long":"Şŭŭƞḓȧȧẏ","weekday-1-long":"Ḿǿǿƞḓȧȧẏ","weekday-2-long":"Ŧŭŭḗḗşḓȧȧẏ","weekday-3-long":"Ẇḗḗḓƞḗḗşḓȧȧẏ","weekday-4-long":"Ŧħŭŭřşḓȧȧẏ","weekday-5-long":"Ƒřīīḓȧȧẏ","weekday-6-long":"Şȧȧŧŭŭřḓȧȧẏ","weekday-0-short":"Şŭŭƞ","weekday-1-short":"Ḿǿǿƞ","weekday-2-short":"Ŧŭŭḗḗ","weekday-3-short":"Ẇḗḗḓ","weekday-4-short":"Ŧħŭŭ","weekday-5-short":"Ƒřīī","weekday-6-short":"Şȧȧŧ","month-0-long":"Ĵȧȧƞŭŭȧȧřẏ","month-1-long":"Ƒḗḗƀřŭŭȧȧřẏ","month-2-long":"Ḿȧȧřƈħ","month-3-long":"Ȧȧƥřīīŀ","month-4-long":"Ḿȧȧẏ","month-5-long":"Ĵŭŭƞḗḗ","month-6-long":"Ĵŭŭŀẏ","month-7-long":"Ȧȧŭŭɠŭŭşŧ","month-8-long":"Şḗḗƥŧḗḗḿƀḗḗř","month-9-long":"Ǿǿƈŧǿǿƀḗḗř","month-10-long":"Ƞǿǿṽḗḗḿƀḗḗř","month-11-long":"Ḓḗḗƈḗḗḿƀḗḗř","month-0-genitive":"Ĵȧȧƞŭŭȧȧřẏ","month-1-genitive":"Ƒḗḗƀřŭŭȧȧřẏ","month-2-genitive":"Ḿȧȧřƈħ","month-3-genitive":"Ȧȧƥřīīŀ","month-4-genitive":"Ḿȧȧẏ","month-5-genitive":"Ĵŭŭƞḗḗ","month-6-genitive":"Ĵŭŭŀẏ","month-7-genitive":"Ȧȧŭŭɠŭŭşŧ","month-8-genitive":"Şḗḗƥŧḗḗḿƀḗḗř","month-9-genitive":"Ǿǿƈŧǿǿƀḗḗř","month-10-genitive":"Ƞǿǿṽḗḗḿƀḗḗř","month-11-genitive":"Ḓḗḗƈḗḗḿƀḗḗř","month-0-short":"Ĵȧȧƞ","month-1-short":"Ƒḗḗƀ","month-2-short":"Ḿȧȧř","month-3-short":"Ȧȧƥř","month-4-short":"Ḿȧȧẏ","month-5-short":"Ĵŭŭƞ","month-6-short":"Ĵŭŭŀ","month-7-short":"Ȧȧŭŭɠ","month-8-short":"Şḗḗƥ","month-9-short":"Ǿǿƈŧ","month-10-short":"Ƞǿǿṽ","month-11-short":"Ḓḗḗƈ","minutes-ago-long":{"_":{"zero":"ĵŭŭşŧ ƞǿǿẇ","one":"ȧȧ ḿīīƞŭŭŧḗḗ ȧȧɠǿǿ","two":"{{value}} ḿīīƞŭŭŧḗḗş ȧȧɠǿǿ","few":"{{value}} ḿīīƞŭŭŧḗḗş ȧȧɠǿǿ","many":"{{value}} ḿīīƞŭŭŧḗḗş ȧȧɠǿǿ","other":"{{value}} ḿīīƞŭŭŧḗḗş ȧȧɠǿǿ"}},"hours-ago-long":{"_":{"zero":"ĵŭŭşŧ ƞǿǿẇ","one":"ȧȧƞ ħǿǿŭŭř ȧȧɠǿǿ","two":"{{value}} ħǿǿŭŭřş ȧȧɠǿǿ","few":"{{value}} ħǿǿŭŭřş ȧȧɠǿǿ","many":"{{value}} ħǿǿŭŭřş ȧȧɠǿǿ","other":"{{value}} ħǿǿŭŭřş ȧȧɠǿǿ"}},"days-ago-long":{"_":{"zero":"ŧǿǿḓȧȧẏ","one":"ẏḗḗşŧḗḗřḓȧȧẏ","two":"{{value}} ḓȧȧẏş ȧȧɠǿǿ","few":"{{value}} ḓȧȧẏş ȧȧɠǿǿ","many":"{{value}} ḓȧȧẏş ȧȧɠǿǿ","other":"{{value}} ḓȧȧẏş ȧȧɠǿǿ"}},"weeks-ago-long":{"_":{"zero":"ŧħīīş ẇḗḗḗḗķ","one":"ŀȧȧşŧ ẇḗḗḗḗķ","two":"{{value}} ẇḗḗḗḗķş ȧȧɠǿǿ","few":"{{value}} ẇḗḗḗḗķş ȧȧɠǿǿ","many":"{{value}} ẇḗḗḗḗķş ȧȧɠǿǿ","other":"{{value}} ẇḗḗḗḗķş ȧȧɠǿǿ"}},"months-ago-long":{"_":{"zero":"ŧħīīş ḿǿǿƞŧħ","one":"ŀȧȧşŧ ḿǿǿƞŧħ","two":"{{value}} ḿǿǿƞŧħş ȧȧɠǿǿ","few":"{{value}} ḿǿǿƞŧħş ȧȧɠǿǿ","many":"{{value}} ḿǿǿƞŧħş ȧȧɠǿǿ","other":"{{value}} ḿǿǿƞŧħş ȧȧɠǿǿ"}},"years-ago-long":{"_":{"zero":"ŧħīīş ẏḗḗȧȧř","one":"ŀȧȧşŧ ẏḗḗȧȧř","two":"{{value}} ẏḗḗȧȧřş ȧȧɠǿǿ","few":"{{value}} ẏḗḗȧȧřş ȧȧɠǿǿ","many":"{{value}} ẏḗḗȧȧřş ȧȧɠǿǿ","other":"{{value}} ẏḗḗȧȧřş ȧȧɠǿǿ"}},"minutes-until-long":{"_":{"zero":"ƞǿǿẇ","one":"īīƞ ȧȧ ḿīīƞŭŭŧḗḗ","two":"īīƞ {{value}} ḿīīƞŭŭŧḗḗş","few":"īīƞ {{value}} ḿīīƞŭŭŧḗḗş","many":"īīƞ {{value}} ḿīīƞŭŭŧḗḗş","other":"īīƞ {{value}} ḿīīƞŭŭŧḗḗş"}},"hours-until-long":{"_":{"zero":"ƞǿǿẇ","one":"īīƞ ȧȧƞ ħǿǿŭŭř","two":"īīƞ {{value}} ħǿǿŭŭřş","few":"īīƞ {{value}} ħǿǿŭŭřş","many":"īīƞ {{value}} ħǿǿŭŭřş","other":"īīƞ {{value}} ħǿǿŭŭřş"}},"days-until-long":{"_":{"zero":"ŧǿǿḓȧȧẏ","one":"ŧǿǿḿǿǿřřǿǿẇ","two":"īīƞ {{value}} ḓȧȧẏş","few":"īīƞ {{value}} ḓȧȧẏş","many":"īīƞ {{value}} ḓȧȧẏş","other":"īīƞ {{value}} ḓȧȧẏş"}},"weeks-until-long":{"_":{"zero":"ŧħīīş ẇḗḗḗḗķ","one":"ƞḗḗẋŧ ẇḗḗḗḗķ","two":"īīƞ {{value}} ẇḗḗḗḗķş","few":"īīƞ {{value}} ẇḗḗḗḗķş","many":"īīƞ {{value}} ẇḗḗḗḗķş","other":"īīƞ {{value}} ẇḗḗḗḗķş"}},"months-until-long":{"_":{"zero":"ŧħīīş ḿǿǿƞŧħ","one":"ƞḗḗẋŧ ḿǿǿƞŧħ","two":"īīƞ {{value}} ḿǿǿƞŧħş","few":"īīƞ {{value}} ḿǿǿƞŧħş","many":"īīƞ {{value}} ḿǿǿƞŧħş","other":"īīƞ {{value}} ḿǿǿƞŧħş"}},"years-until-long":{"_":{"zero":"ŧħīīş ẏḗḗȧȧř","one":"ƞḗḗẋŧ ẏḗḗȧȧř","two":"īīƞ {{value}} ẏḗḗȧȧřş","few":"īīƞ {{value}} ẏḗḗȧȧřş","many":"īīƞ {{value}} ẏḗḗȧȧřş","other":"īīƞ {{value}} ẏḗḗȧȧřş"}},"minutes-ago-short":{"_":{"zero":"ĵŭŭşŧ ƞǿǿẇ","other":"{{value}}ḿ ȧȧɠǿǿ"}},"hours-ago-short":{"_":{"zero":"ĵŭŭşŧ ƞǿǿẇ","other":"{{value}}ħ ȧȧɠǿǿ"}},"days-ago-short":{"_":{"zero":"ŧǿǿḓȧȧẏ","other":"{{value}}ḓ ȧȧɠǿǿ"}},"minutes-until-short":{"_":{"zero":"ƞǿǿẇ","other":"īīƞ {{value}}ḿ"}},"hours-until-short":{"_":{"zero":"ƞǿǿẇ","other":"īīƞ {{value}}ħ"}},"days-until-short":{"_":{"zero":"ŧǿǿḓȧȧẏ","other":"īīƞ {{value}}ḓ"}},"incorrectDate":"(īīƞƈǿǿřřḗḗƈŧ ḓȧȧŧḗḗ)","dateTimeFormat_%c":"%a %b %e %Y %I:%M:%S %p","dateTimeFormat_%x":"%m/%d/%Y","dateTimeFormat_%X":"%I:%M:%S %p","shortTimeFormat":"%I:%M %p","shortDateTimeFormat":"%x %I:%M %p","weekStartsOnMonday":"0","time_am":"ȦȧḾ","time_pm":"ƤḾ"}