{"nospace2-title":{"_":"記憶卡的空間不足"},"nospace2-text":{"_":"刪除媒體檔案以釋放可用空間。"},"error-saving-title":{"_":"相片未儲存"},"error-saving-text":{"_":"發生錯誤，相機無法儲存相片。"},"error-recording-title":{"_":"影片未紀錄"},"error-recording-text":{"_":"有錯誤發生使相機無法錄製影片。"},"nocard2-title":{"_":"找不到記憶卡"},"nocard2-text":{"_":"插入記憶卡以使用此應用程式，或在設定中選擇另一個預設媒體位置。"},"pluggedin-title":{"_":"連接到電腦時無法使用相機"},"pluggedin-text":{"_":"拔除連接線以檢視照片。"},"storage-size-limit-reached":{"_":"您的媒體儲存空間不足。"},"activity-size-limit-reached":{"_":"您已超過了此附件的最大檔案大小。"},"retake-button":{"_":"重拍"},"select-button":{"_":"選取"},"close-button":{"_":"關閉"},"delete-photo?":{"_":"刪除相片？"},"delete-video?":{"_":"刪除影片？"},"storage-setting-button":{"_":"媒體儲存空間選項"},"weekday-0-long":{"_":"星期日"},"weekday-1-long":{"_":"星期一"},"weekday-2-long":{"_":"星期二"},"weekday-3-long":{"_":"星期三"},"weekday-4-long":{"_":"星期四"},"weekday-5-long":{"_":"星期五"},"weekday-6-long":{"_":"星期六"},"weekday-0-short":{"_":"日"},"weekday-1-short":{"_":"一"},"weekday-2-short":{"_":"二"},"weekday-3-short":{"_":"三"},"weekday-4-short":{"_":"四"},"weekday-5-short":{"_":"五"},"weekday-6-short":{"_":"六"},"month-0-long":{"_":"一月"},"month-1-long":{"_":"二月"},"month-2-long":{"_":"三月"},"month-3-long":{"_":"四月"},"month-4-long":{"_":"五月"},"month-5-long":{"_":"六月"},"month-6-long":{"_":"七月"},"month-7-long":{"_":"八月"},"month-8-long":{"_":"九月"},"month-9-long":{"_":"十月"},"month-10-long":{"_":"十一月"},"month-11-long":{"_":"十二月"},"month-0-genitive":{"_":"1 月"},"month-1-genitive":{"_":"2 月"},"month-2-genitive":{"_":"3 月"},"month-3-genitive":{"_":"4 月"},"month-4-genitive":{"_":"5 月"},"month-5-genitive":{"_":"6 月"},"month-6-genitive":{"_":"7 月"},"month-7-genitive":{"_":"8 月"},"month-8-genitive":{"_":"9 月"},"month-9-genitive":{"_":"10 月"},"month-10-genitive":{"_":"11 月"},"month-11-genitive":{"_":"12 月"},"month-0-short":{"_":"1 月"},"month-1-short":{"_":"2 月"},"month-2-short":{"_":"3 月"},"month-3-short":{"_":"4 月"},"month-4-short":{"_":"5 月"},"month-5-short":{"_":"6 月"},"month-6-short":{"_":"7 月"},"month-7-short":{"_":"8 月"},"month-8-short":{"_":"9 月"},"month-9-short":{"_":"10 月"},"month-10-short":{"_":"11 月"},"month-11-short":{"_":"12 月"},"minutes-ago-long":{"_":"{[ plural(value) ]}","_[zero]":"剛剛","_[one]":"1 分鐘前","_[two]":"{{value}} 分鐘前","_[few]":"{{value}} 分鐘前","_[many]":"{{value}} 分鐘前","_[other]":"{{value}} 分鐘前"},"hours-ago-long":{"_":"{[ plural(value) ]}","_[zero]":"剛剛","_[one]":"1 小時前","_[two]":"{{value}} 小時前","_[few]":"{{value}} 小時前","_[many]":"{{value}} 小時前","_[other]":"{{value}} 小時前"},"days-ago-long":{"_":"{[ plural(value) ]}","_[zero]":"今天","_[one]":"昨天","_[two]":"{{value}} 天前","_[few]":"{{value}} 天前","_[many]":"{{value}} 天前","_[other]":"{{value}} 天前"},"weeks-ago-long":{"_":"{[ plural(value) ]}","_[zero]":"本週","_[one]":"上週","_[two]":"{{value}} 週前","_[few]":"{{value}} 週前","_[many]":"{{value}} 週前","_[other]":"{{value}} 週前"},"months-ago-long":{"_":"{[ plural(value) ]}","_[zero]":"本月","_[one]":"上月","_[two]":"{{value}} 月前","_[few]":"{{value}} 月前","_[many]":"{{value}} 月前","_[other]":"{{value}} 月前"},"years-ago-long":{"_":"{[ plural(value) ]}","_[zero]":"今年","_[one]":"去年","_[two]":"{{value}} 年前","_[few]":"{{value}} 年前","_[many]":"{{value}} 年前","_[other]":"{{value}} 年前"},"minutes-until-long":{"_":"{[ plural(value) ]}","_[zero]":"現在","_[one]":"1 分鐘內","_[two]":"{{value}} 分鐘內","_[few]":"{{value}} 分鐘內","_[many]":"{{value}} 分鐘內","_[other]":"{{value}} 分鐘內"},"hours-until-long":{"_":"{[ plural(value) ]}","_[zero]":"現在","_[one]":"1 小時內","_[two]":"{{value}} 小時前","_[few]":"{{value}} 小時前","_[many]":"{{value}} 小時前","_[other]":"{{value}} 小時前"},"days-until-long":{"_":"{[ plural(value) ]}","_[zero]":"今天","_[one]":"明天","_[two]":"{{value}} 天內","_[few]":"{{value}} 天內","_[many]":"{{value}} 天內","_[other]":"{{value}} 天內"},"weeks-until-long":{"_":"{[ plural(value) ]}","_[zero]":"本週","_[one]":"下週","_[two]":"{{value}} 週內","_[few]":"{{value}} 週內","_[many]":"{{value}} 週內","_[other]":"{{value}} 週內"},"months-until-long":{"_":"{[ plural(value) ]}","_[zero]":"本月","_[one]":"下月","_[two]":"{{value}} 月內","_[few]":"{{value}} 月內","_[many]":"{{value}} 月內","_[other]":"{{value}} 月內"},"years-until-long":{"_":"{[ plural(value) ]}","_[zero]":"今年","_[one]":"明年","_[two]":"{{value}} 年內","_[few]":"{{value}} 年內","_[many]":"{{value}} 年內","_[other]":"{{value}} 年內"},"minutes-ago-short":{"_":"{[ plural(value) ]}","_[zero]":"剛剛","_[other]":"{{value}} 分前"},"hours-ago-short":{"_":"{[ plural(value) ]}","_[zero]":"剛剛","_[other]":"{{value}} 時前"},"days-ago-short":{"_":"{[ plural(value) ]}","_[zero]":"今天","_[other]":"{{value}} 天前"},"minutes-until-short":{"_":"{[ plural(value) ]}","_[zero]":"現在","_[other]":"{{value}} 分內"},"hours-until-short":{"_":"{[ plural(value) ]}","_[zero]":"現在","_[other]":"{{value}} 時內"},"days-until-short":{"_":"{[ plural(value) ]}","_[zero]":"今天","_[other]":"{{value}} 天內"},"incorrectDate":{"_":"（日期不正確）"},"dateTimeFormat_%c":{"_":"%Y年%b%d日 %a %p %I:%M:%S"},"dateTimeFormat_%x":{"_":"%Y/%m/%d"},"dateTimeFormat_%X":{"_":"%p %I:%M:%S"},"shortTimeFormat":{"_":"%p %I:%M"},"shortDateTimeFormat":{"_":"%x %p %I:%M"},"weekStartsOnMonday":{"_":"1"}}