[{"$i":"stop-download-body","$v":["Do you want to stop downloading ",{"t":"idOrVar","v":"name"},"?"]},{"$i":"stop-download-action","$v":"Stop"},{"$i":"resume-download-body","$v":["Do you want to download ",{"t":"idOrVar","v":"name"},"?"]},{"$i":"resume-download-action","$v":"Download"},{"$i":"cancel-action","$v":"Cancel"},{"$i":"apps-panel","ariaLabel":"Applications"},{"$i":"pages-panel","ariaLabel":"Pinned Pages"},{"$i":"page-indicator-text","ariaValueText":{"$v":["Page ",{"t":"idOrVar","v":"currentPage"}," of ",{"t":"idOrVar","v":"totalPages"}]}},{"$i":"no-pinned-pages-header","$v":"No Pinned Pages yet."},{"$i":"no-pinned-pages-body","$v":"Use your browser to pin any web page to this screen."},{"$i":"edit-done","$v":"Done"}]