{"loading":"‮˥oɐpıuƃ‬","cancel":"‮Ↄɐuɔǝʅ‬","custom":"‮Ↄnsʇoɯ‬","prompt-create-custom":"‮Ↄɹǝɐʇǝ‬ ‮ʎonɹ‬ ‮oʍu‬ ‮Sɯɐɹʇ‬ ‮Ↄoʅʅǝɔʇıou‬","network-error-message":"‮Ↄouuǝɔʇ‬ ‮ʇo‬ ‮ʇɥǝ‬ ‮ıuʇǝɹuǝʇ‬ ‮ʇo‬ ‮ɐpp‬ ‮ɯoɹǝ‬ ‮Sɯɐɹʇ‬ ‮Ↄoʅʅǝɔʇıous‬","add-to-top-of-collection":"‮∀pp‬ ‮ʇo‬ ‮ʇod‬ ‮oɟ‬ ‮ɔoʅʅǝɔʇıou‬","save-to-homescreen":"‮Sɐʌǝ‬ ‮ʇo‬ ‮Hoɯǝsɔɹǝǝu‬","offline-webresults":"‮Ↄouuǝɔʇ‬ ‮ʇo‬ ‮ʇɥǝ‬ ‮ıuʇǝɹuǝʇ‬ ‮ʇo‬ ‮ƃǝʇ‬ ‮ɐdds‬ ‮ɟoɹ‬ {{collectionName}}","edit-mode":"‮Ǝpıʇ‬","edit-done":"‮pouǝ‬","delete-title":"‮pǝʅǝʇǝ‬ {{name}}","delete-body":"{{name}} ‮ɐup‬ ‮ɐʅʅ‬ ‮oɟ‬ ‮ıʇs‬ ‮pɐʇɐ‬ ‮ʍıʅʅ‬ ‮qǝ‬ ‮pǝʅǝʇǝp‬.","delete":"‮pǝʅǝʇǝ‬","gaia-grid-stop-download-title":"‮Sʇod‬ {{name}}","gaia-grid-stop-download-body":"‮po‬ ‮ʎon‬ ‮ʍɐuʇ‬ ‮ʇo‬ ‮sʇod‬ ‮ʇɥǝ‬ ‮poʍuʅoɐp‬ ‮ıu‬ ‮dɹoƃɹǝss‬?","gaia-grid-stop-download-action":"‮Sʇod‬","gaia-grid-resume-download-title":"‮ᴚǝsʇɐɹʇ‬ ‮poʍuʅoɐp‬","gaia-grid-resume-download-body":"‮po‬ ‮ʎon‬ ‮ʍɐuʇ‬ ‮ʇo‬ ‮poʍuʅoɐp‬ {{name}}?","gaia-grid-resume-download-action":"‮poʍuʅoɐp‬","gaia-grid-unrecoverable-error-title":"‮ᴚǝɯoʌǝ‬ ‮∀ddʅıɔɐʇıou‬","gaia-grid-unrecoverable-error-body":"‮Ↄɐuuoʇ‬ ‮ıusʇɐʅʅ‬ ‮ɐddʅıɔɐʇıou‬ ‮pnǝ‬ ‮ʇo‬ ‮ɐu‬ ‮nuɹǝɔoʌǝɹɐqʅǝ‬ ‮ǝɹɹoɹ‬. ‮Ԁʅǝɐsǝ‬ ‮ʇɹʎ‬ ‮poʍuʅoɐpıuƃ‬ ‮ɐƃɐıu‬. ‮⊥ɥǝ‬ ‮ɐddʅıɔɐʇıou‬ ‮ʍıʅʅ‬ ‮qǝ‬ ‮ɹǝɯoʌǝp‬.","gaia-grid-unrecoverable-error-action":"‮OӼ‬","gaia-grid-cancel":"‮Ↄɐuɔǝʅ‬","collection-categoryId-22":"‮Ԑooʞs‬","collection-categoryId-142":"‮Wnsıɔ‬","collection-categoryId-181":"‮Woʌıǝs‬","collection-categoryId-194":"‮Iuʇǝɹuǝʇ‬","collection-categoryId-207":"‮פɐɯǝs‬","collection-categoryId-211":"‮Ʌıpǝo‬","collection-categoryId-213":"‮⊥Ʌ‬","collection-categoryId-220":"‮ᴚǝsʇɐnɹɐuʇs‬","collection-categoryId-225":"‮Ↄǝʅǝqs‬","collection-categoryId-238":"‮Sɥoddıuƃ‬","collection-categoryId-242":"‮Iɯɐƃǝs‬","collection-categoryId-244":"‮⊥ǝɔɥ‬","collection-categoryId-245":"‮Nǝʍs‬","collection-categoryId-248":"‮Ǝɯɐıʅ‬","collection-categoryId-249":"‮Ｍǝɐʇɥǝɹ‬","collection-categoryId-256":"‮Ↄnʅʇnɹǝ‬","collection-categoryId-260":"‮Sdoɹʇs‬","collection-categoryId-270":"‮ᴚǝɔıdǝs‬","collection-categoryId-271":"‮ᴚǝɟǝɹǝuɔǝ‬","collection-categoryId-272":"‮⊥ɹɐʌǝʅ‬ ‮פnıpǝs‬","collection-categoryId-274":"‮ſoqs‬","collection-categoryId-275":"‮Wǝpıɔɐʅ‬","collection-categoryId-277":"‮ɟnuuʎ‬","collection-categoryId-279":"‮˥ǝɐɹuıuƃ‬ & ‮Ǝpnɔɐʇıou‬","collection-categoryId-282":"‮ɟɐsɥıou‬","collection-categoryId-286":"‮Ǝʅǝɔʇɹouıɔs‬","collection-categoryId-288":"‮∀nʇos‬","collection-categoryId-289":"‮Soɔıɐʅ‬","collection-categoryId-291":"‮Ʌıpǝo‬ ‮פɐɯǝs‬","collection-categoryId-292":"‮pɐıʅʎ‬ ‮pǝɐʅs‬","collection-categoryId-294":"‮Ԁǝɹsouɐʅ‬ ‮Ↄoɯɯnuıɔɐʇıou‬","collection-categoryId-296":"‮∀ɹonup‬ ‮Wǝ‬","collection-categoryId-297":"‮∀sʇɹoʅoƃʎ‬","collection-categoryId-302":"‮Ӽıps‬","collection-categoryId-303":"‮ɟıuɐuɔıɐʅ‬ ‮Sǝɹʌıɔǝs‬","collection-categoryId-306":"‮⊥ɹɐʌǝʅ‬","collection-categoryId-316":"‮Hoʇǝʅs‬","collection-categoryId-320":"‮pɐʇıuƃ‬","collection-categoryId-321":"‮ɟıuɐuɔıɐʅ‬ ‮Nǝʍs‬","collection-categoryId-325":"‮Ԑɐsǝqɐʅʅ‬","collection-categoryId-338":"‮Ↄʅɐssıɟıǝps‬","collection-categoryId-347":"‮Ԑɐqʎ‬","collection-categoryId-349":"‮Ԁɥoʇoƃɹɐdɥʎ‬","collection-categoryId-356":"‮Ԑǝɐnʇʎ‬","collection-categoryId-357":"‮∩ʇıʅıʇıǝs‬","collection-categoryId-360":"‮Ԁɹopnɔʇıʌıʇʎ‬","collection-categoryId-365":"‮Ↄoɯıɔs‬","collection-categoryId-366":"‮˥ıɟǝsʇʎʅǝ‬","collection-categoryId-368":"‮Ԁǝɹsouɐʅızɐʇıou‬","collection-categoryId-372":"‮⊥ɹɐusdoɹʇɐʇıou‬","collection-categoryId-373":"‮⊥ǝʅǝɔoɯɯnuıɔɐʇıou‬","collection-categoryId-376":"‮Ǝuʇǝɹʇɐıuɯǝuʇ‬","collection-categoryId-377":"‮Soɔɔǝɹ‬","collection-categoryId-381":"‮ᴚǝʅıƃıou‬","collection-categoryId-382":"‮ɟıʇuǝss‬","collection-categoryId-387":"‮Onʇpooɹ‬ ‮∀ɔʇıʌıʇıǝs‬","collection-categoryId-399":"‮pIʎ‬","collection-categoryId-449":"‮I‬'‮ɯ‬ ‮So‬ ‮Ԑoɹǝp‬","collection-categoryId-462":"‮⊥ǝʅǝuoʌǝʅɐs‬","collection-categoryId-463":"‮Ԁoʅıʇıɔs‬","collection-categoryId-473":"‮Ↄɹıɔʞǝʇ‬","collection-categoryId-491":"‮Ｍoɹʅp‬ ‮Ↄnd‬","collection-categoryId-501":"‮Ԑɹɐzıʅıɐu‬ ‮∀dds‬","collection-categoryId-504":"‮Ԑoʅʅʎʍoop‬","collection-categoryId-505":"‮ɟoop‬ & ‮pɹıuʞs‬","collection-categoryId-507":"‮⊥ɹɐʌǝʅ‬ & ‮˥oɔɐʅ‬","collection-categoryId-510":"‮⊥ǝɔɥ‬ & ‮Sɔıǝuɔǝ‬","collection-categoryId-511":"‮Wǝpıɐ‬ & ‮Ʌıpǝo‬","collection-categoryId-512":"‮Hǝɐʅʇɥ‬ & ‮ɟıʇuǝss‬","collection-categoryId-513":"‮Ԑnsıuǝss‬","collection-categoryId-520":"‮Ↄʎɔʅıuƃ‬","collection-categoryId-521":"‮Snɹɟ‬"}