[{"$i":"addNewNumber","$v":"Add new number"},{"$i":"contactDetails","$v":"Contact details"},{"$i":"addToExistingContact","$v":"Add to existing contact"},{"$i":"all","$v":"All","ariaLabel":"All"},{"$i":"bluetoothOption","ariaLabel":"Bluetooth"},{"$i":"callLog","$v":"Call log"},{"$i":"callLogEditButton","ariaLabel":"Edit call log"},{"$i":"callLogEditDialog","ariaLabel":"Edit call log dialog"},{"$i":"connecting","$v":"Connecting"},{"$i":"call-forwarding-async","$v":["Asynchronous: ",{"t":"idOrVar","v":"async"}]},{"$i":"call-forwarding-data","$v":["Data: ",{"t":"idOrVar","v":"data"}]},{"$i":"call-forwarding-error","$v":"An error occurred while retrieving call forwarding status"},{"$i":"call-forwarding-fax","$v":["FAX: ",{"t":"idOrVar","v":"fax"}]},{"$i":"call-forwarding-inactive","$v":"Inactive"},{"$i":"call-forwarding-packet","$v":["Packet: ",{"t":"idOrVar","v":"packet"}]},{"$i":"call-forwarding-pad","$v":["PAD: ",{"t":"idOrVar","v":"pad"}]},{"$i":"call-forwarding-sms","$v":["SMS: ",{"t":"idOrVar","v":"sms"}]},{"$i":"call-forwarding-status","$v":"Call forwarding status"},{"$i":"call-forwarding-sync","$v":["Synchronous: ",{"t":"idOrVar","v":"sync"}]},{"$i":"call-forwarding-voice","$v":["Voice: ",{"t":"idOrVar","v":"voice"}]},{"$i":"close","$v":"Close"},{"$i":"confirm-deletion","$v":"Clear selected calls?"},{"$i":"contacts","ariaLabel":"Contacts"},{"$i":"createNewContact","$v":"Create new contact"},{"$i":"delete","$v":"Delete"},{"$i":"deselectAll","$v":"Deselect all"},{"$i":"dialerAddContact","ariaLabel":"Add contact"},{"$i":"dialerAddContactDialog","ariaLabel":"Add Contact Dialog"},{"$i":"callInformation","$v":"Call Information"},{"$i":"edit-selected","$v":{"one":[{"t":"idOrVar","v":"n"}," selected"],"two":[{"t":"idOrVar","v":"n"}," selected"],"few":[{"t":"idOrVar","v":"n"}," selected"],"many":[{"t":"idOrVar","v":"n"}," selected"],"other":[{"t":"idOrVar","v":"n"}," selected"]},"$x":[{"t":"idOrVar","v":"plural"},"n"]},{"$i":"edit","$v":"Edit"},{"$i":"hideKeypad","ariaLabel":"Hide keypad"},{"$i":"ignore","$v":"Ignore Call"},{"$i":"incoming","$v":"Incoming"},{"$i":"keypad","ariaLabel":"Keypad"},{"$i":"makeCall","ariaLabel":"Make call"},{"$i":"merge","ariaLabel":"Merge"},{"$i":"info-missed","$v":"Missed"},{"$i":"missed","$v":"Missed","ariaLabel":"Missed"},{"$i":"canceled","$v":"Canceled"},{"$i":"missedCall","$v":"Missed call"},{"$i":"missedCallMultiSims","$v":["(SIM ",{"t":"idOrVar","v":"n"},") Missed call"]},{"$i":"mmi-error","$v":"An error occurred while sending the message"},{"$i":"mmi-session-expired","$v":"Session expired"},{"$i":"mmi-successfully-sent","$v":"Message successfully sent"},{"$i":"mmi-notification-title-with-sim","$v":["(",{"t":"idOrVar","v":"sim"},") ",{"t":"idOrVar","v":"title"}]},{"$i":"mute","ariaLabel":"Mute"},{"$i":"newCall","ariaLabel":"New call"},{"$i":"no-logs-msg-1","$v":"No calls recorded"},{"$i":"no-logs-msg-2","$v":"Start communicating now"},{"$i":"no-logs-msg-3","$v":"No missed calls"},{"$i":"onHoldOption","ariaLabel":"On hold"},{"$i":"outgoing","$v":"Outgoing"},{"$i":"recents","ariaLabel":"Recent calls"},{"$i":"reply","$v":"Reply"},{"$i":"selectAll","$v":"Select all"},{"$i":"send","$v":"Send"},{"$i":"switch-calls","$v":"Switch calls"},{"$i":"today","$v":"Today"},{"$i":"withheld-number","$v":"Withheld number"},{"$i":"from-contact","$v":["From ",{"t":"idOrVar","v":"contact"}]},{"$i":"from-number","$v":["From ",{"t":"idOrVar","v":"number"}]},{"$i":"from-withheld-number","$v":"From withheld number"},{"$i":"yesterday","$v":"Yesterday"},{"$i":"sending","$v":"Sending…"},{"$i":"speakerOption","ariaLabel":"Speaker"},{"$i":"ussd-services","$v":[{"t":"idOrVar","v":"operator"}," services"]},{"$i":"toggleKeypad","ariaLabel":"Toggle keypad"},{"$i":"type-your-response","placeholder":"Type your response…"},{"$i":"clear-all-text","$v":"Clear all text"},{"$i":"hide","$v":"Hide"},{"$i":"call","$v":"Call"},{"$i":"hold","ariaLabel":"Hold"},{"$i":"resume","$v":"Resume","ariaLabel":"Resume"},{"$i":"sendSms","$v":"Send Message"},{"$i":"callEnded","$v":"Call Ended"},{"$i":"via-sim","$v":["via SIM",{"t":"idOrVar","v":"n"}]},{"$i":"sim-number","$v":["SIM",{"t":"idOrVar","v":"n"}]},{"$i":"unknown","$v":"Unknown"},{"$i":"cancel","$v":"Cancel"},{"$i":"remove","$v":"Remove"},{"$i":"cleanFbConfirmMsg","$v":"Remove all Facebook data?"},{"$i":"deleteConfirmMsg","$v":"Delete contact?"},{"$i":"ContactConfirmDel","$v":{"zero":"No Contact to Delete","one":"Delete 1 Contact? This cannot be undone.","two":["Delete ",{"t":"idOrVar","v":"n"}," Contacts? This cannot be undone."],"few":["Delete ",{"t":"idOrVar","v":"n"}," Contacts? This cannot be undone."],"many":["Delete ",{"t":"idOrVar","v":"n"}," Contacts? This cannot be undone."],"other":["Delete ",{"t":"idOrVar","v":"n"}," Contacts? This cannot be undone."]},"$x":[{"t":"idOrVar","v":"plural"},"n"]},{"$i":"retry","$v":"Retry"},{"$i":"hangup-a11y-button","ariaLabel":"Hang Up"},{"$i":"pickup-a11y-button","ariaLabel":"Pick up"},{"$i":"unlock-a11y-button","ariaLabel":"Slider"},{"$i":"settings","$v":"Settings"},{"$i":"delete-n-log?","$v":{"zero":"Nothing selected","one":"Delete selected log?","two":["Delete ",{"t":"idOrVar","v":"n"}," logs?"],"few":["Delete ",{"t":"idOrVar","v":"n"}," logs?"],"many":["Delete ",{"t":"idOrVar","v":"n"}," logs?"],"other":["Delete ",{"t":"idOrVar","v":"n"}," logs?"]},"$x":[{"t":"idOrVar","v":"plural"},"n"]},{"$i":"composeEmail","ariaLabel":"Email"},{"$i":"emailDetail","ariaLabel":"Email"},{"$i":"phoneDetail","ariaLabel":"Phone"},{"$i":"send-sms-button","ariaLabel":"SMS"},{"$i":"separator","$v":","},{"$i":"callDurationMinutes","$v":[{"t":"idOrVar","v":"m"},":",{"t":"idOrVar","v":"s"}]},{"$i":"callDurationHours","$v":[{"t":"idOrVar","v":"h"},":",{"t":"idOrVar","v":"m"},":",{"t":"idOrVar","v":"s"}]},{"$i":"callDurationTextFormatSeconds","$v":[{"t":"idOrVar","v":"s"}," s"]},{"$i":"callDurationTextFormatMinutes","$v":[{"t":"idOrVar","v":"m"}," m ",{"t":"idOrVar","v":"s"}," s"]},{"$i":"callDurationTextFormatHours","$v":[{"t":"idOrVar","v":"h"}," h ",{"t":"idOrVar","v":"m"}," m ",{"t":"idOrVar","v":"s"}," s"]},{"$i":"suggestionMatches","$v":{"one":[{"t":"idOrVar","v":"n"}," match for \"",{"t":"idOrVar","v":"matchNumber"},"\""],"two":[{"t":"idOrVar","v":"n"}," matches for \"",{"t":"idOrVar","v":"matchNumber"},"\""],"few":[{"t":"idOrVar","v":"n"}," matches for \"",{"t":"idOrVar","v":"matchNumber"},"\""],"many":[{"t":"idOrVar","v":"n"}," matches for \"",{"t":"idOrVar","v":"matchNumber"},"\""],"other":[{"t":"idOrVar","v":"n"}," matches for \"",{"t":"idOrVar","v":"matchNumber"},"\""]},"$x":[{"t":"idOrVar","v":"plural"},"n"]},{"$i":"scCallBarring","$v":"Call barring"},{"$i":"scCallForwarding","$v":"Call forwarding"},{"$i":"scClip","$v":"Incoming Caller ID"},{"$i":"scClir","$v":"Outgoing Caller ID"},{"$i":"scPwd","$v":"Password change"},{"$i":"scCallWaiting","$v":"Call waiting"},{"$i":"scPin","$v":"PIN change"},{"$i":"scPin2","$v":"PIN2 change"},{"$i":"scPuk","$v":"Unblock PIN"},{"$i":"scPuk2","$v":"Unblock PIN2"},{"$i":"scImei","$v":"IMEI"},{"$i":"scUssd","$v":"USSD"},{"$i":"serviceClassVoice","$v":"Voice"},{"$i":"serviceClassData","$v":"Data"},{"$i":"serviceClassFax","$v":"FAX"},{"$i":"serviceClassSms","$v":"SMS"},{"$i":"serviceClassDataSync","$v":"Sync"},{"$i":"serviceClassDataAsync","$v":"Async"},{"$i":"serviceClassPacket","$v":"Packet"},{"$i":"serviceClassPad","$v":"PAD"},{"$i":"smServiceEnabled","$v":"Service was enabled"},{"$i":"smServiceDisabled","$v":"Service has been disabled"},{"$i":"smServiceRegistered","$v":"Registration was successful"},{"$i":"smServiceErased","$v":"Erasure was successful"},{"$i":"smServiceInterrogated","$v":"Request was successful"},{"$i":"smServiceNotProvisioned","$v":"Service not provisioned"},{"$i":"smClirPermanent","$v":"You can not change the caller ID setting"},{"$i":"smClirDefaultOnNextCallOn","$v":"Caller ID defaults to restricted. Next call: Restricted"},{"$i":"smClirDefaultOnNextCallOff","$v":"Caller ID defaults to restricted. Next call: Not restricted"},{"$i":"smClirDefaultOffNextCallOn","$v":"Caller ID defaults to not restricted. Next call: Restricted"},{"$i":"smClirDefaultOffNextCallOff","$v":"Caller ID defaults to not restricted. Next call: Not restricted"},{"$i":"smServiceEnabledFor","$v":"Service was enabled for:"},{"$i":"smPinChanged","$v":"PIN successfully changed"},{"$i":"smPinUnblocked","$v":"PIN successfully unblocked"},{"$i":"smPin2Changed","$v":"PIN2 successfully changed"},{"$i":"smPin2Unblocked","$v":"PIN2 successfully unblocked"},{"$i":"ServiceIsEnabled","$v":"Service is enabled"},{"$i":"ServiceIsDisabled","$v":"Service is disabled"},{"$i":"ServiceIsEnabledFor","$v":"Service is enabled for:"},{"$i":"emMmiError","$v":"Connection problem or invalid MMI code"},{"$i":"emMmiErrorPasswordIncorrect","$v":"Incorrect Password"},{"$i":"emMmiErrorNotSupported","$v":"Invalid or Unsupported MMI Code"},{"$i":"emMmiErrorInvalidAction","$v":"Invalid action"},{"$i":"emMmiErrorInvalidScCode","$v":"Invalid service code"},{"$i":"emMmiErrorBadPuk","$v":"The PUK you typed is not correct"},{"$i":"emMmiErrorBadPin","$v":"The old PIN you typed is not correct."},{"$i":"emMmiErrorNeedPuk2","$v":"Type PUK2 to unblock SIM card"},{"$i":"emMmiErrorMismatchPin","$v":"The PINs you typed do not match"},{"$i":"emMmiErrorInvalidPin","$v":"Type a PIN that is 4 to 8 numbers"},{"$i":"emMmiErrorNeedsPuk","$v":"Your SIM card is PUK-locked"},{"$i":"emMmiErrorEnablePin","$v":"Unsuccessful. Enable SIM/RUIM LOCK"},{"$i":"emMmiErrorMmiFdn","$v":"Operation is restricted to fixed dialing numbers only"},{"$i":"emMmiErrorStkCcUssdDial","$v":"USSD request is modified to DIAL request"},{"$i":"emMmiErrorStkCcUssdSs","$v":"USSD request is modified to SS request"},{"$i":"emMmiErrorStkCcUssdUssd","$v":"USSD request is modified to new USSD request"},{"$i":"emMmiErrorStkCcSsDial","$v":"SS request is modified to DIAL request"},{"$i":"emMmiErrorStkCcSsUssd","$v":"SS request is modified to USSD request"},{"$i":"emMmiErrorStkCcSsSs","$v":"SS request is modified to new SS request"},{"$i":"emMmiErrorPinPukAttempts","$v":{"one":["Only ",{"t":"idOrVar","v":"n"}," retry left"],"two":[{"t":"idOrVar","v":"n"}," retries left"],"few":[{"t":"idOrVar","v":"n"}," retries left"],"many":[{"t":"idOrVar","v":"n"}," retries left"],"other":[{"t":"idOrVar","v":"n"}," retries left"]},"$x":[{"t":"idOrVar","v":"plural"},"n"]},{"$i":"emMmiErrorSimBlocked","$v":"Maximum number of retries exceeded. SIM blocked"},{"$i":"RadioNotAvailable","$v":"Radio not available"},{"$i":"GenericFailure","$v":"Generic failure"},{"$i":"PasswordIncorrect","$v":"Password incorrect"},{"$i":"SimPin2","$v":"SIM PIN2"},{"$i":"SimPuk2","$v":"SIM PUK2"},{"$i":"RequestNotSupported","$v":"Request not supported"},{"$i":"OpNotAllowedDuringVoiceCall","$v":"Operation not allowed during voice call"},{"$i":"SmsSendFailRetry","$v":"SMS send fail retry"},{"$i":"SimAbsent","$v":"SIM absent"},{"$i":"SubscriptionNotAvailable","$v":"Subscription not available"},{"$i":"ModeNotSupported","$v":"Mode not supported"},{"$i":"FdnCheckFailure","$v":"Fdn check failure"},{"$i":"IllegalSimOrMe","$v":"Illegal SIM or ME"},{"$i":"DialModifiedToUssd","$v":"Dial modified to USSD"},{"$i":"DialModifiedToSs","$v":"Dial modified to SS"},{"$i":"DialModifiedToDial","$v":"Dial modified to dial"},{"$i":"UssdModifiedToDial","$v":"USSD modified to dial"},{"$i":"UssdModifiedToSs","$v":"USSD modified to SS"},{"$i":"UssdModifiedToUssd","$v":"USSD modified to USSD"},{"$i":"SsModifiedToDial","$v":"SS modified to dial"},{"$i":"SsModifiedToUssd","$v":"SS modified to USSD"},{"$i":"SsModifiedToSs","$v":"SS modified to SS"},{"$i":"SubscriptionNotSupported","$v":"Subscription not supported"},{"$i":"InvalidParameter","$v":"Invalid parameter"},{"$i":"RejectedByRemote","$v":"Rejected by remote"},{"$i":"conferenceCall","$v":["Conference (",{"t":"idOrVar","v":"n"},")"]},{"$i":"voicemail-left-call","$v":"Voicemail has left the call."},{"$i":"withheld-number-left-call","$v":"Withheld number has left the call."},{"$i":"caller-left-call","$v":[{"t":"idOrVar","v":"caller"}," has left the call."]},{"$i":"conferenceAddError","$v":"Unable to merge calls"},{"$i":"conferenceRemoveError","$v":"Unable to unmerge calls"},{"$i":"longDateFormat","$v":"%A, %B %e"},{"$i":"select-audio-sources","$v":"Select audio sources"},{"$i":"bluetooth-handsfree-device","$v":"Bluetooth handsfree device"},{"$i":"receiver","$v":"Receiver"},{"$i":"speaker","$v":"Speaker"},{"$i":"voiceMail","$v":"Voicemail"},{"$i":"weekday-0-long","$v":"Sunday"},{"$i":"weekday-1-long","$v":"Monday"},{"$i":"weekday-2-long","$v":"Tuesday"},{"$i":"weekday-3-long","$v":"Wednesday"},{"$i":"weekday-4-long","$v":"Thursday"},{"$i":"weekday-5-long","$v":"Friday"},{"$i":"weekday-6-long","$v":"Saturday"},{"$i":"weekday-0-short","$v":"Sun"},{"$i":"weekday-1-short","$v":"Mon"},{"$i":"weekday-2-short","$v":"Tue"},{"$i":"weekday-3-short","$v":"Wed"},{"$i":"weekday-4-short","$v":"Thu"},{"$i":"weekday-5-short","$v":"Fri"},{"$i":"weekday-6-short","$v":"Sat"},{"$i":"month-0-long","$v":"January"},{"$i":"month-1-long","$v":"February"},{"$i":"month-2-long","$v":"March"},{"$i":"month-3-long","$v":"April"},{"$i":"month-4-long","$v":"May"},{"$i":"month-5-long","$v":"June"},{"$i":"month-6-long","$v":"July"},{"$i":"month-7-long","$v":"August"},{"$i":"month-8-long","$v":"September"},{"$i":"month-9-long","$v":"October"},{"$i":"month-10-long","$v":"November"},{"$i":"month-11-long","$v":"December"},{"$i":"month-0-genitive","$v":"January"},{"$i":"month-1-genitive","$v":"February"},{"$i":"month-2-genitive","$v":"March"},{"$i":"month-3-genitive","$v":"April"},{"$i":"month-4-genitive","$v":"May"},{"$i":"month-5-genitive","$v":"June"},{"$i":"month-6-genitive","$v":"July"},{"$i":"month-7-genitive","$v":"August"},{"$i":"month-8-genitive","$v":"September"},{"$i":"month-9-genitive","$v":"October"},{"$i":"month-10-genitive","$v":"November"},{"$i":"month-11-genitive","$v":"December"},{"$i":"month-0-short","$v":"Jan"},{"$i":"month-1-short","$v":"Feb"},{"$i":"month-2-short","$v":"Mar"},{"$i":"month-3-short","$v":"Apr"},{"$i":"month-4-short","$v":"May"},{"$i":"month-5-short","$v":"Jun"},{"$i":"month-6-short","$v":"Jul"},{"$i":"month-7-short","$v":"Aug"},{"$i":"month-8-short","$v":"Sep"},{"$i":"month-9-short","$v":"Oct"},{"$i":"month-10-short","$v":"Nov"},{"$i":"month-11-short","$v":"Dec"},{"$i":"minutes-ago-long","$v":{"zero":"just now","one":"a minute ago","two":[{"t":"idOrVar","v":"value"}," minutes ago"],"few":[{"t":"idOrVar","v":"value"}," minutes ago"],"many":[{"t":"idOrVar","v":"value"}," minutes ago"],"other":[{"t":"idOrVar","v":"value"}," minutes ago"]},"$x":[{"t":"idOrVar","v":"plural"},"value"]},{"$i":"hours-ago-long","$v":{"zero":"just now","one":"an hour ago","two":[{"t":"idOrVar","v":"value"}," hours ago"],"few":[{"t":"idOrVar","v":"value"}," hours ago"],"many":[{"t":"idOrVar","v":"value"}," hours ago"],"other":[{"t":"idOrVar","v":"value"}," hours ago"]},"$x":[{"t":"idOrVar","v":"plural"},"value"]},{"$i":"days-ago-long","$v":{"zero":"today","one":"yesterday","two":[{"t":"idOrVar","v":"value"}," days ago"],"few":[{"t":"idOrVar","v":"value"}," days ago"],"many":[{"t":"idOrVar","v":"value"}," days ago"],"other":[{"t":"idOrVar","v":"value"}," days ago"]},"$x":[{"t":"idOrVar","v":"plural"},"value"]},{"$i":"weeks-ago-long","$v":{"zero":"this week","one":"last week","two":[{"t":"idOrVar","v":"value"}," weeks ago"],"few":[{"t":"idOrVar","v":"value"}," weeks ago"],"many":[{"t":"idOrVar","v":"value"}," weeks ago"],"other":[{"t":"idOrVar","v":"value"}," weeks ago"]},"$x":[{"t":"idOrVar","v":"plural"},"value"]},{"$i":"months-ago-long","$v":{"zero":"this month","one":"last month","two":[{"t":"idOrVar","v":"value"}," months ago"],"few":[{"t":"idOrVar","v":"value"}," months ago"],"many":[{"t":"idOrVar","v":"value"}," months ago"],"other":[{"t":"idOrVar","v":"value"}," months ago"]},"$x":[{"t":"idOrVar","v":"plural"},"value"]},{"$i":"years-ago-long","$v":{"zero":"this year","one":"last year","two":[{"t":"idOrVar","v":"value"}," years ago"],"few":[{"t":"idOrVar","v":"value"}," years ago"],"many":[{"t":"idOrVar","v":"value"}," years ago"],"other":[{"t":"idOrVar","v":"value"}," years ago"]},"$x":[{"t":"idOrVar","v":"plural"},"value"]},{"$i":"minutes-until-long","$v":{"zero":"now","one":"in a minute","two":["in ",{"t":"idOrVar","v":"value"}," minutes"],"few":["in ",{"t":"idOrVar","v":"value"}," minutes"],"many":["in ",{"t":"idOrVar","v":"value"}," minutes"],"other":["in ",{"t":"idOrVar","v":"value"}," minutes"]},"$x":[{"t":"idOrVar","v":"plural"},"value"]},{"$i":"hours-until-long","$v":{"zero":"now","one":"in an hour","two":["in ",{"t":"idOrVar","v":"value"}," hours"],"few":["in ",{"t":"idOrVar","v":"value"}," hours"],"many":["in ",{"t":"idOrVar","v":"value"}," hours"],"other":["in ",{"t":"idOrVar","v":"value"}," hours"]},"$x":[{"t":"idOrVar","v":"plural"},"value"]},{"$i":"days-until-long","$v":{"zero":"today","one":"tomorrow","two":["in ",{"t":"idOrVar","v":"value"}," days"],"few":["in ",{"t":"idOrVar","v":"value"}," days"],"many":["in ",{"t":"idOrVar","v":"value"}," days"],"other":["in ",{"t":"idOrVar","v":"value"}," days"]},"$x":[{"t":"idOrVar","v":"plural"},"value"]},{"$i":"weeks-until-long","$v":{"zero":"this week","one":"next week","two":["in ",{"t":"idOrVar","v":"value"}," weeks"],"few":["in ",{"t":"idOrVar","v":"value"}," weeks"],"many":["in ",{"t":"idOrVar","v":"value"}," weeks"],"other":["in ",{"t":"idOrVar","v":"value"}," weeks"]},"$x":[{"t":"idOrVar","v":"plural"},"value"]},{"$i":"months-until-long","$v":{"zero":"this month","one":"next month","two":["in ",{"t":"idOrVar","v":"value"}," months"],"few":["in ",{"t":"idOrVar","v":"value"}," months"],"many":["in ",{"t":"idOrVar","v":"value"}," months"],"other":["in ",{"t":"idOrVar","v":"value"}," months"]},"$x":[{"t":"idOrVar","v":"plural"},"value"]},{"$i":"years-until-long","$v":{"zero":"this year","one":"next year","two":["in ",{"t":"idOrVar","v":"value"}," years"],"few":["in ",{"t":"idOrVar","v":"value"}," years"],"many":["in ",{"t":"idOrVar","v":"value"}," years"],"other":["in ",{"t":"idOrVar","v":"value"}," years"]},"$x":[{"t":"idOrVar","v":"plural"},"value"]},{"$i":"minutes-ago-short","$v":{"zero":"just now","other":[{"t":"idOrVar","v":"value"},"m ago"]},"$x":[{"t":"idOrVar","v":"plural"},"value"]},{"$i":"hours-ago-short","$v":{"zero":"just now","other":[{"t":"idOrVar","v":"value"},"h ago"]},"$x":[{"t":"idOrVar","v":"plural"},"value"]},{"$i":"days-ago-short","$v":{"zero":"today","other":[{"t":"idOrVar","v":"value"},"d ago"]},"$x":[{"t":"idOrVar","v":"plural"},"value"]},{"$i":"minutes-until-short","$v":{"zero":"now","other":["in ",{"t":"idOrVar","v":"value"},"m"]},"$x":[{"t":"idOrVar","v":"plural"},"value"]},{"$i":"hours-until-short","$v":{"zero":"now","other":["in ",{"t":"idOrVar","v":"value"},"h"]},"$x":[{"t":"idOrVar","v":"plural"},"value"]},{"$i":"days-until-short","$v":{"zero":"today","other":["in ",{"t":"idOrVar","v":"value"},"d"]},"$x":[{"t":"idOrVar","v":"plural"},"value"]},{"$i":"incorrectDate","$v":"(incorrect date)"},{"$i":"dateTimeFormat_%c","$v":"%a %b %e %Y %I:%M:%S %p"},{"$i":"dateTimeFormat_%x","$v":"%m/%d/%Y"},{"$i":"dateTimeFormat_%X","$v":"%I:%M:%S %p"},{"$i":"shortTimeFormat","$v":"%I:%M %p"},{"$i":"shortTimeFormat12","$v":"%I:%M %p"},{"$i":"shortTimeFormat24","$v":"%H:%M"},{"$i":"shortDateTimeFormat","$v":"%x %I:%M %p"},{"$i":"weekStartsOnMonday","$v":"0"},{"$i":"firstDayOfTheWeek","$v":"0"},{"$i":"timePickerOrder","$v":"HMp"},{"$i":"datePickerOrder","$v":"MDY"},{"$i":"hourMinutesSeparator","$v":":"},{"$i":"listSeparator_middle","$v":", "},{"$i":"time_am","$v":"AM"},{"$i":"time_pm","$v":"PM"},{"$i":"durationPattern","$v":"hh:mm:ss.SS"},{"$i":"back","$v":"Back"},{"$i":"noSimMsg","$v":"To import contacts insert or unlock your SIM card"},{"$i":"noMemoryCardMsg","$v":"To import contacts insert a memory card"},{"$i":"importMemoryCard","$v":"Memory card"},{"$i":"emptyAccount","$v":"No friends or contacts found in this account."},{"$i":"simContacts-import","$v":"Import SIM contacts"},{"$i":"simContacts-importing","$v":"Importing SIM contacts…"},{"$i":"simContacts-reading","$v":"Reading from SIM card…"},{"$i":"simContacts-error","$v":"Could not import contacts from SIM"},{"$i":"simContacts-imported3","$v":{"zero":"No contacts detected on SIM to import","one":"Imported one contact","two":["Imported ",{"t":"idOrVar","v":"n"}," contacts"],"few":["Imported ",{"t":"idOrVar","v":"n"}," contacts"],"many":["Imported ",{"t":"idOrVar","v":"n"}," contacts"],"other":["Imported ",{"t":"idOrVar","v":"n"}," contacts"]},"$x":[{"t":"idOrVar","v":"plural"},"n"]},{"$i":"memoryCardContacts-import","$v":"Import contacts from memory card"},{"$i":"memoryCardContacts-importing","$v":"Importing contacts from memory card…"},{"$i":"memoryCardContacts-error","$v":"Could not import contacts from memory card"},{"$i":"memoryCardContacts-imported3","$v":{"zero":"No contacts detected on memory card to import","one":"Imported one contact","two":["Imported ",{"t":"idOrVar","v":"n"}," contacts"],"few":["Imported ",{"t":"idOrVar","v":"n"}," contacts"],"many":["Imported ",{"t":"idOrVar","v":"n"}," contacts"],"other":["Imported ",{"t":"idOrVar","v":"n"}," contacts"]},"$x":[{"t":"idOrVar","v":"plural"},"n"]},{"$i":"genericProgress","$v":[{"t":"idOrVar","v":"current"},"/",{"t":"idOrVar","v":"total"}]},{"$i":"infiniteProgress","$v":{"zero":"No contacts imported yet","one":"Imported one contact","two":["Imported ",{"t":"idOrVar","v":"n"}," contacts"],"few":["Imported ",{"t":"idOrVar","v":"n"}," contacts"],"many":["Imported ",{"t":"idOrVar","v":"n"}," contacts"],"other":["Imported ",{"t":"idOrVar","v":"n"}," contacts"]},"$x":[{"t":"idOrVar","v":"plural"},"n"]},{"$i":"friendsUpdated","$v":{"zero":"No friends updated","one":"Updated one friend","two":["Updated ",{"t":"idOrVar","v":"numFriends"}," friends"],"few":["Updated ",{"t":"idOrVar","v":"numFriends"}," friends"],"many":["Updated ",{"t":"idOrVar","v":"numFriends"}," friends"],"other":["Updated ",{"t":"idOrVar","v":"numFriends"}," friends"]},"$x":[{"t":"idOrVar","v":"plural"},"numFriends"]},{"$i":"friendsMerged","$v":{"zero":"No duplicated friends merged","one":"One duplicated friend merged","two":[{"t":"idOrVar","v":"numDups"}," friends merged"],"few":[{"t":"idOrVar","v":"numDups"}," friends merged"],"many":[{"t":"idOrVar","v":"numDups"}," friends merged"],"other":[{"t":"idOrVar","v":"numDups"}," friends merged"]},"$x":[{"t":"idOrVar","v":"plural"},"numDups"]},{"$i":"contactsMerged","$v":{"zero":"No duplicated contacts merged","one":"One duplicated contact merged","two":[{"t":"idOrVar","v":"numDups"}," contacts merged"],"few":[{"t":"idOrVar","v":"numDups"}," contacts merged"],"many":[{"t":"idOrVar","v":"numDups"}," contacts merged"],"other":[{"t":"idOrVar","v":"numDups"}," contacts merged"]},"$x":[{"t":"idOrVar","v":"plural"},"numDups"]},{"$i":"close","$v":"Close"},{"$i":"import","$v":"Import"},{"$i":"update","$v":"Update"},{"$i":"fbFriends","$v":"Facebook Friends"},{"$i":"live-serviceName","$v":"Outlook"},{"$i":"gmail-serviceName","$v":"Gmail"},{"$i":"facebook-serviceName","$v":"Facebook Friends"},{"$i":"selectAll","$v":"Select all"},{"$i":"deselectAll","$v":"Deselect all"},{"$i":"viewAll","$v":"View All Facebook Friends"},{"$i":"viewRecommend","$v":"View Only Recommended"},{"$i":"linkProposal","$v":{"zero":"No matching friends. Showing all","one":"Select the recommended one","two":"Select a recommended one","few":"Select a recommended one","many":"Select a recommended one","other":"Select a recommended one"},"$x":[{"t":"idOrVar","v":"plural"},"numFriends"]},{"$i":"fbFriendsFound","$v":{"zero":"All your friends are imported","one":"Found one friend to import","two":["Found ",{"t":"idOrVar","v":"numFriends"}," friends to import"],"few":["Found ",{"t":"idOrVar","v":"numFriends"}," friends to import"],"many":["Found ",{"t":"idOrVar","v":"numFriends"}," friends to import"],"other":["Found ",{"t":"idOrVar","v":"numFriends"}," friends to import"]},"$x":[{"t":"idOrVar","v":"plural"},"numFriends"]},{"$i":"fbNoFriends","$v":"No contacts available to import"},{"$i":"facebook","$v":"Facebook"},{"$i":"search-contact","placeholder":"Search"},{"$i":"noResults","$v":"No contacts found"},{"$i":"done-search","$v":"Done"},{"$i":"progressFB3ImportTitle","$v":"Importing friends to Contacts"},{"$i":"progressFB","$v":[{"t":"idOrVar","v":"current"},"/",{"t":"idOrVar","v":"total"}]},{"$i":"progressFB3UpdateTitle","$v":"Updating friends in Contacts"},{"$i":"message2","$v":"This may take a couple of minutes"},{"$i":"messageLinking","$v":"Please hold on. We are linking your friend and your contact."},{"$i":"messageCanceling","$v":"Please hold on. We are canceling the ongoing operation."},{"$i":"error1","$v":["Error ",{"t":"idOrVar","v":"from"}]},{"$i":"error2","$v":"Do you want to retry?"},{"$i":"errorProposal","$v":"calculating proposals"},{"$i":"errorFriends","$v":"retrieving friends"},{"$i":"errorLinking","$v":"linking contact"},{"$i":"timeout1","$v":["Exceeded timeout ",{"t":"idOrVar","v":"from"}]},{"$i":"timeout2","$v":"Do you want to retry?"},{"$i":"timeoutProposal","$v":"calculating proposals"},{"$i":"timeoutFriends","$v":"retrieving friends"},{"$i":"timeoutLinking","$v":"linking contacts"},{"$i":"wait1","$v":"Please hold on"},{"$i":"wait2","$v":"This may take a couple of minutes"},{"$i":"waitProposal","$v":"Please hold on. We are calculating a proposal."},{"$i":"waitFriends","$v":"Please hold on. We are connecting to obtain your friend list."},{"$i":"curtainCancel","$v":"Cancel"},{"$i":"curtainRetry","$v":"Retry"},{"$i":"curtainOK","$v":"OK"},{"$i":"connectionLost","$v":"No Internet connection"},{"$i":"connectionLostMsg","$v":"Friends’ photos will not be added to your contacts. Continue anyway?"},{"$i":"yesOption","$v":"OK"},{"$i":"noOption","$v":"Cancel"},{"$i":"notificationLogin","$v":"Your Facebook session is invalid. Please sign in."},{"$i":"syncError","$v":"There was an error synchronizing your friend’s data"},{"$i":"phoneNumberInput","ariaLabel":"Phone number"},{"$i":"keypadDelete","ariaLabel":"Delete"},{"$i":"voiceMailKey","ariaLabel":"Voicemail"},{"$i":"asterisk","ariaLabel":"Asterisk"},{"$i":"hashSign","ariaLabel":"Hash sign"},{"$i":"keypadCancel","$v":"Cancel"},{"$i":"loadingSimContacts","$v":"Loading SIM card contacts…"},{"$i":"noContactsWereFound","$v":"No contacts were found"},{"$i":"noContactsFoundDialogOk","$v":"OK"},{"$i":"noSimCardToLoadContactsFrom","$v":"No SIM card to load contacts from"},{"$i":"label","$v":"Label"},{"$i":"mobile","$v":"Mobile"},{"$i":"home","$v":"Home"},{"$i":"work","$v":"Work"},{"$i":"personal","$v":"Personal"},{"$i":"faxHome","$v":"Fax home"},{"$i":"faxOffice","$v":"Fax office"},{"$i":"faxOther","$v":"Fax other"},{"$i":"another","$v":"Another"},{"$i":"other","$v":"Other"},{"$i":"customTag","placeholder":"Custom tag"},{"$i":"current","$v":"Current"},{"$i":"itemWithLabel","$v":[{"t":"idOrVar","v":"label"},", ",{"t":"idOrVar","v":"item"}]},{"$i":"emergencyNumber","$v":"Emergency number"},{"$i":"callAirplaneModeMessage","$v":"To make a call you need to disable airplane mode in settings."},{"$i":"callAirplaneModeBtnOk","$v":"OK"},{"$i":"callAirplaneModeTitle","$v":"Airplane mode activated"},{"$i":"numberIsBusyTitle","$v":"Number is busy"},{"$i":"numberIsBusyMessage","$v":"The number is currently busy. Please try again later."},{"$i":"fdnIsActiveTitle","$v":"FDN active"},{"$i":"fdnIsActiveMessage","$v":["FDN (Fixed Dialing Numbers) is activated and the following number is not in your FDN list: ",{"t":"idOrVar","v":"number"}]},{"$i":"emergencyDialogBodyBadNumber","$v":"To make a call, the phone must be connected to a network."},{"$i":"emergencyDialogBodyDeviceNotAccepted","$v":"Emergency calls are not allowed by the network."},{"$i":"emergencyDialogBtnOk","$v":"OK"},{"$i":"emergencyDialogTitle","$v":"No network connection"},{"$i":"invalidNumberToDialTitle","$v":"Invalid phone number"},{"$i":"invalidNumberToDialMessage","$v":"The phone number you are calling is not valid."},{"$i":"unableToCallTitle","$v":"Unable to make a phone call now"},{"$i":"unableToCallMessage","$v":"Cannot make a call. If you are already dialing, please hang up first."},{"$i":"otherConnectionInUseTitle","$v":"Other connection in use"},{"$i":"otherConnectionInUseMessage","$v":"You have an active call on another connection. You can only use one connection at a time."},{"$i":"callBarredByTheOperatorMessage","$v":"Call was barred by the operator"},{"$i":"connectingEllipsis","$v":"Connecting…"},{"$i":"phone_type_mobile","$v":"Mobile"},{"$i":"phone_type_home","$v":"Home"},{"$i":"phone_type_work","$v":"Work"},{"$i":"phone_type_personal","$v":"Personal"},{"$i":"phone_type_fax_home","$v":"Fax home"},{"$i":"phone_type_fax_office","$v":"Fax office"},{"$i":"phone_type_fax_other","$v":"Fax other"},{"$i":"phone_type_other","$v":"Other"},{"$i":"phone_type_custom","$v":[{"t":"idOrVar","v":"type"}]},{"$i":"phone_type_mobile_and_carrier","$v":["Mobile, ",{"t":"idOrVar","v":"carrier"}]},{"$i":"phone_type_home_and_carrier","$v":["Home, ",{"t":"idOrVar","v":"carrier"}]},{"$i":"phone_type_work_and_carrier","$v":["Work, ",{"t":"idOrVar","v":"carrier"}]},{"$i":"phone_type_personal_and_carrier","$v":["Personal, ",{"t":"idOrVar","v":"carrier"}]},{"$i":"phone_type_fax_home_and_carrier","$v":["Fax home, ",{"t":"idOrVar","v":"carrier"}]},{"$i":"phone_type_fax_office_and_carrier","$v":["Fax office, ",{"t":"idOrVar","v":"carrier"}]},{"$i":"phone_type_fax_other_and_carrier","$v":["Fax other, ",{"t":"idOrVar","v":"carrier"}]},{"$i":"phone_type_other_and_carrier","$v":["Other, ",{"t":"idOrVar","v":"carrier"}]},{"$i":"phone_type_custom_and_carrier","$v":[{"t":"idOrVar","v":"type"},", ",{"t":"idOrVar","v":"carrier"}]},{"$i":"voicemailNoNumberTitle","$v":"Voicemail number is unavailable"},{"$i":"voicemailNoNumberText","$v":"Unable to call the voicemail. Set up the voicemail number to place the call."},{"$i":"voicemailNoNumberSettings","$v":"Settings"},{"$i":"voicemailNoNumberCancel","$v":"Cancel"},{"$i":"gaia-menu-cancel","$v":"Cancel"},{"$i":"gaia-sim-picker-dial-via-with-number","$v":["Dial ",{"t":"idOrVar","v":"phoneNumber"}," via"]},{"$i":"gaia-sim-picker-select-sim","$v":"Select SIM"},{"$i":"gaia-sim-picker-button","$v":["SIM",{"t":"idOrVar","v":"n"}]},{"$i":"gaia-sim-picker-button-default","$v":"(default)"}]