{"addNewNumber":"Add new number","addToExistingContact":"إضافة إلى جهة اتصال موجوده","all":"الكل","asterisk":{"ariaLabel":"Asterisk"},"callLog":"سجل المكالمات","callLogEdit":{"title":"Edit call log"},"callLogEditDialog":{"ariaLabel":"Edit call log dialog"},"connecting":"جارِ الاتصال","cancel":"إلغاء","cf-async":"غير متزامن: {{ async }}\\n","cf-data":"معلومات: {{ data }}\\n","cf-error":"حدث خطأ عند محاولة الحصول على حالة تحويل المكالمات","cf-fax":"فاكس: {{ fax }}\\n","cf-inactive":"غير فعال","cf-packet":"حزمة: {{ packet }}\\n","cf-pad":"باد: {{ pad }}\\n","cf-sms":"رسالة قصيرة: {{ sms }}\\n","cf-status":"حالة تحويل المكالمات\\n","cf-sync":"متزامن: {{ sync }}\\n","cf-voice":"صوت: {{ voice }}\\n","close":"Close","confirm-deletion":"حذف المكالمات المختارة ؟","contacts":{"ariaLabel":"Contacts"},"createNewContact":"إنشاء جهة اتصال جديدة","delete":"حذف","deselectAll":"ألغ أختيار الكل","dialerAddContact":{"ariaLabel":"Add contact"},"dialerAddContactDialog":{"ariaLabel":"Add Contact Dialog"},"edit-selected":{"_index":["plural","n"],"_":{"one":"{{ n }} مُختارة","two":"{{ n }} مُختارة","few":"{{ n }} مُختارة","many":"{{ n }} مُختارة","other":"{{ n }} مُختارة"}},"edit":"تعديل","hashSign":{"ariaLabel":"Hash sign"},"hideKeypad":{"ariaLabel":"Hide keypad"},"ignore":"تجاهل الإتصال","incoming":"الواردة","keypad":{"ariaLabel":"Keypad"},"keypadDelete":{"ariaLabel":"Delete"},"makeCall":{"ariaLabel":"Make call"},"merge":"Merge","missed":"الفائتة","missedCall":"مكالمة فائتة","missedCallMultiSims":"(SIM {{n}}) المكالمات الفائتة","mmi-error":"حدث خطأ عند محاولة ارسال الرسالة","mmi-session-expired":"انتهت الجلسة","mmi-successfully-sent":"تم ارسال الرسالة بنجاح","mmi-notification-title-with-sim":"({{sim}}) {{title}}","mute":{"ariaLabel":"Mute"},"newCall":{"ariaLabel":"New call"},"no-logs-msg-1":"لم يتم تسجيل أي مكالمة","no-logs-msg-2":"بدء التواصل الآن","no-logs-msg-3":"لا يوجد أي مكالمات لم يرد عليها","phoneNumberInput":{"ariaLabel":"Phone number"},"recents":{"ariaLabel":"Recent calls"},"reply":"الرد","selectAll":"إختَر الكل","send":"إرسال","switch-calls":"تحويل المكالمات","today":"اليوم","voiceMailKey":{"ariaLabel":"Voicemail"},"withheld-number":"الأرقام المحجوبة","from-contact":"من {{ contact }}","from-number":"من {{ number }}","from-withheld-number":"من رقم محجوب","yesterday":"الأمس","sending":"جارِ الإرسال...","speakerOption":{"ariaLabel":"Speaker"},"ussd-services":"خدمات {{ operator }}","toggleKeypad":{"ariaLabel":"Toggle keypad"},"type-your-response":{"placeholder":"أُكتب رّدك..."},"clear-all-text":"مسح الكل","hide":"أخفِ","call":"إتصال","hold":{"ariaLabel":"معلق"},"resume":"معاودة","sendSms":"أرسل رسالة","callEnded":"إنتهت المكالمة","via-sim":"بواسطة n}}SIM}}","sim-number":"n }} SIM }}","hangup-a11y-button":{"aria-label":"إنهاء"},"pickup-a11y-button":{"aria-label":"رد"},"unlock-a11y-button":{"aria-label":"منزلق"},"settings":"إعدادات","delete-n-log?":{"_index":["plural","n"],"_":{"zero":"لا شيﺀ مختار","one":"حذف السجل المحدد؟","two":"حذف السجِّلين؟","few":"حذف {{ n }} السجلات؟","many":"حذف {{ n }} سجل؟","other":"حذف {{ n }} سجل؟"}},"callDurationMinutes":"{{ m }}:{{ s }}","callDurationHours":"{{ h }}:{{ m }}:{{ s}}","suggestionMatches":{"_index":["plural","n"],"_":{"one":"نتيجة واحدة مطابقة لـ \"{{ matchNumber }}\"","two":"تطابقان لـ \"{{ matchNumber }}\"","few":"{{ n }} تطابقات لـ \"{{ matchNumber }}\"","many":"{{ n }} من النتائج المطابقة لـ \"{{ matchNumber }}\"","other":"{{ n }} من النتائج المطابقة لـ \"{{ matchNumber }}\""}},"scCallBarring":"حظر المكالمات","scCallForwarding":"تحويل المكالمات","scClip":"المعرَف بجهة الاتصال","scClir":"معرف المتصل الصادر","scPwd":"تغيير كلمة السر","scCallWaiting":"إنتظار المكالمة","scPin":"تغيير رمز PIN","scPin2":"تغيير رمز PIN2","scPuk":"فك إقفال PIN","scPuk2":"فك أقفال PIN2","scImei":"IMEI","scUssd":"USSD","serviceClassVoice":"صوت","serviceClassData":"بيانات","serviceClassFax":"فاكس","serviceClassSms":"رسالة نصية","serviceClassDataSync":"مزامنة","serviceClassDataAsync":"متزامن","serviceClassPacket":"الحزمة","serviceClassPad":"PAD","smServiceEnabled":"تم تفعيل الخدمة","smServiceDisabled":"تم تعطيل الخدمة","smServiceRegistered":"تم التسجيل بنجاح","smServiceErased":"تم المحو بنجاح","smServiceInterrogated":"تم الطلب بنجاح","smServiceNotProvisioned":"خدمة غير متوفرة","smClirPermanent":"لا يمكنك تغيير إعداد معرف المتصل","smClirDefaultOnNextCallOn":"الإعدادات الافتراضية لإظهار رقم المتصل هي مقيدة. المكالمة التالية: مقيدة","smClirDefaultOnNextCallOff":"الإعدادات الافتراضية لإظهار رقم المتصل هي مقيدة. المكالمة التالية: غير مقيدة","smClirDefaultOffNextCallOn":"الإعدادات الافتراضية لإظهار رقم المتصل هي غير مقيدة. المكالمة التالية: مقيدة","smClirDefaultOffNextCallOff":"الإعدادات الافتراضية لإظهار رقم المتصل هي غيرمقيدة. المكالمة التالية: غير مقيدة","smServiceEnabledFor":"تم تفعيل الخدمة ل:","smPinChanged":"تمَّ تغيير PIN بنجاح","smPinUnblocked":"رفع الحجب عن PIN بنجاح","smPin2Changed":"تمَّ تغيير PIN2 بنجاح","smPin2Unblocked":"ُُرُفع الحجب عن PIN2 بنجاح","emMmiError":"مشكلة في الإتصال أو رمز MMI خاطئ","emMmiErrorPasswordIncorrect":"كلمة سر خاطئة","emMmiErrorNotSupported":"رمز MMI خاطئ أو غير مدعوم","emMmiErrorInvalidAction":"إجراء خاطئ.","emMmiErrorInvalidScCode":"رمز خدمة خاطئ","emMmiErrorBadPuk":"رمز PUK الذي قمت بإدخاله غير صحيح","emMmiErrorBadPin":"PIN القديم الذي كتبته غير صحيح.","emMmiErrorNeedPuk2":"قم بإدخال رمز PUK2 لفتح الشريحة","emMmiErrorMismatchPin":"لا يوجد تطابق بين رموز PIN التي أدخلتها","emMmiErrorInvalidPin":"قم بإدخال رمز PIN مكون من 4 إلى 8 أرقام","emMmiErrorNeedsPuk":"شريحتك مغلقة برمز PUK","emMmiErrorEnablePin":"غير ناجح , قم بتفعيل قفل ال SIM/RUIM","emMmiErrorMmiFdn":"العملية تقتصرعلى أرقام إاتصال ثابتة فقط","emMmiErrorStkCcUssdDial":"يتم تعديل طلب USSD لطلب DIAL","emMmiErrorStkCcUssdSs":"طلب USSD تعدل الى طلب SS","emMmiErrorStkCcUssdUssd":"يتم تعديل طلب USSD لطلب USSD جديد","emMmiErrorStkCcSsDial":"يتم تعديل الطلب SS لطلب DIAL","emMmiErrorStkCcSsUssd":"يتم تعديل الطلب SS لطلب USSD","emMmiErrorStkCcSsSs":"طلب SS تعدل الى طلب SS جديد","emMmiErrorPinPukAttempts":{"_index":["plural","n"],"_":{"one":"بقيت محاولة واحدة فقط","two":"تبقت محاولتين اثنتين","few":"تبقى {{ n }} المحاولات","many":"تبقى {{ n }} محاولة","other":"تبقى {{ n }} محاولة"}},"emMmiErrorSimBlocked":"لقد تجاوزت الحد الأقصى من المحولات . حُجِبت الـ SIM","RadioNotAvailable":"الراديو غير متوفر","GenericFailure":"فشل","PasswordIncorrect":"كلمة سر غير صحيحة","SimPin2":"SIM PIN2","SimPuk2":"SIM PUK2","RequestNotSupported":"الطلب غير مدعوم","OpNotAllowedDuringVoiceCall":"العملية غير مسموحة أثناء الإتصال الصوتي","SmsSendFailRetry":"فشل في إرسال SMS اعدالمحاولة","SimAbsent":"الشريحة غير موجودة","SubscriptionNotAvailable":"الإشتراك غير متاح","ModeNotSupported":"الوضع غير مدعوم","FdnCheckFailure":"فشل اختيار Fdn","IllegalSimOrMe":"SIM غير قانونية أو ME","DialModifiedToUssd":"طلب تعديل USSD","DialModifiedToSs":"طلب تعديل SS","DialModifiedToDial":"عدّل الإتصال الهاتفي للإتصال","UssdModifiedToDial":"تعديل USSD للإتصال","UssdModifiedToSs":"تعديل USSD إلى SS","UssdModifiedToUssd":"تعديل USSD إلى USSD","SsModifiedToDial":"تعديل SS للاتصال","SsModifiedToUssd":"تعديل SS إلىUSSD","SsModifiedToSs":"تعديل SS إلى SS ","SubscriptionNotSupported":"الإشتراك غير مدعوم","InvalidParameter":"معامل غير صالح","RejectedByRemote":"تم الرفض من طرف الخادم","conference":{"_index":["plural","n"],"_":{"one":"Conference ({{ n }})","two":"Conference ({{ n }})","few":"Conference ({{ n }})","many":"Conference ({{ n }})","other":"Conference ({{ n }})"}},"caller-left-call":"{{ caller }} المتصل غادر المكالمة.","conferenceAddError":"غير قادر على دمج المكالمات","conferenceRemoveError":"غير قادر على إلغاء دمج المكالمات","longDateFormat":"%A, %B %e","select-audio-sources":"اختر مصادر الصوت","bluetooth-handsfree-device":"أجهزة البلوتوث اليدوية","receiver":"المُستقبل","speaker":"مكبر الصوت"}