{"addNewNumber":"‮∀pp‬ ‮uǝʍ‬ ‮unɯqǝɹ‬","addToExistingContact":"‮∀pp‬ ‮ʇo‬ ‮ǝxısʇıuƃ‬ ‮ɔouʇɐɔʇ‬","all":{"_":"‮∀ʅʅ‬","ariaLabel":"‮∀ʅʅ‬"},"asterisk":{"ariaLabel":"‮∀sʇǝɹısʞ‬"},"callLog":"‮Ↄɐʅʅ‬ ‮ʅoƃ‬","callLogEdit":{"title":"‮Ǝpıʇ‬ ‮ɔɐʅʅ‬ ‮ʅoƃ‬"},"callLogEditDialog":{"ariaLabel":"‮Ǝpıʇ‬ ‮ɔɐʅʅ‬ ‮ʅoƃ‬ ‮pıɐʅoƃ‬"},"connecting":"‮Ↄouuǝɔʇıuƃ‬","cancel":"‮Ↄɐuɔǝʅ‬","cf-async":"‮∀sʎuɔɥɹouons‬: {{ async }}\\‮u‬","cf-data":"‮pɐʇɐ‬: {{ data }}\\‮u‬","cf-error":"‮∀u‬ ‮ǝɹɹoɹ‬ ‮oɔɔnɹɹǝp‬ ‮ʍɥıʅǝ‬ ‮ɹǝʇɹıǝʌıuƃ‬ ‮ɔɐʅʅ‬ ‮ɟoɹʍɐɹpıuƃ‬ ‮sʇɐʇns‬","cf-fax":"‮ɟ∀X‬: {{ fax }}\\‮u‬","cf-inactive":"‮Iuɐɔʇıʌǝ‬","cf-packet":"‮Ԁɐɔʞǝʇ‬: {{ packet }}\\‮u‬","cf-pad":"‮Ԁ∀p‬: {{ pad }}\\‮u‬","cf-sms":"‮SWS‬: {{ sms }}\\‮u‬","cf-status":"‮Ↄɐʅʅ‬ ‮ɟoɹʍɐɹpıuƃ‬ ‮sʇɐʇns‬\\‮u‬","cf-sync":"‮Sʎuɔɥɹouons‬: {{ sync }}\\‮u‬","cf-voice":"‮Ʌoıɔǝ‬: {{ voice }}\\‮u‬","close":"‮Ↄʅosǝ‬","confirm-deletion":"‮Ↄʅǝɐɹ‬ ‮sǝʅǝɔʇǝp‬ ‮ɔɐʅʅs‬?","contacts":{"ariaLabel":"‮Ↄouʇɐɔʇs‬"},"createNewContact":"‮Ↄɹǝɐʇǝ‬ ‮uǝʍ‬ ‮ɔouʇɐɔʇ‬","delete":"‮pǝʅǝʇǝ‬","deselectAll":"‮pǝsǝʅǝɔʇ‬ ‮ɐʅʅ‬","dialerAddContact":{"ariaLabel":"‮∀pp‬ ‮ɔouʇɐɔʇ‬"},"dialerAddContactDialog":{"ariaLabel":"‮∀pp‬ ‮Ↄouʇɐɔʇ‬ ‮pıɐʅoƃ‬"},"edit-selected":{"_":{"one":"{{ n }} ‮sǝʅǝɔʇǝp‬","two":"{{ n }} ‮sǝʅǝɔʇǝp‬","few":"{{ n }} ‮sǝʅǝɔʇǝp‬","many":"{{ n }} ‮sǝʅǝɔʇǝp‬","other":"{{ n }} ‮sǝʅǝɔʇǝp‬"}},"edit":"‮Ǝpıʇ‬","hashSign":{"ariaLabel":"‮Hɐsɥ‬ ‮sıƃu‬"},"hideKeypad":{"ariaLabel":"‮Hıpǝ‬ ‮ʞǝʎdɐp‬"},"ignore":"‮Iƃuoɹǝ‬ ‮Ↄɐʅʅ‬","incoming":"‮Iuɔoɯıuƃ‬","keypad":{"ariaLabel":"‮Ӽǝʎdɐp‬"},"keypadDelete":{"ariaLabel":"‮pǝʅǝʇǝ‬"},"makeCall":{"ariaLabel":"‮Wɐʞǝ‬ ‮ɔɐʅʅ‬"},"merge":"‮Wǝɹƃǝ‬","missed":{"_":"‮Wıssǝp‬","ariaLabel":"‮Wıssǝp‬"},"missedCall":"‮Wıssǝp‬ ‮ɔɐʅʅ‬","missedCallMultiSims":"(‮SIW‬ {{ n }}) ‮Wıssǝp‬ ‮ɔɐʅʅ‬","mmi-error":"‮∀u‬ ‮ǝɹɹoɹ‬ ‮oɔɔnɹɹǝp‬ ‮ʍɥıʅǝ‬ ‮sǝupıuƃ‬ ‮ʇɥǝ‬ ‮ɯǝssɐƃǝ‬","mmi-session-expired":"‮Sǝssıou‬ ‮ǝxdıɹǝp‬","mmi-successfully-sent":"‮Wǝssɐƃǝ‬ ‮snɔɔǝssɟnʅʅʎ‬ ‮sǝuʇ‬","mmi-notification-title-with-sim":"({{sim}}) {{title}}","mute":{"ariaLabel":"‮Wnʇǝ‬"},"newCall":{"ariaLabel":"‮Nǝʍ‬ ‮ɔɐʅʅ‬"},"no-logs-msg-1":"‮No‬ ‮ɔɐʅʅs‬ ‮ɹǝɔoɹpǝp‬","no-logs-msg-2":"‮Sʇɐɹʇ‬ ‮ɔoɯɯnuıɔɐʇıuƃ‬ ‮uoʍ‬","no-logs-msg-3":"‮No‬ ‮ɯıssǝp‬ ‮ɔɐʅʅs‬","phoneNumberInput":{"ariaLabel":"‮Ԁɥouǝ‬ ‮unɯqǝɹ‬"},"recents":{"ariaLabel":"‮ᴚǝɔǝuʇ‬ ‮ɔɐʅʅs‬"},"reply":"‮ᴚǝdʅʎ‬","selectAll":"‮Sǝʅǝɔʇ‬ ‮ɐʅʅ‬","send":"‮Sǝup‬","switch-calls":"‮Sʍıʇɔɥ‬ ‮ɔɐʅʅs‬","today":"‮⊥opɐʎ‬","voiceMailKey":{"ariaLabel":"‮Ʌoıɔǝɯɐıʅ‬"},"withheld-number":"‮Ｍıʇɥɥǝʅp‬ ‮unɯqǝɹ‬","from-contact":"‮ɟɹoɯ‬ {{ contact }}","from-number":"‮ɟɹoɯ‬ {{ number }}","from-withheld-number":"‮ɟɹoɯ‬ ‮ʍıʇɥɥǝʅp‬ ‮unɯqǝɹ‬","yesterday":"‮ʎǝsʇǝɹpɐʎ‬","sending":"‮Sǝupıuƃ‬…","speakerOption":{"ariaLabel":"‮Sdǝɐʞǝɹ‬"},"ussd-services":"{{ operator }} ‮sǝɹʌıɔǝs‬","toggleKeypad":{"ariaLabel":"‮⊥oƃƃʅǝ‬ ‮ʞǝʎdɐp‬"},"type-your-response":{"placeholder":"‮⊥ʎdǝ‬ ‮ʎonɹ‬ ‮ɹǝsdousǝ‬…"},"clear-all-text":"‮Ↄʅǝɐɹ‬ ‮ɐʅʅ‬ ‮ʇǝxʇ‬","hide":"‮Hıpǝ‬","call":"‮Ↄɐʅʅ‬","hold":{"ariaLabel":"‮Hoʅp‬"},"resume":{"_":"‮ᴚǝsnɯǝ‬","ariaLabel":"‮ᴚǝsnɯǝ‬"},"sendSms":"‮Sǝup‬ ‮Wǝssɐƃǝ‬","callEnded":"‮Ↄɐʅʅ‬ ‮Ǝupǝp‬","via-sim":"‮ʌıɐ‬ ‮SIW‬{{ n }}","sim-number":"‮SIW‬{{ n }}","hangup-a11y-button":{"ariaLabel":"‮Hɐuƃ‬ ‮∩d‬"},"pickup-a11y-button":{"ariaLabel":"‮Ԁıɔʞ‬ ‮nd‬"},"unlock-a11y-button":{"ariaLabel":"‮Sʅıpǝɹ‬"},"settings":"‮Sǝʇʇıuƃs‬","delete-n-log?":{"_":{"zero":"‮Noʇɥıuƃ‬ ‮sǝʅǝɔʇǝp‬","one":"‮pǝʅǝʇǝ‬ ‮sǝʅǝɔʇǝp‬ ‮ʅoƃ‬?","two":"‮pǝʅǝʇǝ‬ {{ n }} ‮ʅoƃs‬?","few":"‮pǝʅǝʇǝ‬ {{ n }} ‮ʅoƃs‬?","many":"‮pǝʅǝʇǝ‬ {{ n }} ‮ʅoƃs‬?","other":"‮pǝʅǝʇǝ‬ {{ n }} ‮ʅoƃs‬?"}},"callDurationMinutes":"{{ m }}:{{ s }}","callDurationHours":"{{ h }}:{{ m }}:{{ s}}","suggestionMatches":{"_":{"one":"{{ n }} ‮ɯɐʇɔɥ‬ ‮ɟoɹ‬ \"{{ matchNumber }}\"","two":"{{ n }} ‮ɯɐʇɔɥǝs‬ ‮ɟoɹ‬ \"{{ matchNumber }}\"","few":"{{ n }} ‮ɯɐʇɔɥǝs‬ ‮ɟoɹ‬ \"{{ matchNumber }}\"","many":"{{ n }} ‮ɯɐʇɔɥǝs‬ ‮ɟoɹ‬ \"{{ matchNumber }}\"","other":"{{ n }} ‮ɯɐʇɔɥǝs‬ ‮ɟoɹ‬ \"{{ matchNumber }}\""}},"scCallBarring":"‮Ↄɐʅʅ‬ ‮qɐɹɹıuƃ‬","scCallForwarding":"‮Ↄɐʅʅ‬ ‮ɟoɹʍɐɹpıuƃ‬","scClip":"‮Iuɔoɯıuƃ‬ ‮Ↄɐʅʅǝɹ‬ ‮Ip‬","scClir":"‮Onʇƃoıuƃ‬ ‮Ↄɐʅʅǝɹ‬ ‮Ip‬","scPwd":"‮Ԁɐssʍoɹp‬ ‮ɔɥɐuƃǝ‬","scCallWaiting":"‮Ↄɐʅʅ‬ ‮ʍɐıʇıuƃ‬","scPin":"‮ԀIN‬ ‮ɔɥɐuƃǝ‬","scPin2":"‮ԀIN‬2 ‮ɔɥɐuƃǝ‬","scPuk":"‮∩uqʅoɔʞ‬ ‮ԀIN‬","scPuk2":"‮∩uqʅoɔʞ‬ ‮ԀIN‬2","scImei":"‮IWƎI‬","scUssd":"‮∩SSp‬","serviceClassVoice":"‮Ʌoıɔǝ‬","serviceClassData":"‮pɐʇɐ‬","serviceClassFax":"‮ɟ∀X‬","serviceClassSms":"‮SWS‬","serviceClassDataSync":"‮Sʎuɔ‬","serviceClassDataAsync":"‮∀sʎuɔ‬","serviceClassPacket":"‮Ԁɐɔʞǝʇ‬","serviceClassPad":"‮Ԁ∀p‬","smServiceEnabled":"‮Sǝɹʌıɔǝ‬ ‮ʍɐs‬ ‮ǝuɐqʅǝp‬","smServiceDisabled":"‮Sǝɹʌıɔǝ‬ ‮ɥɐs‬ ‮qǝǝu‬ ‮pısɐqʅǝp‬","smServiceRegistered":"‮ᴚǝƃısʇɹɐʇıou‬ ‮ʍɐs‬ ‮snɔɔǝssɟnʅ‬","smServiceErased":"‮Ǝɹɐsnɹǝ‬ ‮ʍɐs‬ ‮snɔɔǝssɟnʅ‬","smServiceInterrogated":"‮ᴚǝbnǝsʇ‬ ‮ʍɐs‬ ‮snɔɔǝssɟnʅ‬","smServiceNotProvisioned":"‮Sǝɹʌıɔǝ‬ ‮uoʇ‬ ‮dɹoʌısıouǝp‬","smClirPermanent":"‮ʎon‬ ‮ɔɐu‬ ‮uoʇ‬ ‮ɔɥɐuƃǝ‬ ‮ʇɥǝ‬ ‮ɔɐʅʅǝɹ‬ ‮Ip‬ ‮sǝʇʇıuƃ‬","smClirDefaultOnNextCallOn":"‮Ↄɐʅʅǝɹ‬ ‮Ip‬ ‮pǝɟɐnʅʇs‬ ‮ʇo‬ ‮ɹǝsʇɹıɔʇǝp‬. ‮Nǝxʇ‬ ‮ɔɐʅʅ‬: ‮ᴚǝsʇɹıɔʇǝp‬","smClirDefaultOnNextCallOff":"‮Ↄɐʅʅǝɹ‬ ‮Ip‬ ‮pǝɟɐnʅʇs‬ ‮ʇo‬ ‮ɹǝsʇɹıɔʇǝp‬. ‮Nǝxʇ‬ ‮ɔɐʅʅ‬: ‮Noʇ‬ ‮ɹǝsʇɹıɔʇǝp‬","smClirDefaultOffNextCallOn":"‮Ↄɐʅʅǝɹ‬ ‮Ip‬ ‮pǝɟɐnʅʇs‬ ‮ʇo‬ ‮uoʇ‬ ‮ɹǝsʇɹıɔʇǝp‬. ‮Nǝxʇ‬ ‮ɔɐʅʅ‬: ‮ᴚǝsʇɹıɔʇǝp‬","smClirDefaultOffNextCallOff":"‮Ↄɐʅʅǝɹ‬ ‮Ip‬ ‮pǝɟɐnʅʇs‬ ‮ʇo‬ ‮uoʇ‬ ‮ɹǝsʇɹıɔʇǝp‬. ‮Nǝxʇ‬ ‮ɔɐʅʅ‬: ‮Noʇ‬ ‮ɹǝsʇɹıɔʇǝp‬","smServiceEnabledFor":"‮Sǝɹʌıɔǝ‬ ‮ʍɐs‬ ‮ǝuɐqʅǝp‬ ‮ɟoɹ‬:","smPinChanged":"‮ԀIN‬ ‮snɔɔǝssɟnʅʅʎ‬ ‮ɔɥɐuƃǝp‬","smPinUnblocked":"‮ԀIN‬ ‮snɔɔǝssɟnʅʅʎ‬ ‮nuqʅoɔʞǝp‬","smPin2Changed":"‮ԀIN‬2 ‮snɔɔǝssɟnʅʅʎ‬ ‮ɔɥɐuƃǝp‬","smPin2Unblocked":"‮ԀIN‬2 ‮snɔɔǝssɟnʅʅʎ‬ ‮nuqʅoɔʞǝp‬","emMmiError":"‮Ↄouuǝɔʇıou‬ ‮dɹoqʅǝɯ‬ ‮oɹ‬ ‮ıuʌɐʅıp‬ ‮WWI‬ ‮ɔopǝ‬","emMmiErrorPasswordIncorrect":"‮Iuɔoɹɹǝɔʇ‬ ‮Ԁɐssʍoɹp‬","emMmiErrorNotSupported":"‮Iuʌɐʅıp‬ ‮oɹ‬ ‮∩usnddoɹʇǝp‬ ‮WWI‬ ‮Ↄopǝ‬","emMmiErrorInvalidAction":"‮Iuʌɐʅıp‬ ‮ɐɔʇıou‬","emMmiErrorInvalidScCode":"‮Iuʌɐʅıp‬ ‮sǝɹʌıɔǝ‬ ‮ɔopǝ‬","emMmiErrorBadPuk":"‮⊥ɥǝ‬ ‮Ԁ∩Ӽ‬ ‮ʎon‬ ‮ʇʎdǝp‬ ‮ıs‬ ‮uoʇ‬ ‮ɔoɹɹǝɔʇ‬","emMmiErrorBadPin":"‮⊥ɥǝ‬ ‮oʅp‬ ‮ԀIN‬ ‮ʎon‬ ‮ʇʎdǝp‬ ‮ıs‬ ‮uoʇ‬ ‮ɔoɹɹǝɔʇ‬.","emMmiErrorNeedPuk2":"‮⊥ʎdǝ‬ ‮Ԁ∩Ӽ‬2 ‮ʇo‬ ‮nuqʅoɔʞ‬ ‮SIW‬ ‮ɔɐɹp‬","emMmiErrorMismatchPin":"‮⊥ɥǝ‬ ‮ԀINs‬ ‮ʎon‬ ‮ʇʎdǝp‬ ‮po‬ ‮uoʇ‬ ‮ɯɐʇɔɥ‬","emMmiErrorInvalidPin":"‮⊥ʎdǝ‬ ‮ɐ‬ ‮ԀIN‬ ‮ʇɥɐʇ‬ ‮ıs‬ 4 ‮ʇo‬ 8 ‮unɯqǝɹs‬","emMmiErrorNeedsPuk":"‮ʎonɹ‬ ‮SIW‬ ‮ɔɐɹp‬ ‮ıs‬ ‮Ԁ∩Ӽ‬-‮ʅoɔʞǝp‬","emMmiErrorEnablePin":"‮∩usnɔɔǝssɟnʅ‬. ‮Ǝuɐqʅǝ‬ ‮SIW‬/‮ᴚ∩IW‬ ‮˥OↃӼ‬","emMmiErrorMmiFdn":"‮Odǝɹɐʇıou‬ ‮ıs‬ ‮ɹǝsʇɹıɔʇǝp‬ ‮ʇo‬ ‮ɟıxǝp‬ ‮pıɐʅıuƃ‬ ‮unɯqǝɹs‬ ‮ouʅʎ‬","emMmiErrorStkCcUssdDial":"‮∩SSp‬ ‮ɹǝbnǝsʇ‬ ‮ıs‬ ‮ɯopıɟıǝp‬ ‮ʇo‬ ‮pI∀˥‬ ‮ɹǝbnǝsʇ‬","emMmiErrorStkCcUssdSs":"‮∩SSp‬ ‮ɹǝbnǝsʇ‬ ‮ıs‬ ‮ɯopıɟıǝp‬ ‮ʇo‬ ‮SS‬ ‮ɹǝbnǝsʇ‬","emMmiErrorStkCcUssdUssd":"‮∩SSp‬ ‮ɹǝbnǝsʇ‬ ‮ıs‬ ‮ɯopıɟıǝp‬ ‮ʇo‬ ‮uǝʍ‬ ‮∩SSp‬ ‮ɹǝbnǝsʇ‬","emMmiErrorStkCcSsDial":"‮SS‬ ‮ɹǝbnǝsʇ‬ ‮ıs‬ ‮ɯopıɟıǝp‬ ‮ʇo‬ ‮pI∀˥‬ ‮ɹǝbnǝsʇ‬","emMmiErrorStkCcSsUssd":"‮SS‬ ‮ɹǝbnǝsʇ‬ ‮ıs‬ ‮ɯopıɟıǝp‬ ‮ʇo‬ ‮∩SSp‬ ‮ɹǝbnǝsʇ‬","emMmiErrorStkCcSsSs":"‮SS‬ ‮ɹǝbnǝsʇ‬ ‮ıs‬ ‮ɯopıɟıǝp‬ ‮ʇo‬ ‮uǝʍ‬ ‮SS‬ ‮ɹǝbnǝsʇ‬","emMmiErrorPinPukAttempts":{"_":{"one":"‮Ouʅʎ‬ {{ n }} ‮ɹǝʇɹʎ‬ ‮ʅǝɟʇ‬","two":"{{ n }} ‮ɹǝʇɹıǝs‬ ‮ʅǝɟʇ‬","few":"{{ n }} ‮ɹǝʇɹıǝs‬ ‮ʅǝɟʇ‬","many":"{{ n }} ‮ɹǝʇɹıǝs‬ ‮ʅǝɟʇ‬","other":"{{ n }} ‮ɹǝʇɹıǝs‬ ‮ʅǝɟʇ‬"}},"emMmiErrorSimBlocked":"‮Wɐxıɯnɯ‬ ‮unɯqǝɹ‬ ‮oɟ‬ ‮ɹǝʇɹıǝs‬ ‮ǝxɔǝǝpǝp‬. ‮SIW‬ ‮qʅoɔʞǝp‬","RadioNotAvailable":"‮ᴚɐpıo‬ ‮uoʇ‬ ‮ɐʌɐıʅɐqʅǝ‬","GenericFailure":"‮פǝuǝɹıɔ‬ ‮ɟɐıʅnɹǝ‬","PasswordIncorrect":"‮Ԁɐssʍoɹp‬ ‮ıuɔoɹɹǝɔʇ‬","SimPin2":"‮SIW‬ ‮ԀIN‬2","SimPuk2":"‮SIW‬ ‮Ԁ∩Ӽ‬2","RequestNotSupported":"‮ᴚǝbnǝsʇ‬ ‮uoʇ‬ ‮snddoɹʇǝp‬","OpNotAllowedDuringVoiceCall":"‮Odǝɹɐʇıou‬ ‮uoʇ‬ ‮ɐʅʅoʍǝp‬ ‮pnɹıuƃ‬ ‮ʌoıɔǝ‬ ‮ɔɐʅʅ‬","SmsSendFailRetry":"‮SWS‬ ‮sǝup‬ ‮ɟɐıʅ‬ ‮ɹǝʇɹʎ‬","SimAbsent":"‮SIW‬ ‮ɐqsǝuʇ‬","SubscriptionNotAvailable":"‮Snqsɔɹıdʇıou‬ ‮uoʇ‬ ‮ɐʌɐıʅɐqʅǝ‬","ModeNotSupported":"‮Wopǝ‬ ‮uoʇ‬ ‮snddoɹʇǝp‬","FdnCheckFailure":"‮ɟpu‬ ‮ɔɥǝɔʞ‬ ‮ɟɐıʅnɹǝ‬","IllegalSimOrMe":"‮Iʅʅǝƃɐʅ‬ ‮SIW‬ ‮oɹ‬ ‮WƎ‬","DialModifiedToUssd":"‮pıɐʅ‬ ‮ɯopıɟıǝp‬ ‮ʇo‬ ‮∩SSp‬","DialModifiedToSs":"‮pıɐʅ‬ ‮ɯopıɟıǝp‬ ‮ʇo‬ ‮SS‬","DialModifiedToDial":"‮pıɐʅ‬ ‮ɯopıɟıǝp‬ ‮ʇo‬ ‮pıɐʅ‬","UssdModifiedToDial":"‮∩SSp‬ ‮ɯopıɟıǝp‬ ‮ʇo‬ ‮pıɐʅ‬","UssdModifiedToSs":"‮∩SSp‬ ‮ɯopıɟıǝp‬ ‮ʇo‬ ‮SS‬","UssdModifiedToUssd":"‮∩SSp‬ ‮ɯopıɟıǝp‬ ‮ʇo‬ ‮∩SSp‬","SsModifiedToDial":"‮SS‬ ‮ɯopıɟıǝp‬ ‮ʇo‬ ‮pıɐʅ‬","SsModifiedToUssd":"‮SS‬ ‮ɯopıɟıǝp‬ ‮ʇo‬ ‮∩SSp‬","SsModifiedToSs":"‮SS‬ ‮ɯopıɟıǝp‬ ‮ʇo‬ ‮SS‬","SubscriptionNotSupported":"‮Snqsɔɹıdʇıou‬ ‮uoʇ‬ ‮snddoɹʇǝp‬","InvalidParameter":"‮Iuʌɐʅıp‬ ‮dɐɹɐɯǝʇǝɹ‬","RejectedByRemote":"‮ᴚǝɾǝɔʇǝp‬ ‮qʎ‬ ‮ɹǝɯoʇǝ‬","conference":{"_":{"one":"‮Ↄouɟǝɹǝuɔǝ‬ ({{ n }})","two":"‮Ↄouɟǝɹǝuɔǝ‬ ({{ n }})","few":"‮Ↄouɟǝɹǝuɔǝ‬ ({{ n }})","many":"‮Ↄouɟǝɹǝuɔǝ‬ ({{ n }})","other":"‮Ↄouɟǝɹǝuɔǝ‬ ({{ n }})"}},"caller-left-call":"{{ caller }} ‮ɥɐs‬ ‮ʅǝɟʇ‬ ‮ʇɥǝ‬ ‮ɔɐʅʅ‬.","conferenceAddError":"‮∩uɐqʅǝ‬ ‮ʇo‬ ‮ɯǝɹƃǝ‬ ‮ɔɐʅʅs‬","conferenceRemoveError":"‮∩uɐqʅǝ‬ ‮ʇo‬ ‮nuɯǝɹƃǝ‬ ‮ɔɐʅʅs‬","longDateFormat":"%A, %B %e","select-audio-sources":"‮Sǝʅǝɔʇ‬ ‮ɐnpıo‬ ‮sonɹɔǝs‬","bluetooth-handsfree-device":"‮Ԑʅnǝʇooʇɥ‬ ‮ɥɐupsɟɹǝǝ‬ ‮pǝʌıɔǝ‬","receiver":"‮ᴚǝɔǝıʌǝɹ‬","speaker":"‮Sdǝɐʞǝɹ‬"}