{"number-selected2":{"_index":["plural","n"],"_":{"zero":"Sélectionner","one":"{{ n }} sélectionné","two":"{{ n }} sélectionnés","few":"{{ n }} sélectionnés","many":"{{ n }} sélectionnés","other":"{{ n }} sélectionnés"}},"delete-n-items?":{"_index":["plural","n"],"_":{"zero":"Aucun élément sélectionné","one":"Supprimer l’élément sélectionné ?","two":"Supprimer {{ n }} éléments ?","few":"Supprimer {{ n }} éléments ?","many":"Supprimer {{ n }} éléments ?","other":"Supprimer {{ n }} éléments ?"}},"share-noprovider":"Essayez de partager une vidéo à la fois.","videos":"Vidéos","empty-title":"Vous pouvez dès à présent commencer à ajouter des vidéos","empty-text":"Chargez des vidéos sur la carte mémoire.","nocard2-title":"Aucune carte mémoire","nocard3-text":"Pour visionner des vidéos, insérez une carte mémoire.","pluggedin-title":"L’application Vidéo ne peut pas être utilisée tant que le téléphone est branché","pluggedin-text":"Pour visionner des vidéos, débranchez le téléphone.","upgrade-title":"Mise à jour base de données","upgrade-text":"Veuillez patienter pendant que Vidéo met à jour sa base de données.","confirm-delete":"Voulez-vous vraiment supprimer :","delete-video":{"label":"Supprimer la vidéo ?"},"pick-title":"Sélectionner une vidéo","save":"Enregistrer","saved":"{{title}} enregistré dans Vidéo","error-network":"Une erreur réseau a empêché le téléchargement de la vidéo.","error-unsupported":"Impossible de lire la vidéo : soit à cause d’un échec du serveur ou du réseau, soit à cause du format qui n’est pas pris en charge.","error-unknown":"Une erreur vidéo inconnue s’est produite.","overlay-cancel-button":"Annuler","overlay-camera-button":"Lancer l’application Photo","name-label":"Nom","length-label":"Durée","size-label":"Taille","video-type-label":"Format de la vidéo","date-taken-label":"Date de création","resolution-label":"Définition","close-button":"Fermer","byteUnit-B":"octets","byteUnit-KB":"Ko","byteUnit-MB":"Mo","byteUnit-GB":"Go","byteUnit-TB":"To","byteUnit-PB":"Po","byteUnit-EB":"Eo","byteUnit-ZB":"Zo","byteUnit-YB":"Yo","date-group-header":"%B %Y","share":"Share","more-info":"More info","delete":"Delete","weekday-0-long":"Dimanche","weekday-1-long":"Lundi","weekday-2-long":"Mardi","weekday-3-long":"Mercredi","weekday-4-long":"Jeudi","weekday-5-long":"Vendredi","weekday-6-long":"Samedi","weekday-0-short":"dim","weekday-1-short":"lun","weekday-2-short":"mar","weekday-3-short":"mer","weekday-4-short":"jeu","weekday-5-short":"ven","weekday-6-short":"sam","month-0-long":"Janvier","month-1-long":"Février","month-2-long":"Mars","month-3-long":"Avril","month-4-long":"Mai","month-5-long":"Juin","month-6-long":"Juillet","month-7-long":"Août","month-8-long":"Septembre","month-9-long":"Octobre","month-10-long":"Novembre","month-11-long":"Décembre","month-0-genitive":"janvier","month-1-genitive":"février","month-2-genitive":"mars","month-3-genitive":"avril","month-4-genitive":"mai","month-5-genitive":"juin","month-6-genitive":"juillet","month-7-genitive":"août","month-8-genitive":"septembre","month-9-genitive":"octobre","month-10-genitive":"novembre","month-11-genitive":"décembre","month-0-short":"jan.","month-1-short":"fév.","month-2-short":"mars","month-3-short":"avr.","month-4-short":"mai","month-5-short":"juin","month-6-short":"juil.","month-7-short":"août","month-8-short":"sep.","month-9-short":"oct.","month-10-short":"nov.","month-11-short":"déc.","minutes-ago-long":{"_index":["plural","value"],"_":{"zero":"à l’instant","one":"il y a {{value}} minute","two":"il y a {{value}} minutes","few":"il y a {{value}} minutes","many":"il y a {{value}} minutes","other":"il y a {{value}} minutes"}},"hours-ago-long":{"_index":["plural","value"],"_":{"zero":"à l’instant","one":"il y a {{value}} heure","two":"il y a {{value}} heures","few":"il y a {{value}} heures","many":"il y a {{value}} heures","other":"il y a {{value}} heures"}},"days-ago-long":{"_index":["plural","value"],"_":{"zero":"aujourd’hui","one":"hier","two":"il y a {{value}} jours","few":"il y a {{value}} jours","many":"il y a {{value}} jours","other":"il y a {{value}} jours"}},"weeks-ago-long":{"_index":["plural","value"],"_":{"zero":"cette semaine","one":"la semaine dernière","two":"il y a {{value}} semaines","few":"il y a {{value}} semaines","many":"il y a {{value}} semaines","other":"il y a {{value}} semaines"}},"months-ago-long":{"_index":["plural","value"],"_":{"zero":"ce mois-ci","one":"le mois dernier","two":"il y a {{value}} mois","few":"il y a {{value}} mois","many":"il y a {{value}} mois","other":"il y a {{value}} mois"}},"years-ago-long":{"_index":["plural","value"],"_":{"zero":"cette année","one":"l’année dernière","two":"il y a {{value}} ans","few":"il y a {{value}} ans","many":"il y a {{value}} ans","other":"il y a {{value}} ans"}},"minutes-until-long":{"_index":["plural","value"],"_":{"zero":"maintenant","one":"dans {{value}} minute","two":"dans {{value}} minutes","few":"dans {{value}} minutes","many":"dans {{value}} minutes","other":"dans {{value}} minutes"}},"hours-until-long":{"_index":["plural","value"],"_":{"zero":"maintenant","one":"dans {{value}} heure","two":"dans {{value}} heures","few":"dans {{value}} heures","many":"dans {{value}} heures","other":"dans {{value}} heures"}},"days-until-long":{"_index":["plural","value"],"_":{"zero":"aujourd’hui","one":"demain","two":"dans {{value}} jours","few":"dans {{value}} jours","many":"dans {{value}} jours","other":"dans {{value}} jours"}},"weeks-until-long":{"_index":["plural","value"],"_":{"zero":"cette semaine","one":"la semaine prochaine","two":"dans {{value}} semaines","few":"dans {{value}} semaines","many":"dans {{value}} semaines","other":"dans {{value}} semaines"}},"months-until-long":{"_index":["plural","value"],"_":{"zero":"ce mois-ci","one":"le mois prochain","two":"dans {{value}} mois","few":"dans {{value}} mois","many":"dans {{value}} mois","other":"dans {{value}} mois"}},"years-until-long":{"_index":["plural","value"],"_":{"zero":"cette année","one":"l’année prochaine","two":"dans {{value}} ans","few":"dans {{value}} ans","many":"dans {{value}} ans","other":"dans {{value}} ans"}},"minutes-ago-short":{"_index":["plural","value"],"_":{"zero":"à l’instant","other":"il y a {{value}} min"}},"hours-ago-short":{"_index":["plural","value"],"_":{"zero":"à l’instant","other":"il y a {{value}}h"}},"days-ago-short":{"_index":["plural","value"],"_":{"zero":"aujourd’hui","other":"il y a {{value}}j"}},"minutes-until-short":{"_index":["plural","value"],"_":{"zero":"maintenant","other":"dans {{value}}m"}},"hours-until-short":{"_index":["plural","value"],"_":{"zero":"maintenant","other":"dans {{value}}h"}},"days-until-short":{"_index":["plural","value"],"_":{"zero":"aujourd’hui","other":"dans {{value}}j"}},"incorrectDate":"(date incorrecte)","dateTimeFormat_%c":"%a %e %b %Y %H:%M:%S","dateTimeFormat_%x":"%d/%m/%Y","dateTimeFormat_%X":"%H:%M:%S","shortTimeFormat":"%H:%M","shortDateTimeFormat":"%x %H:%M","weekStartsOnMonday":"1","time_am":"AM","time_pm":"PM"}