{"wrapper-search-name":"{{topic}} على {{name}}","contextmenu-add-wallpaper":"تغيير صورة الخلفية","contextmenu-add-smart-collections":"إضافة مجموعات ذكية","delete-title":"حذف {{name}}","delete-body":"سيتم حذف {{name}} وجميع المعلومات الخاصة به.","delete":"حذف","cancel":"إلغاء","remove-title-2":"حذف {{name}}","remove-body":"حذف {{name}} من الشاشة الرئيسية؟","remove":"إزالة","longDateFormat":"%A, %B %e","download":"تنزيل","restart-download-title":"إعادة تشغيل التنزيل","restart-download-body":"هل تريد تنزيل {{name}}؟","loadingEvme2":"جارِ التحميل...","evme-searchbar-default":{"_":"كل شيء....","placeholder":"أنا أبحث عن …"},"evme-searchbar-default2":{"_":"أنا أبحث عن…","placeholder":"أنا أبحث عن…"},"evme-searchbar-clear":"العودة","evme-searchbar-title":"كل شيء","evme-helper-default":"أدخل أي موضوع أو اي جمل للبحث","evme-helper-default2":"أدخل أي موضوع أو كلمة","evme-helper-dismiss":"صرف","evme-helper-no-refine":"لم يتم العثور على خيارات","evme-helper-history-title":"تأريخ:","evme-helper-history-link":"تأريخ","evme-helper-history-clear":"امسح التأريخ","evme-helper-didyoumean-title":"هل تقصد:","evme-helper-refine-title":"هل تقصد:","evme-helper-title-prefix":"كل شيء","evme-helper-title-empty":"كل شيء","evme-apps-market-download":"نزّل","evme-apps-market-more-apps":"المزيد من التطبيقات","evme-apps-loading-app":"جارِ التحميل...","evme-appsmore-loading":"جارِ التحميل...","evme-alert-app-install-confirm":"أضِف {{name}} على الشاشة الرئيسية؟","evme-alert-app-install-exists":"{{name}} تم إضافته مسبقا على الشاشة الرئيسية","evme-alert-offline-smart-collections-more":"اتصل بالانترنت لاضافة اختصارات اكثر","evme-alert-save-wallpaper":"تعيين كخلفية","evme-alert-no-more-smart-collections":"لا يوجد مجموعات ذكية لإضافتها","evme-banner-app-install-success":"{{name}} تم إضافته على الشاشة الرئيسية","evme-banner-save-wallpaper":"تم تعيين الخلفية بنجاح","evme-shortcuts-more":"المزيد","evme-collectionssuggest-loading":"جارِ التحميل...","evme-collectionssuggest-loading-cancel":"ألغِ","evme-collectionssuggest-prompt-create-custom":"إنشاء مجموعتك الذكية","evme-backgroundimage-source-label":"المصدر:","evme-collection-title-prefix":"كل شيء","evme-collection-title-suffix":"هاتف","evme-collection-loading-more":"جارِ التحميل...","evme-connectionmessage-apps":"اتصل بالانترنت لايجاد تطبيقات لـ {{query}}","evme-connectionmessage-apps-has-installed":"اتصل بالانترنت لايجاد تطبيقات اكثر لـ {{query}}","evme-tips-app-explain":{"innerHTML":"جِد الاشياء التي تحبها من خلال التطبيقات المميزة."},"evme-tips-searchbar-focus":{"innerHTML":"مثال: ابحث عن مطربك المُفضل أو فرقتك المُفضلة..."},"evme-tips-exact-results":{"innerHTML":"يوجد تطبيق لـ <b>{{query}}</b>,<br /><br /> انقر فوق أي رمز لفتحه."},"evme-shortcut-custom":"مخصّص…","evme-shortcut-id-astrology":"فَلَك","evme-shortcut-id-autos":"سيارات","evme-shortcut-id-beauty":"جمال","evme-shortcut-id-books":"كتب","evme-shortcut-id-celebs":"مشاهير","evme-shortcut-id-daily-deals":"عروض يومية","evme-shortcut-id-dating":"مواعدة","evme-shortcut-id-electronics":"إلكترونيات","evme-shortcut-id-email":"بريد الكتروني","evme-shortcut-id-entertainment":"ترفيه","evme-shortcut-id-environment":"بيئة","evme-shortcut-id-fashion":"أزياء","evme-shortcut-id-funny":"مَرَح","evme-shortcut-id-games":"ألعاب","evme-shortcut-id-government":"حكومة","evme-shortcut-id-health":"صِّحة","evme-shortcut-id-jobs":"وظائف","evme-shortcut-id-local":"محلِّي","evme-shortcut-id-maps":"خرائط","evme-shortcut-id-movies":"أفلام","evme-shortcut-id-music":"موسيقى","evme-shortcut-id-new-apps":"تطبيقات جديدة","evme-shortcut-id-news":"أخبار","evme-shortcut-id-photography":"التصوير الفوتوغرافي","evme-shortcut-id-recipes":"وصفات","evme-shortcut-id-restaurants":"مطاعم","evme-shortcut-id-shopping":"تسوق","evme-shortcut-id-social":"اجتماعي","evme-shortcut-id-sports":"رياضة","evme-shortcut-id-tech-news":"اخبار تقنية","evme-shortcut-id-top-apps":"أفضل التطبيقات","evme-shortcut-id-travel":"سفر","evme-shortcut-id-tv":"تلفزيون","evme-shortcut-id-video":"فيديو","evme-shortcut-id-utilities":"أدوات","evme-shortcut-id-weather":"طقس","evme-add-to-top-of-collection":"إضافة إلى أعلى المجموعة","evme-save-to-homescreen":"إضافة الى الشاشة الرئيسية","edit-dialog-header":"حرّر","edit-dialog-name":"اسم الموقع","edit-dialog-url":"العنوان","edit-dialog-cancel":"ألغِ","edit-dialog-done":"تم","Showbiz":"الترفيه","Social":"اجتماعي","Games":"الألعاب","Music":"موسيقى"}