{"wrapper-search-name":"{{topic}} sur {{name}}","contextmenu-add-wallpaper":"Changer le fond d’écran","contextmenu-add-smart-collections":"Ajouter des collections virtuelles","delete-title":"Supprimer {{name}}","delete-body":"{{name}} et toutes ses données seront supprimés.","delete":"Supprimer","cancel":"Annuler","remove-title-2":"Retirer {{name}}","remove-body":"Retirer {{name}} de l’écran d’accueil ?","remove":"Retirer","longDateFormat":"%A %e %Eb","download":"Télécharger","restart-download-title":"Redémarrer le téléchargement","restart-download-body":"Voulez-vous télécharger {{name}} ?","loadingEvme2":"Chargement…","evme-searchbar-default":{"_":"Everything…","placeholder":"Je pense à…"},"evme-searchbar-default2":{"_":"Je pense à…","placeholder":"Je pense à…"},"evme-searchbar-clear":"Retour","evme-searchbar-title":"Everything","evme-helper-default":"Saisir un sujet ou une recherche","evme-helper-default2":"Saisir un sujet ou un mot-clé","evme-helper-dismiss":"Désactiver","evme-helper-no-refine":"Aucune option trouvée","evme-helper-history-title":"Historique :","evme-helper-history-link":"Historique","evme-helper-history-clear":"Effacer l’historique","evme-helper-didyoumean-title":"Vouliez-vous dire :","evme-helper-refine-title":"Vouliez-vous dire :","evme-helper-title-prefix":"Everything","evme-helper-title-empty":"Everything","evme-apps-market-download":"Télécharger","evme-apps-market-more-apps":"Plus d’applications","evme-apps-loading-app":"Chargement…","evme-appsmore-loading":"Chargement…","evme-alert-app-install-confirm":"Ajouter {{name}} à l’écran d’accueil ?","evme-alert-app-install-exists":"{{name}} a déjà été ajouté à l’écran d’accueil","evme-alert-offline-smart-collections-more":"Veuillez vous connecter à Internet afin d’ajouter plus de collections virtuelles","evme-alert-save-wallpaper":"Définir comme fond d’écran ?","evme-alert-no-more-smart-collections":"Aucune collection virtuelle à ajouter","evme-banner-app-install-success":"{{name}} ajouté à l’écran d’accueil","evme-banner-save-wallpaper":"Fond d’écran correctement défini","evme-shortcuts-more":"Plus","evme-collectionssuggest-loading":"Chargement…","evme-collectionssuggest-loading-cancel":"Annuler","evme-collectionssuggest-prompt-create-custom":"Créer votre propre collection virtuelle","evme-backgroundimage-source-label":"Source :","evme-collection-title-prefix":"Everything","evme-collection-title-suffix":"téléphone","evme-collection-loading-more":"Chargement…","evme-connectionmessage-apps":"Veuillez vous connecter à Internet afin d’obtenir des applications pour {{query}}","evme-connectionmessage-apps-has-installed":"Veuillez vous connecter à Internet afin d’obtenir encore plus d’applications pour {{query}}","evme-tips-app-explain":{"innerHTML":"Trouvez exactement ce que vous aimez avec les applications les plus sympas."},"evme-tips-searchbar-focus":{"innerHTML":"Par exemple, recherchez votre chanteur ou groupe préféré…"},"evme-tips-exact-results":{"innerHTML":"Voici les applications pour <b>{{query}}</b>.<br /><br />Pour les ouvrir, appuyez sur leur icône."},"evme-shortcut-custom":"Personnalisée…","evme-shortcut-id-astrology":"Astrologie","evme-shortcut-id-autos":"Voitures","evme-shortcut-id-beauty":"Beauté","evme-shortcut-id-books":"Livres","evme-shortcut-id-celebs":"Célébrités","evme-shortcut-id-daily-deals":"Bons plans","evme-shortcut-id-dating":"Rencontres","evme-shortcut-id-electronics":"Électronique","evme-shortcut-id-email":"Courriel","evme-shortcut-id-entertainment":"Divertissement","evme-shortcut-id-environment":"Environnement","evme-shortcut-id-fashion":"Mode","evme-shortcut-id-funny":"Humour","evme-shortcut-id-games":"Jeux","evme-shortcut-id-government":"Politique","evme-shortcut-id-health":"Santé","evme-shortcut-id-jobs":"Emplois","evme-shortcut-id-local":"Local","evme-shortcut-id-maps":"Cartes","evme-shortcut-id-movies":"Films","evme-shortcut-id-music":"Musique","evme-shortcut-id-new-apps":"Nouveautés","evme-shortcut-id-news":"Actualités","evme-shortcut-id-photography":"Photographie","evme-shortcut-id-recipes":"Recettes","evme-shortcut-id-restaurants":"Restaurants","evme-shortcut-id-shopping":"Achats","evme-shortcut-id-social":"Social","evme-shortcut-id-sports":"Sport","evme-shortcut-id-tech-news":"Actu. technologique","evme-shortcut-id-top-apps":"Meilleures applications","evme-shortcut-id-travel":"Voyages","evme-shortcut-id-tv":"TV","evme-shortcut-id-video":"Vidéos","evme-shortcut-id-utilities":"Utilitaires","evme-shortcut-id-weather":"Météo","evme-add-to-top-of-collection":"Ajouter au début de la collection","evme-save-to-homescreen":"Enregistrer sur l’écran d’accueil","edit-dialog-header":"Modifier","edit-dialog-name":"Nom du site","edit-dialog-url":"Adresse","edit-dialog-cancel":"Annuler","edit-dialog-done":"Fini","Showbiz":"Divertissement","Social":"Social","Games":"Jeux","Music":"Musique"}