{"wrapper-search-name":"{{topic}} ‮ou‬ {{name}}","contextmenu-add-wallpaper":"‮Ↄɥɐuƃǝ‬ ‮Ｍɐʅʅdɐdǝɹ‬","contextmenu-add-smart-collections":"‮∀pp‬ ‮Sɯɐɹʇ‬ ‮Ↄoʅʅǝɔʇıous‬","delete-title":"‮pǝʅǝʇǝ‬ {{name}}","delete-body":"{{name}} ‮ɐup‬ ‮ɐʅʅ‬ ‮oɟ‬ ‮ıʇs‬ ‮pɐʇɐ‬ ‮ʍıʅʅ‬ ‮qǝ‬ ‮pǝʅǝʇǝp‬.","delete":"‮pǝʅǝʇǝ‬","cancel":"‮Ↄɐuɔǝʅ‬","remove-title-2":"‮ᴚǝɯoʌǝ‬ {{name}}","remove-body":"‮ᴚǝɯoʌǝ‬ {{name}} ‮ɟɹoɯ‬ ‮ʇɥǝ‬ ‮ɥoɯǝsɔɹǝǝu‬?","remove":"‮ᴚǝɯoʌǝ‬","longDateFormat":"%A, %B %e","download":"‮poʍuʅoɐp‬","restart-download-title":"‮ᴚǝsʇɐɹʇ‬ ‮poʍuʅoɐp‬","restart-download-body":"‮po‬ ‮ʎon‬ ‮ʍɐuʇ‬ ‮ʇo‬ ‮poʍuʅoɐp‬ {{name}}?","loadingEvme2":"‮˥oɐpıuƃ‬…","evme-searchbar-default":{"_":"‮Ǝʌǝɹʎʇɥıuƃ‬…","placeholder":"‮I‬’‮ɯ‬ ‮ʇɥıuʞıuƃ‬ ‮oɟ‬…"},"evme-searchbar-default2":{"_":"‮I‬’‮ɯ‬ ‮ʇɥıuʞıuƃ‬ ‮oɟ‬…","placeholder":"‮I‬’‮ɯ‬ ‮ʇɥıuʞıuƃ‬ ‮oɟ‬…"},"evme-searchbar-clear":"‮Ԑɐɔʞ‬","evme-searchbar-title":"‮Ǝʌǝɹʎʇɥıuƃ‬","evme-helper-default":"‮Ǝuʇǝɹ‬ ‮ɐuʎ‬ ‮ʇodıɔ‬ ‮oɹ‬ ‮sǝɐɹɔɥ‬ ‮bnǝɹʎ‬","evme-helper-default2":"‮Ǝuʇǝɹ‬ ‮ɐuʎ‬ ‮ʇodıɔ‬ ‮oɹ‬ ‮ʞǝʎʍoɹp‬","evme-helper-dismiss":"‮pısɯıss‬","evme-helper-no-refine":"‮No‬ ‮odʇıous‬ ‮ɟonup‬","evme-helper-history-title":"‮Hısʇoɹʎ‬:","evme-helper-history-link":"‮Hısʇoɹʎ‬","evme-helper-history-clear":"‮Ↄʅǝɐɹ‬ ‮ɥısʇoɹʎ‬","evme-helper-didyoumean-title":"‮pıp‬ ‮ʎon‬ ‮ɯǝɐu‬:","evme-helper-refine-title":"‮pıp‬ ‮ʎon‬ ‮ɯǝɐu‬:","evme-helper-title-prefix":"‮Ǝʌǝɹʎʇɥıuƃ‬","evme-helper-title-empty":"‮Ǝʌǝɹʎʇɥıuƃ‬","evme-apps-market-download":"‮poʍuʅoɐp‬","evme-apps-market-more-apps":"‮Woɹǝ‬ ‮∀dds‬","evme-apps-loading-app":"‮˥oɐpıuƃ‬…","evme-appsmore-loading":"‮˥oɐpıuƃ‬…","evme-alert-app-install-confirm":"‮∀pp‬ {{name}} ‮ʇo‬ ‮Hoɯǝ‬ ‮Sɔɹǝǝu‬?","evme-alert-app-install-exists":"{{name}} ‮ʍɐs‬ ‮ɐʅɹǝɐpʎ‬ ‮ɐppǝp‬ ‮ʇo‬ ‮Hoɯǝ‬ ‮Sɔɹǝǝu‬","evme-alert-offline-smart-collections-more":"‮Ↄouuǝɔʇ‬ ‮ʇo‬ ‮ʇɥǝ‬ ‮ıuʇǝɹuǝʇ‬ ‮ʇo‬ ‮ɐpp‬ ‮ɯoɹǝ‬ ‮Sɯɐɹʇ‬ ‮Ↄoʅʅǝɔʇıous‬","evme-alert-save-wallpaper":"‮Sǝʇ‬ ‮ɐs‬ ‮ʍɐʅʅdɐdǝɹ‬?","evme-alert-no-more-smart-collections":"‮No‬ ‮Sɯɐɹʇ‬ ‮Ↄoʅʅǝɔʇıous‬ ‮ʇo‬ ‮ɐpp‬","evme-banner-app-install-success":"{{name}} ‮ɐppǝp‬ ‮ʇo‬ ‮Hoɯǝ‬ ‮Sɔɹǝǝu‬","evme-banner-save-wallpaper":"‮Ｍɐʅʅdɐdǝɹ‬ ‮sǝʇ‬ ‮snɔɔǝssɟnʅʅʎ‬","evme-shortcuts-more":"‮Woɹǝ‬","evme-collectionssuggest-loading":"‮˥oɐpıuƃ‬…","evme-collectionssuggest-loading-cancel":"‮Ↄɐuɔǝʅ‬","evme-collectionssuggest-prompt-create-custom":"‮Ↄɹǝɐʇǝ‬ ‮ʎonɹ‬ ‮oʍu‬ ‮Sɯɐɹʇ‬ ‮Ↄoʅʅǝɔʇıou‬","evme-backgroundimage-source-label":"‮Sonɹɔǝ‬:","evme-collection-title-prefix":"‮Ǝʌǝɹʎʇɥıuƃ‬","evme-collection-title-suffix":"‮Ԁɥouǝ‬","evme-collection-loading-more":"‮˥oɐpıuƃ‬…","evme-connectionmessage-apps":"‮Ↄouuǝɔʇ‬ ‮ʇo‬ ‮ʇɥǝ‬ ‮ıuʇǝɹuǝʇ‬ ‮ʇo‬ ‮ƃǝʇ‬ ‮ɐdds‬ ‮ɟoɹ‬ {{query}}","evme-connectionmessage-apps-has-installed":"‮Ↄouuǝɔʇ‬ ‮ʇo‬ ‮ʇɥǝ‬ ‮ıuʇǝɹuǝʇ‬ ‮ʇo‬ ‮ƃǝʇ‬ ‮ǝʌǝu‬ ‮ɯoɹǝ‬ ‮ɐdds‬ ‮ɟoɹ‬ {{query}}","evme-tips-app-explain":{"innerHTML":"‮ɟıup‬ ‮ʇɥǝ‬ ‮ʇɥıuƃs‬ ‮ʎon‬ ‮ʅoʌǝ‬ ‮ʍıʇɥ‬ ‮ʇɥǝ‬ ‮ɔooʅǝsʇ‬ ‮ɐdds‬."},"evme-tips-searchbar-focus":{"innerHTML":"‮ɟoɹ‬ ‮ǝxɐɯdʅǝ‬, ‮ɟıup‬ ‮ʎonɹ‬ ‮ɟɐʌoɹıʇǝ‬ ‮sıuƃǝɹ‬ ‮oɹ‬ ‮qɐup‬…"},"evme-tips-exact-results":{"innerHTML":"‮⊥ɥǝsǝ‬ ‮ɐɹǝ‬ ‮ʇɥǝ‬ ‮ɐdds‬ ‮ɟoɹ‬ <‮q‬>{{query}}</‮q‬>,<‮qɹ‬ /><‮qɹ‬ /> ‮ʇɐd‬ ‮ɐuʎ‬ ‮ıɔou‬ ‮ʇo‬ ‮odǝu‬ ‮ıʇ‬."},"evme-shortcut-custom":"‮Ↄnsʇoɯ‬…","evme-shortcut-id-astrology":"‮∀sʇɹoʅoƃʎ‬","evme-shortcut-id-autos":"‮∀nʇos‬","evme-shortcut-id-beauty":"‮Ԑǝɐnʇʎ‬","evme-shortcut-id-books":"‮Ԑooʞs‬","evme-shortcut-id-celebs":"‮Ↄǝʅǝqs‬","evme-shortcut-id-daily-deals":"‮pɐıʅʎ‬ ‮pǝɐʅs‬","evme-shortcut-id-dating":"‮pɐʇıuƃ‬","evme-shortcut-id-electronics":"‮Ǝʅǝɔʇɹouıɔs‬","evme-shortcut-id-email":"‮Ǝɯɐıʅ‬","evme-shortcut-id-entertainment":"‮Ǝuʇǝɹʇɐıuɯǝuʇ‬","evme-shortcut-id-environment":"‮Ǝuʌıɹouɯǝuʇ‬","evme-shortcut-id-fashion":"‮ɟɐsɥıou‬","evme-shortcut-id-funny":"‮ɟnuuʎ‬","evme-shortcut-id-games":"‮פɐɯǝs‬","evme-shortcut-id-government":"‮פoʌǝɹuɯǝuʇ‬","evme-shortcut-id-health":"‮Hǝɐʅʇɥ‬","evme-shortcut-id-jobs":"‮ſoqs‬","evme-shortcut-id-local":"‮˥oɔɐʅ‬","evme-shortcut-id-maps":"‮Wɐds‬","evme-shortcut-id-movies":"‮Woʌıǝs‬","evme-shortcut-id-music":"‮Wnsıɔ‬","evme-shortcut-id-new-apps":"‮Nǝʍ‬ ‮∀dds‬","evme-shortcut-id-news":"‮Nǝʍs‬","evme-shortcut-id-photography":"‮Ԁɥoʇoƃɹɐdɥʎ‬","evme-shortcut-id-recipes":"‮ᴚǝɔıdǝs‬","evme-shortcut-id-restaurants":"‮ᴚǝsʇɐnɹɐuʇs‬","evme-shortcut-id-shopping":"‮Sɥoddıuƃ‬","evme-shortcut-id-social":"‮Soɔıɐʅ‬","evme-shortcut-id-sports":"‮Sdoɹʇs‬","evme-shortcut-id-tech-news":"‮⊥ǝɔɥ‬ ‮Nǝʍs‬","evme-shortcut-id-top-apps":"‮⊥od‬ ‮∀dds‬","evme-shortcut-id-travel":"‮⊥ɹɐʌǝʅ‬","evme-shortcut-id-tv":"‮⊥Ʌ‬","evme-shortcut-id-video":"‮Ʌıpǝo‬","evme-shortcut-id-utilities":"‮∩ʇıʅıʇıǝs‬","evme-shortcut-id-weather":"‮Ｍǝɐʇɥǝɹ‬","evme-add-to-top-of-collection":"‮∀pp‬ ‮ʇo‬ ‮ʇod‬ ‮oɟ‬ ‮ɔoʅʅǝɔʇıou‬","evme-save-to-homescreen":"‮Sɐʌǝ‬ ‮ʇo‬ ‮Hoɯǝsɔɹǝǝu‬","edit-dialog-header":"‮Ǝpıʇ‬","edit-dialog-name":"‮Ｍǝqsıʇǝ‬ ‮uɐɯǝ‬","edit-dialog-url":"‮∀ppɹǝss‬","edit-dialog-cancel":"‮Ↄɐuɔǝʅ‬","edit-dialog-done":"‮pouǝ‬","Showbiz":"‮Sɥoʍqız‬","Social":"‮Soɔıɐʅ‬","Games":"‮פɐɯǝs‬","Music":"‮Wnsıɔ‬"}