{"ok":"確定","back":"上一頁","help":"說明","cancel":"取消","close":"關閉","skip":"略過","undo":{"ariaLabel":"Undo"},"airplaneMode":"飛航模式","searching":"搜尋中…","noNetwork":"無網路","roaming":"{{operator}}（漫遊中）","operator-info":"{{carrier}} {{region}}","emergencyCallsOnly":"僅可撥打緊急電話","emergencyCallsOnly-unknownSIMState":"(SIM 卡狀態未知)","emergencyCallsOnly-noSIM":"(無 SIM 卡)","emergencyCallsOnly-pinRequired":"(需要輸入 SIM PIN)","emergencyCallsOnly-pukRequired":"(需要輸入 SIM PUK)","emergencyCallsOnly-networkLocked":"(網路已鎖定)","emergencyCallsOnly-serviceProviderLocked":"(電信業者已鎖定)","emergencyCallsOnly-corporateLocked":"(公司已鎖定)","emergencyCallsOnly-network1Locked":"(network1 locked)","emergencyCallsOnly-network2Locked":"(network2 locked)","emergencyCallsOnly-hrpdNetworkLocked":"(hrpd network locked)","emergencyCallsOnly-ruimCorporateLocked":"(ruim corporate locked)","emergencyCallsOnly-ruimServiceProviderLocked":"(ruim service provider locked)","enterPIN":"輸入 PIN","mediaPlaybackTitle":{"ariaLabel":"Title"},"mediaPlaybackArtist":{"ariaLabel":"Artist"},"mediaPlaybackControls":{"ariaLabel":"Playback controls"},"mediaPlaybackPrevious":{"ariaLabel":"Previous"},"mediaPlaybackPlay":"Play","mediaPlaybackPause":"Pause","mediaPlaybackNext":{"ariaLabel":"Next"},"wifiButton-on":"Wi-Fi on","wifiButton-on-initializing":"Wi-Fi on, initializing","wifiButton-off":"Wi-Fi off","dataButton-on":"Data {{type}} on","dataButton-off":"Data {{type}} off","bluetoothButton-on":"Bluetooth on","bluetoothButton-on-initializing":"Bluetooth on, initializing","bluetoothButton-off":"Bluetooth off","airplaneMode-on":"Airplane mode on","airplaneMode-off":"Airplane mode off","settingsButton":{"ariaLabel":"Settings"},"utilityTrayGrippy":{"ariaLabel":"Close utility tray"},"statusbarLabel":"{{date}}, {{operator}}","statusbarDateFormat":"%b %e 日","statusbar":{"ariaLabel":"Status Bar"},"statusbarBattery":"Battery {{level}} percent","statusbarBatteryCharging":"Battery {{level}} percent, charging","statusbarFlightMode":{"ariaLabel":"Airplane mode on"},"statusbarWiFiConnecting":"Wi-Fi: connecting","statusbarWiFiConnected":"Wi-Fi: {{level}} of 4 bars","statusbarSignal":"{{operator}} network, {{level}} of 5 bars","statusbarSignalRoaming":"{{operator}} network (roaming), {{level}} of 5 bars","statusbarSignalNoneSearching":"Searching… Emergency calls only","statusbarHeadphones":{"ariaLabel":"Headphones on"},"statusbarBluetoothHeadphones":{"ariaLabel":"Bluetooth headphones on"},"statusbarBluetoothTransferring":{"ariaLabel":"Bluetooth transfer active"},"statusbarIconOn-tethering":"Tethering on","statusbarIconOnActive-tethering":"Tethering on, active","statusbarAlarm":{"ariaLabel":"Alarm on"},"statusbarIconOn-bluetooth":"Bluetooth on","statusbarIconOnActive-bluetooth":"Bluetooth on, active","statusbarIconOn-mute":"Mute on","statusbarIconOn-vibration":"Vibration on","statusbarRecording":{"ariaLabel":"Recording on"},"statusbarGeolocation":{"ariaLabel":"Geolocation on"},"statusbarUsb":{"ariaLabel":"USB on"},"statusbarForwarding":"Call forwarding on","statusbarPlaying":{"ariaLabel":"Media playing"},"statusbarNfc":{"ariaLabel":"NFC on"},"statusbarDownloads":{"ariaLabel":"Downloading…"},"statusbarNetworkActivity":{"ariaLabel":"Networking on"},"statusbarEmergencyCBNotification":{"ariaLabel":"Emergency callback"},"statusbarNotifications":{"_index":["plural","n"],"_":{"one":"{{n}} notification","two":"{{n}} notifications","few":"{{n}} notifications","many":"{{n}} notifications","other":"{{n}} notifications"}},"statusbarNotifications-unread":{"_index":["plural","n"],"_":{"one":"{{n}} unread notification","two":"{{n}} unread notifications","few":"{{n}} unread notifications","many":"{{n}} unread notifications","other":"{{n}} unread notifications"}},"notifications":"通知","clear-all":"清除全部","attentionScreen-tapToShow":"Tap to show","newVoicemails":{"_index":["plural","n"],"_":{"zero":"沒有新的語音留言","one":"一通新的語音留言","two":"{{n}} 通新的語音留言","few":"{{n}} 通新的語音留言","many":"{{n}} 通新的語音留言","other":"{{n}} 通新的語音留言"}},"newVoicemailsUnknown":"有新的語音留言","dialNumber":"撥給 {{number}}","voicemailNotificationMultiSim":"(SIM {{n}}) {{title}}","confirmNFCConnectBTenabledNameUnknown":"Are you sure you want to connect to the device?","confirmNFCConnectBTdisabledNameUnknown":"Turn on Bluetooth and connect to the device?","confirmNFCConnectBTenabledNameKnown":"Are you sure you want to connect to {{deviceName}}?","confirmNFCConnectBTdisabledNameKnown":"Turn on Bluetooth and connect to {{deviceName}}?","confirmNFCConnectBTdisabled":"Turn on","dismissNFCConnectBTdisabled":"Cancel","confirmation":"Confirmation","deviceMenu":"電話","airplane":"開啟飛航模式","airplaneOff":"關閉飛航模式","silent":"來電靜音","normal":"取消來電靜音","restart":"重新啟動","power":"關機","enableScreenReaderSteps":"要啟用螢幕閱讀器，請按增加音量，然後按降低音量按鈕三次","disableScreenReaderSteps":"要停用螢幕閱讀器，請按增加音量，然後按降低音量按鈕三次","no-recent-apps":"沒有最近使用的應用程式","yes":"是","no":"否","dontallow":"Don’t allow","allow":"允許","dontshare-geolocation":"不要透露","share-geolocation":"透露","dontshare-audio-capture":"不要分享","share-audio-capture":"分享","dontshare-video-capture":"不要分享","share-video-capture":"分享","dontshare-media-capture":"不要分享","share-media-capture":"分享","device-front":"前相機","device-back":"後相機","remember-my-choice":"記住我的選擇","more-info":"更多資訊…","hide-info":"Hide info","install-app":"要安裝 {{name}} 嗎?","size":"大小","author":"作者","size-unknown":"未知","author-unknown":"未知","install":"安裝","bytes":"位元組","kB":"KB","MB":"MB","GB":"GB","TB":"TB","PB":"PB","app-install-generic-error":"{{ appName }} 下載已停止","app-install-download-failed":"{{ appName }} 下載失敗","app-install-install-failed":"{{ appName }} 安裝失敗","cancelling-will-not-refund":"現在取消將不會退費。付費內容的退費機制將由原內容銷售商提供。","apps-can-be-installed-later":"您之後可以於原始安裝來源再次安裝應用程式","are-you-sure-you-want-to-cancel":"您確定要取消這次的安裝嗎?","cancel-install":"取消安裝","cancel-install-button":"Cancel Install","resume":"繼續","continue":"繼續","stopDownloading":"要停止下載 {{ app }} 嗎?","app-download-can-be-restarted":"可在稍後重新開始下載。","app-download-stop-button":"停止下載","not-enough-space":"空間不足","not-enough-space-message":"沒有足夠的空間可安裝此程式。您可以刪除舊程式或媒體檔案來釋放空間，接著再從原始來源嘗試安裝。","app-install-success":"已安裝 {{ appName }}","setup":"設定","ime-addkeyboards":"新增鍵盤","later":"稍候","download":"下載","wantToDownload":"現在開始下載更新？","wantToInstall":"現在開始安裝更新？","installNow":"立刻安裝","notNow":"現在不要","downloadingUpdateMessage":{"innerHTML":"正在下載更新… <span>已下載 {{ progress }}。</span>"},"downloadingAppMessage":"正在下載 {{ appName }}","downloadingAppProgressNoMax":"已下載 {{ progress }}","downloadingAppProgressIndeterminate":"下載中","downloadingAppProgress":"已下載 {{ progress }} / {{ max }}","cancelAllDownloads":"取消所有下載","wantToCancelAll":"您確定要取消所有下載?","downloadError":"下載更新時發生錯誤。","updateAvailableInfo":{"innerHTML":{"_index":["plural","n"],"_":{"one":"有 {{ n }} 個可用更新。<span>點擊這裡取得更多資訊。</span>","two":"有 {{ n }} 個可用更新。<span>點擊這裡取得更多資訊。</span>","few":"有 {{ n }} 個可用更新。<span>點擊這裡取得更多資訊。</span>","many":"有 {{ n }} 個可用更新。<span>點擊這裡取得更多資訊。</span>","other":"有 {{ n }} 個可用更新。<span>點擊這裡取得更多資訊。</span>"}}},"numberOfUpdates":{"_index":["plural","n"],"_":{"one":"有 {{ n }} 個更新可用","two":"有 {{ n }} 個更新可用","few":"有 {{ n }} 個更新可用","many":"有 {{ n }} 個更新可用","other":"有 {{ n }} 個更新可用"}},"systemUpdate":"系統更新","systemUpdateReady":"已準備好進行系統更新","systemUpdateLowBattery":"You need at least 50% battery level to install the update.","required":"必需","uncompressingMessage":{"innerHTML":"正在解壓縮… <span>可能會花上幾分鐘。</span>"},"downloadNoWifiWarning":"無法使用 Wi-Fi。透過目前的連線更新可能需要另外付費。","downloadOfflineWarning":"網路不通。請連線到網路以下載更新。","downloadDataConnectionWarning":"無法使用 Wi-Fi 連線時將透過數據連線下載更新，數據連線可能需要另外付費。","downloadUpdatesViaDataConnection":"透過數據連線下載更新？","downloadUpdatesViaDataConnectionMessage":"無法使用 Wi-Fi 連線時將透過數據連線下載更新。使用數據連線時，可能暫時無法接到來電且可能需要另外付費。","screenshotSaved":"已將畫面擷圖儲存至圖片庫","screenshotFailed":"無法儲存畫面擷圖","screenshotNoSDCard":"找不到記憶卡","screenshotSDCardInUse":"記憶卡使用中","screenshotSDCardLow":"記憶卡的空間不足","emergency-call-button":"緊急撥號","emergency-call":"緊急撥號","unlock-a11y-button":{"ariaLabel":"解鎖"},"camera-a11y-button":{"ariaLabel":"相機"},"longDateFormat":"%b %e 日 %A","panel-passcode":{"ariaLabel":"Passcode panel"},"softwareHomeButton":{"ariaLabel":"主畫面"},"login":"登入","username":"使用者名稱","password":"密碼","http-authentication-message":"{{host}} 要求您輸入使用者名稱與密碼。網站說:「{{realm}}」","error-message":"無法正確載入 {{name}}","error-title":"發生問題 {{name}}","airplane-is-on":"已開啟飛航模式","airplane-is-turned-on":"{{name}} 需要網路連線。請於手機設定中關閉飛航模式，並連接至 Wi-Fi 或行動數據網路。","server-not-found":"找不到伺服器","server-not-found-error":"找不到伺服器 {{name}}。","file-not-found":"File not found","file-not-found-error":"The device can’t display this page because the file cannot be found.","connection-failed":"Unable to connect","connection-failed-error":"A network error occurred while trying to reach the site.","invalid-connection":"Unable to connect","invalid-connection-error":"A network error occurred while trying to reach the site.","malformed-uri":"URL not valid","malformed-uri-error":"The URL entered is not valid and cannot be loaded.","redirect-loop":"Can’t display page","redirect-loop-error":"The device can’t display this page because the page is not redirecting properly. Try this page again at a later time.","not-cached":"Page expired","not-cached-error":"As a security precaution, this page cannot be displayed by the device because it has expired.","is-printing-error":"The document cannot change while Printing or in Print Preview.","denied-port-access":"This address is restricted","denied-port-access-error":"This address uses a network port which is normally used for purposes other than Web browsing. The device has cancelled the request for your protection.","proxy-resolve-failure":"Proxy Server Error","proxy-resolve-failure-error":"The device is configured to use a proxy server that can’t be found.","proxy-connect-failure":"Proxy Server Error","proxy-connect-failure-error":"The device is configured to use a proxy server that is refusing connections.","content-encoding":"Can’t display page","content-encoding-error":"The device can’t display this page because a content encoding error occurred.","remote-xul":"Page unsupported","remote-xul-error":"This page can’t be displayed because it uses a technology that is not supported on the device.","phishing-blocked":"Warning","phishing-blocked-error":"The website has been reported as a web forgery designed to trick users into sharing personal or financial information.","malware-blocked":"Malware attack blocked","malware-blocked-error":"The site at has been reported as an attack site and has been blocked.","unsafe-content-type":"Unsafe content","unsafe-content-type-error":"The page cannot be shown because it may not be safe to open.","corrupted-content":"Can’t display page","corrupted-content-error":"The page cannot be shown because an error in the data transmission was detected.","network-connection-unavailable":"無法使用網路連線","network-error":"{{name}} 需要網路連線。請連接至 Wi-Fi 或行動數據網路。","network-error-launching":"{{name}} requires an Internet connection.","network-error-in-app":"No access to the Internet right now.","unable-to-connect":"連線失敗","try-again":"重試","check-settings":"Check settings","tap-to-check-settings":"Tap to check settings","select-time":"選擇時間","choose-option":"選取","choose-options":"選取","select-day":"選擇日期","battery-almost-empty":"電力快要耗盡","add-to-home-screen":"新增至裝置主畫面","share":"Share","crash-dialog2-os":"{{brandShortName}} 剛自錯誤中恢復","crash-dialog-app":"{{name}} 剛發生錯誤","crash-dialog-message":"您願意傳送關於此錯誤的報告至 Mozilla，以幫助我們修正這個問題嗎？（報告將只透過 Wi-Fi 傳送。）","crash-info-link":"錯誤報告當中有哪些東西？","crash-always-report":"總是在發生程式錯誤時傳送報告給 Mozilla。","crash-dont-send":"不要傳送","crash-end":"傳送報告","crashReports":"錯誤資訊報表","done":"完成","crash-reports-description-1":"錯誤報告包含了該次錯誤與您的裝置的一些詳細資訊，以及錯誤發生時您的裝置的使用狀態。","crash-reports-description-2":"可能包含諸如開啟的頁面與應用程式、輸入至表單中的文字、開啟訊息的內容、最近的瀏覽紀錄、與開啟的應用程式所取得的地理位置資訊。","crash-reports-description-3-start":"我們使用錯誤報告來試著修復問題並改進產品。我們將依照","crash-reports-description-3-privacy":"隱私權保護政策","crash-reports-description-3-end":"當中所描述的方式處理您的資訊。","crash-banner-os2":"{{brandShortName}} 剛發生錯誤。","crash-banner-app":"{{name}} 剛發生錯誤。","crash-banner-report":"報告","bluetooth-sending-progress":"正在傳送藍牙傳輸資料…","bluetooth-receiving-progress":"正在接收藍牙傳輸資料…","acceptFileTransfer":"允許藍牙檔案傳輸嗎？","wantToReceiveFile":"{{deviceName}} 想要傳送 {{fileName}} ({{fileSize}})。","transfer-confirmation-title":"{{deviceName}}","transfer-confirmation-description":"確認傳輸請求。","byteUnit-B":"B","byteUnit-KB":"KB","byteUnit-MB":"MB","byteUnit-GB":"GB","byteUnit-TB":"TB","byteUnit-PB":"PB","byteUnit-EB":"EB","byteUnit-ZB":"ZB","byteUnit-YB":"YB","fileSize":"{{size}} {{unit}}","deny":"拒絕","transfer":"傳輸","cancelFileTransfer":"取消藍牙檔案傳輸？","continueFileTransfer":"Continue","transfer-has-started-title":"已開始傳輸","transfer-has-started-description":"請在通知中心檢視進度","transferFinished-sentSuccessful-title":"已傳送檔案","transferFinished-receivedSuccessful-title":"已接收檔案","transferFinished-sentFailed-title":"無法傳送檔案","transferFinished-receivedFailed-title":"無法接收檔案","transferReport-title":"傳輸報告:","transferReport-description":"成功傳輸 {{numSuccessful}} 個檔案、未成功傳輸 {{numUnsuccessful}} 個檔案","unknown-file":"未知檔案","unknown-device":"未知的裝置","cannotOpenFile":"無法開啟接收的檔案","unknownMediaTypeToOpen":"無法開啟未知的媒體類型：","cannotReceiveFile":"無法接收檔案","cannotGetStorageState":"無法取得裝置儲存空間狀態。","sdcard-not-exist2":"找不到記憶卡，請插入記憶卡。","sdcard-in-use":"當手機連接至電腦時無法使用藍牙。請拔除手機傳輸線以接收檔案。","sdcard-no-space2":"無法完成傳輸：記憶卡已滿。","unknown-error":"未知錯誤","confirm":"確認","microphone-is-on":"麥克風已開啟","camera-is-on":"已開啟相機","media-is-on":"已開啟相機與麥克風","noSimCard":"未插入 SIM 卡","simPin":"SIM PIN","pukCode":"PUK 碼","nckCode":"NCK 碼","cckCode":"CCK 碼","spckCode":"SPCK 碼","nck1code":"NCK1 code","nck2code":"NCK2 code","hnckcode":"HNCK code","rcckcode":"RCCK code","rspckcode":"RSPCK code","whatIsSimPin":"SIM PIN 是什麼?","simPinIntro1":"SIM PIN 阻止了手機存取行動數據網路。開啟 PIN 時，任何插入了 SIM 卡的裝置將會在重開機時向您詢問 PIN 碼。","simPinIntro2":"SIM 卡的 PIN 碼與用來解鎖裝置的解鎖碼不同。","changeSimPin":"修改 PIN 碼","pinTitle":"輸入 SIM PIN 碼","multiSIMpinTitle":"輸入 SIM {{n}} 的 PIN 碼","pukTitle":"輸入 PUK 碼","nckTitle":"輸入 NCK 碼","cckTitle":"輸入 CCK 碼","spckTitle":"輸入 SPCK 碼","nck1Title":"Enter NCK1 code","nck2Title":"Enter NCK2 code","hnckTitle":"Enter HNCK code","rcckTitle":"Enter RCCK code","rspckTitle":"Enter RSPCK code","newpinTitle":"設定 PIN 碼","inputCodeRetriesLeft":{"_index":["plural","n"],"_":{"one":"最後一次機會。","two":"還有 {{n}} 次機會。","few":"還有 {{n}} 次機會。","many":"還有 {{n}} 次機會。","other":"還有 {{n}} 次機會。"}},"pinErrorMsg":"PIN 不正確。","pinAttemptMsg2":{"_index":["plural","n"],"_":{"one":"這是您最後一次輸入正確 PIN 碼的機會。若您這次輸入的 PIN 碼還是錯誤，您的 SIM 卡將會被鎖定。","two":"您還有 {{n}} 次輸入正確 PIN 碼的機會。若您一直輸入錯誤的 PIN 碼，您的 SIM 卡將會被鎖定。","few":"您還有 {{n}} 次輸入正確 PIN 碼的機會。若您一直輸入錯誤的 PIN 碼，您的 SIM 卡將會被鎖定。","many":"您還有 {{n}} 次輸入正確 PIN 碼的機會。若您一直輸入錯誤的 PIN 碼，您的 SIM 卡將會被鎖定。","other":"您還有 {{n}} 次輸入正確 PIN 碼的機會。若您一直輸入錯誤的 PIN 碼，您的 SIM 卡將會被鎖定。"}},"pinLastChanceMsg":"這是您最後一次能輸入正確 PIN 碼的機會。否則您必須輸入 PUK 碼才能使用此 SIM 卡。","simCardLockedMsg":"SIM 卡已鎖定。","enterPukMsg":"您必須輸入 SIM 卡的 PUK 碼。若需更多資訊，請參考您的 SIM 卡文件或洽詢您的電信業者。","pukErrorMsg":"PUK 碼不正確。","pukAttemptMsg2":{"_index":["plural","n"],"_":{"one":"您只剩下最後一次輸入正確 PUK 碼的機會，若您這次輸入的 PUK 碼還是錯誤，您的 SIM 卡將會永久無法使用。請參考您的 SIM 卡文件或聯絡您的電信業者以取得更多資訊。","two":"您還有 {{n}} 次機會可以輸入正確的 PUK 解鎖碼，否則此 SIM 卡將永久失效。若需更多資訊，請參考您的 SIM 卡文件或洽詢您的電信業者。","few":"您還有 {{n}} 次機會可以輸入正確的 PUK 解鎖碼，否則此 SIM 卡將永久失效。若需更多資訊，請參考您的 SIM 卡文件或洽詢您的電信業者。","many":"您還有 {{n}} 次機會可以輸入正確的 PUK 解鎖碼，否則此 SIM 卡將永久失效。若需更多資訊，請參考您的 SIM 卡文件或洽詢您的電信業者。","other":"您還有 {{n}} 次機會可以輸入正確的 PUK 解鎖碼，否則此 SIM 卡將永久失效。若需更多資訊，請參考您的 SIM 卡文件或洽詢您的電信業者。"}},"pukLastChanceMsg":"這是您最後一次能輸入正確 PUK 解鎖碼的機會。若您這次還是輸入錯誤，您的 SIM 將會永久失效。若需更多資訊，請參考您的 SIM 卡文件或洽詢您的電信業者。","newSimPinMsg":"設定 PIN（須包含 4 ~ 8 碼數字）","confirmNewSimPinMsg":"確認新 PIN 碼","newPinErrorMsg":"兩次輸入的 PIN 不相同。","nckErrorMsg":"NCK 碼不正確。","nckAttemptMsg2":{"_index":["plural","n"],"_":{"one":"請求網路解鎖失敗。您只剩下最後一次機會可以輸入正確的 NCK 碼。請參考您的裝置說明書或聯絡電信商以取得更多資訊。","two":"請求網路解鎖失敗。您還剩下 {{n}} 次機會可以輸入正確的 NCK 碼。請參考您的裝置說明書或聯絡電信商以取得更多資訊。","few":"請求網路解鎖失敗。您還剩下 {{n}} 次機會可以輸入正確的 NCK 碼。請參考您的裝置說明書或聯絡電信商以取得更多資訊。","many":"請求網路解鎖失敗。您還剩下 {{n}} 次機會可以輸入正確的 NCK 碼。請參考您的裝置說明書或聯絡電信商以取得更多資訊。","other":"請求網路解鎖失敗。您還剩下 {{n}} 次機會可以輸入正確的 NCK 碼。請參考您的裝置說明書或聯絡電信商以取得更多資訊。"}},"nckLastChanceMsg":"請求網路解鎖失敗。您還剩下最後一次機會可以輸入正確的 NCK 碼。請參考您的裝置說明書或聯絡電信商以取得更多資訊。","activity-pick":"自下列項目選擇:","activity-view":"使用下列項目檢視:","activity-test":"使用下列項目測試:","activity-share":"使用下列項目分享:","activity-new":"使用下列項目建立:","activity-open":"使用下列項目開啟:","activity-save-bookmark":"加入書籤到:","activity-record":"使用下列項目錄製:","activity-browse":"使用下列項目瀏覽:","activity-configure":"使用下列項目設定:","activity-dial":"使用下列項目撥號:","persona-signin":"登入","payment-flow":"購買","remoteDebuggerMessage":"偵測到遠端除錯連線的請求，要允許連線嗎？","fullscreen-request":"{{origin}} 已進入全螢幕模式。","captive-wifi-available":"找到 {{networkName}}。加入該網路？","ceWarningtitle":"音量警告","ceWarningcontent":"為了避免聽力損傷發生，請不要長時間使用大音量聆聽音樂。","notification-powersaving-mode-on-title":"省電模式","notification-powersaving-mode-on-description":"已開啟省電模式。","low-device-storage":"裝置空間不足。\\n","free-space":{"_index":["plural","value"],"_":{"zero":"剩餘空間不足。","one":"剩下不到 {{value}} {{unit}}。","two":"剩下不到 {{value}} {{unit}}。","few":"剩下不到 {{value}} {{unit}}。","many":"剩下不到 {{value}} {{unit}}。","other":"剩下不到 {{value}} {{unit}}。"}},"unknown-free-space":"剩餘空間未知。","system-alert":"系統警示","cb-channel":"頻道 {{channel}}","cb-etws-warningType-earthquake":"Earthquake warning!","cb-etws-warningType-tsunami":"Tsunami warning!","cb-etws-warningType-earthquake-tsunami":"Earthquake-tsunami warning!","cb-etws-warningType-test":"Alert system is being tested.","cb-etws-warningType-other":"Emergency warning!","icc-message-title":"來自 SIM {{id}} 的電信業者簡訊","icc-confirmCall-defaultmessage":"打給 {{number}}？","icc-alertMessage-defaultmessage":"傳送訊息","icc-confirmMessage-defaultmessage":"傳送訊息？","icc-inputbox-title":"SIM {{id}} 的 STK 查詢","emergency-callback-mode":"緊急通話回電模式","emergency-callback-message":"您不能在開啟緊急回撥模式時撥打電話、傳送簡訊或連線至網路。您想要關閉嗎？","cdma-record-info":"CDMA 紀錄資訊","ime-switching-title":"{{appName}}: {{name}}","ime-switching-tip":"點擊以切換輸入法","shrinking-tip":"滑動以分享","download_started":"已開始下載","download_stopped":"下載已停止","download_downloading":"下載中…","download_succeeded":"下載完成","download_failed":"下載失敗","download_text_by_default":"{{name}}","download_downloading_text_2":"{{percentage}}% - {{name}}","search-or-enter-address":{"_":"Search or enter address","placeholder":"Search or enter address"},"noSIMCardInHotspot":"SIM 卡不存在或並未正確安裝，將關閉熱點","noHopspotWhenAPMisOn":"Turn off airplane mode to use Wi-Fi hotspot","apmActivated":"Airplane mode activated","open-in-new-tab":"Open link in new tab","add-link-to-home-screen":"Add link to home screen","share-link":"Share link","save-image":"Save Image","save-video":"Save Video","save-audio":"Save Audio","resend":"Resend","connecting":"Connecting","verify":"Verify","verifying":"Verifying","verified":"Verified","mobileIDExplanation":"{{app_name}} would like to know and verify your phone number. Please choose which one you want to share or enter a new one.","verificationCodeExplanation":"We’ve sent a code to {{phone_number}}. We’ll try to pick it up automatically, but you’ll have to enter it manually if it’s not in use in this device.","successMessage":"Awesome! Your number {{phone_number}} is now verified and available to {{app_name}}.","serverErrorMessage":"The verification server is unavailable at this time. Please check your Internet connection, try again or wait a few minutes.","timeoutErrorMessage":"There seems to be a problem with your verification code. Let's try once again!","errorTitle":"Mobile identity","addPhoneNumber":"Or add your phone number","selectPhoneNumber":"Or select a phone number from the list","brandShortName":"B2G OS","browserBrandShortName":"網頁瀏覽器","browserBrandFullName":"Mozilla 網頁瀏覽器","weekday-0-long":"星期日","weekday-1-long":"星期一","weekday-2-long":"星期二","weekday-3-long":"星期三","weekday-4-long":"星期四","weekday-5-long":"星期五","weekday-6-long":"星期六","weekday-0-short":"週日","weekday-1-short":"週一","weekday-2-short":"週二","weekday-3-short":"週三","weekday-4-short":"週四","weekday-5-short":"週五","weekday-6-short":"週六","month-0-long":"一月","month-1-long":"二月","month-2-long":"三月","month-3-long":"四月","month-4-long":"五月","month-5-long":"六月","month-6-long":"七月","month-7-long":"八月","month-8-long":"九月","month-9-long":"十月","month-10-long":"十一月","month-11-long":"十二月","month-0-genitive":"1 月","month-1-genitive":"2 月","month-2-genitive":"3 月","month-3-genitive":"4 月","month-4-genitive":"5 月","month-5-genitive":"6 月","month-6-genitive":"7 月","month-7-genitive":"8 月","month-8-genitive":"9 月","month-9-genitive":"10 月","month-10-genitive":"11 月","month-11-genitive":"12 月","month-0-short":"1 月","month-1-short":"2 月","month-2-short":"3 月","month-3-short":"4 月","month-4-short":"5 月","month-5-short":"6 月","month-6-short":"7 月","month-7-short":"8 月","month-8-short":"9 月","month-9-short":"10 月","month-10-short":"11 月","month-11-short":"12 月","minutes-ago-long":{"_index":["plural","value"],"_":{"zero":"剛剛","one":"1 分鐘前","two":"{{value}} 分鐘前","few":"{{value}} 分鐘前","many":"{{value}} 分鐘前","other":"{{value}} 分鐘前"}},"hours-ago-long":{"_index":["plural","value"],"_":{"zero":"剛剛","one":"1 小時前","two":"{{value}} 小時前","few":"{{value}} 小時前","many":"{{value}} 小時前","other":"{{value}} 小時前"}},"days-ago-long":{"_index":["plural","value"],"_":{"zero":"今天","one":"昨天","two":"{{value}} 天前","few":"{{value}} 天前","many":"{{value}} 天前","other":"{{value}} 天前"}},"weeks-ago-long":{"_index":["plural","value"],"_":{"zero":"本週","one":"上週","two":"{{value}} 週前","few":"{{value}} 週前","many":"{{value}} 週前","other":"{{value}} 週前"}},"months-ago-long":{"_index":["plural","value"],"_":{"zero":"本月","one":"上月","two":"{{value}} 月前","few":"{{value}} 月前","many":"{{value}} 月前","other":"{{value}} 月前"}},"years-ago-long":{"_index":["plural","value"],"_":{"zero":"今年","one":"去年","two":"{{value}} 年前","few":"{{value}} 年前","many":"{{value}} 年前","other":"{{value}} 年前"}},"minutes-until-long":{"_index":["plural","value"],"_":{"zero":"現在","one":"1 分鐘內","two":"{{value}} 分鐘內","few":"{{value}} 分鐘內","many":"{{value}} 分鐘內","other":"{{value}} 分鐘內"}},"hours-until-long":{"_index":["plural","value"],"_":{"zero":"現在","one":"1 小時內","two":"{{value}} 小時前","few":"{{value}} 小時前","many":"{{value}} 小時前","other":"{{value}} 小時前"}},"days-until-long":{"_index":["plural","value"],"_":{"zero":"今天","one":"明天","two":"{{value}} 天內","few":"{{value}} 天內","many":"{{value}} 天內","other":"{{value}} 天內"}},"weeks-until-long":{"_index":["plural","value"],"_":{"zero":"本週","one":"下週","two":"{{value}} 週內","few":"{{value}} 週內","many":"{{value}} 週內","other":"{{value}} 週內"}},"months-until-long":{"_index":["plural","value"],"_":{"zero":"本月","one":"下月","two":"{{value}} 月內","few":"{{value}} 月內","many":"{{value}} 月內","other":"{{value}} 月內"}},"years-until-long":{"_index":["plural","value"],"_":{"zero":"今年","one":"明年","two":"{{value}} 年內","few":"{{value}} 年內","many":"{{value}} 年內","other":"{{value}} 年內"}},"minutes-ago-short":{"_index":["plural","value"],"_":{"zero":"剛剛","other":"{{value}} 分前"}},"hours-ago-short":{"_index":["plural","value"],"_":{"zero":"剛剛","other":"{{value}} 時前"}},"days-ago-short":{"_index":["plural","value"],"_":{"zero":"今天","other":"{{value}} 天前"}},"minutes-until-short":{"_index":["plural","value"],"_":{"zero":"現在","other":"{{value}} 分內"}},"hours-until-short":{"_index":["plural","value"],"_":{"zero":"現在","other":"{{value}} 時內"}},"days-until-short":{"_index":["plural","value"],"_":{"zero":"今天","other":"{{value}} 天內"}},"incorrectDate":"（日期不正確）","dateTimeFormat_%c":"%Y年%b%d日 %a %p %I:%M:%S","dateTimeFormat_%x":"%Y/%m/%d","dateTimeFormat_%X":"%p %I:%M:%S","shortTimeFormat":"%p %I:%M","shortDateTimeFormat":"%x %p %I:%M","weekStartsOnMonday":"1","time_am":"上午","time_pm":"下午","title-app":"App Permission","title-web":"Website Permission","title-cam":"Select Camera","perm-contacts":"聯絡人","perm-contacts-appRequest":"{{app}} 想要存取您的聯絡人清單。","perm-contacts-webRequest":"{{site}} 想要存取您的聯絡人清單。","perm-desktop-notification":"通知","perm-desktop-notification-appRequest":"{{app}} 想要顯示通知。","perm-desktop-notification-webRequest":"{{site}} 想要顯示通知。","perm-device-storage-music":"音樂儲存空間","perm-device-storage-music-appRequest":"{{app}} 想要存取您的音樂。","perm-device-storage-music-webRequest":"{{site}} 想要存取您的音樂。","perm-device-storage-pictures":"圖片儲存空間","perm-device-storage-pictures-appRequest":"{{app}} 想要存取您的圖片。","perm-device-storage-pictures-webRequest":"{{site}} 想要存取您的圖片。","perm-device-storage-sdcard":"記憶卡儲存空間","perm-device-storage-sdcard-appRequest":"{{app}} 想要存取您的記憶卡。","perm-device-storage-sdcard-webRequest":"{{site}} 想要存取您的記憶卡。","perm-device-storage-videos":"影片儲存空間","perm-device-storage-videos-appRequest":"{{app}} 想要存取您的影片庫。","perm-device-storage-videos-webRequest":"{{site}} 想要存取您的影片庫。","perm-fmradio":"FM 收音機","perm-fmradio-appRequest":"{{app}} 想要使用 FM 收音機。","perm-fmradio-webRequest":"{{site}} 想要使用 FM 收音機。","perm-geolocation":"地理資訊","perm-geolocation-appRequest":"{{app}} 想要知道您所在的地理位置。","perm-geolocation-webRequest":"{{site}} 想要知道您所在的地理位置。","perm-geolocation-more-info":"{{brandShortName}} 將會使用諸如 GPS、Wi-Fi、與您附近的數據網路基地台等資料來幫助判斷您的大略位置。這些資料將會傳送到 Mozilla 與其他的服務提供者，並結合起來改善位置資料庫的準確度。這些資料可能也會儲存在您的裝置上；就算沒有執行程式時也可能會收集這些資料。","perm-video-capture":"相機","perm-video-capture-appRequest":"您想要與 {{app}} 分享您的相機嗎？","perm-video-capture-webRequest":"您想要與 {{site}} 分享您的相機嗎？","perm-audio-capture":"麥克風","perm-audio-capture-appRequest":"您想要與 {{app}} 分享您的麥克風嗎？","perm-audio-capture-webRequest":"您想要與 {{site}} 分享您的麥克風嗎？","perm-media-capture":"相機與麥克風","perm-media-capture-appRequest":"您想要與 {{app}} 分享您的相機與麥克風嗎？","perm-media-capture-webRequest":"您想要與 {{site}} 分享您的相機與麥克風嗎？","perm-camera-selector-appRequest":"Select a camera for {{app}}.","perm-camera-selector-webRequest":"Select a camera for {{site}}.","perm-mobileid":"Mobile Identity","stopped_download_title":"下載已停止","stopped_download_message":"已經停止下載，要再試著下載一次嗎？","stopped_download_left_button":"取消","stopped_download_right_button":"重試","failed_download_title":"下載失敗","failed_download_message":"{{name}} 下載失敗，要再試著下載一次嗎？","failed_download_left_button":"取消","failed_download_right_button":"重試","stop_download_title":"停止下載","stop_download_message":"您確定真的要停止下載嗎？","stop_download_left_button":"否","stop_download_right_button":"是","delete_download_title":"刪除","delete_download_message":"刪除 {{name}}？","delete_download_left_button":"取消","delete_download_right_button":"刪除","delete_all_download_title":"刪除","delete_all_download_left_button":"取消","delete_all_download_right_button":"刪除","delete_all_download_message":{"_index":["plural","number"],"_":{"zero":"不刪除檔案？","one":"刪除 1 個檔案？","two":"刪除 {{number}} 個檔案？","few":"刪除 {{number}} 個檔案？","many":"刪除 {{number}} 個檔案？","other":"刪除 {{number}} 個檔案？"}},"unsupported_file_type_download_title":"無法開啟","unsupported_file_type_download_message":"沒有應用程式可開啟 {{name}}。您想要儲存或刪除該檔案？","unsupported_file_type_download_left_button":"保留檔案","unsupported_file_type_download_right_button":"刪除","file_not_found_download_title":"找不到檔案","file_not_found_download_message":"無法在裝置中找到該檔案","file_not_found_download_right_button":"確定","unmounted_sdcard_2_download_title":"記憶卡現正使用中","unmounted_sdcard_2_download_message":"拔除傳輸線","unmounted_sdcard_2_download_right_button":"確定","no_provider_download_title":"無法分享","no_provider_download_message":"找不到提供者","no_provider_download_right_button":"確定","no_memory_download_title":"SD 卡已滿","no_memory_download_message":"您的 SD 卡上已經沒有剩餘空間可以儲存下載檔案，請先移除一些檔案再重新下載。","no_memory_download_right_button":"確定","no_sdcard_found_2_download_title":"找不到記憶卡","no_sdcard_found_2_download_message":"插入記憶卡或在設定中選擇不同的預設媒體儲存位置","no_sdcard_found_2_download_right_button":"確定","file_open_error_download_title":"無法開啟","file_open_error_download_message":"開啟 {{name}} 時發生問題。您想要儲存或刪除該檔案？","file_open_error_download_left_button":"保留檔案","file_open_error_download_right_button":"刪除","restart_download_error":"重新開始下載時發生錯誤，請再次下載。","no-downloads":"沒有任何下載檔案","percentage":"{{percentage}} %","partialResult":"{{total}} 當中的第 {{partial}} 個","summary":"{{date}} - {{status}}","download-stopped":"停止","download-failed":"下載失敗","open_downloaded_file":"開啟","share_downloaded_file":"分享","wallpaper_downloaded_file":"設為桌面背景","ringtone_downloaded_file":"設為鈴聲","cancel_downloaded_file":"取消","voicemailNoNumberTitle":"Voicemail number is unavailable","voicemailNoNumberText":"Unable to call the voicemail. Set up the voicemail number to place the call.","voicemailNoNumberSettings":"Settings","voicemailNoNumberCancel":"Cancel","firefox-accounts-title":"Firefox Accounts","fxa-next":"Next","fxa-back":"Back","fxa-done":"Done","fxa-ok":"OK","fxa-connection-error-title":"Unable to Connect","fxa-connection-error-message":"You can create an account or sign in from Settings.","fxa-reset-password-error-title":"Reset Password","fxa-reset-password-error-message":"You can reset your password from Settings.","fxa-coppa-failure-error-title":"Cannot Create Account","fxa-coppa-failure-error-message":"You must meet certain age requirements to create a Firefox Account. {{learnmore}}","fxa-learn-more":"Learn more","fxa-offline-error-title":"Unable to Connect","fxa-offline-error-message":"Please connect to a network from Settings.","fxa-invalid-email-title":"Error","fxa-invalid-email-message":"Please enter a valid email.","fxa-invalid-password-title":"Invalid Password","fxa-invalid-password-message":"Please check your password and try again.","fxa-unknown-error-title":"Unable to Connect","fxa-unknown-error-message":"System unavailable, try again soon.","fxa-connecting":"Connecting","fxa-enter-email-input":{"placeholder":"Enter your email"},"fxa-use-email-to-sign-in":"Use your email address to create an account or sign in.","fxa-notice":"By proceeding, I agree to the {{tos}} and {{pn}} of Firefox cloud services.","fxa-tos":"Terms of Service","fxa-pn":"Privacy Notice","fxa-create-password-title":"Create a Password","fxa-enter-password-title":"Enter Your Password","fxa-hello-user":"Hello, {{email}}","fxa-password-refresh":"Please enter your Firefox Account password to continue.","fxa-password":{"placeholder":"Password"},"fxa-forgot-your-password":"Forgot your password?","fxa-show-password":"Show password","fxa-password-length-requirement":"Your password must be at least 8 characters long.","fxa-success":"Success!","fxa-ready-to-go":"Your Firefox Account is ready to go! ","fxa-use-features":"Now you can use features like Find My Device and apps like the Firefox Marketplace.","fxa-access-manage-account-settings":"In the future, you can access and manage your account from Settings.","fxa-confirm-account":"Confirm Your Account","fxa-will-send-email":"We will send an email to: {{email}}","fxa-signup-click-verification-link-in-email":"Next time you check your email, click the verification link to confirm your Firefox Account.","fxa-age-verification":"Age Verification","fxa-age-1990-earlier":"1990 or earlier","fxa-year-of-birth":"Year of Birth"}