{"weekday-0-long":"‮Snupɐʎ‬","weekday-1-long":"‮Woupɐʎ‬","weekday-2-long":"‮⊥nǝspɐʎ‬","weekday-3-long":"‮Ｍǝpuǝspɐʎ‬","weekday-4-long":"‮⊥ɥnɹspɐʎ‬","weekday-5-long":"‮ɟɹıpɐʎ‬","weekday-6-long":"‮Sɐʇnɹpɐʎ‬","weekday-0-short":"‮Snu‬","weekday-1-short":"‮Wou‬","weekday-2-short":"‮⊥nǝ‬","weekday-3-short":"‮Ｍǝp‬","weekday-4-short":"‮⊥ɥn‬","weekday-5-short":"‮ɟɹı‬","weekday-6-short":"‮Sɐʇ‬","month-0-long":"‮ſɐunɐɹʎ‬","month-1-long":"‮ɟǝqɹnɐɹʎ‬","month-2-long":"‮Wɐɹɔɥ‬","month-3-long":"‮∀dɹıʅ‬","month-4-long":"‮Wɐʎ‬","month-5-long":"‮ſnuǝ‬","month-6-long":"‮ſnʅʎ‬","month-7-long":"‮∀nƃnsʇ‬","month-8-long":"‮Sǝdʇǝɯqǝɹ‬","month-9-long":"‮Oɔʇoqǝɹ‬","month-10-long":"‮Noʌǝɯqǝɹ‬","month-11-long":"‮pǝɔǝɯqǝɹ‬","month-0-genitive":"‮ſɐunɐɹʎ‬","month-1-genitive":"‮ɟǝqɹnɐɹʎ‬","month-2-genitive":"‮Wɐɹɔɥ‬","month-3-genitive":"‮∀dɹıʅ‬","month-4-genitive":"‮Wɐʎ‬","month-5-genitive":"‮ſnuǝ‬","month-6-genitive":"‮ſnʅʎ‬","month-7-genitive":"‮∀nƃnsʇ‬","month-8-genitive":"‮Sǝdʇǝɯqǝɹ‬","month-9-genitive":"‮Oɔʇoqǝɹ‬","month-10-genitive":"‮Noʌǝɯqǝɹ‬","month-11-genitive":"‮pǝɔǝɯqǝɹ‬","month-0-short":"‮ſɐu‬","month-1-short":"‮ɟǝq‬","month-2-short":"‮Wɐɹ‬","month-3-short":"‮∀dɹ‬","month-4-short":"‮Wɐʎ‬","month-5-short":"‮ſnu‬","month-6-short":"‮ſnʅ‬","month-7-short":"‮∀nƃ‬","month-8-short":"‮Sǝd‬","month-9-short":"‮Oɔʇ‬","month-10-short":"‮Noʌ‬","month-11-short":"‮pǝɔ‬","minutes-ago-long":{"_":{"zero":"‮ɾnsʇ‬ ‮uoʍ‬","one":"‮ɐ‬ ‮ɯıunʇǝ‬ ‮ɐƃo‬","two":"{{value}} ‮ɯıunʇǝs‬ ‮ɐƃo‬","few":"{{value}} ‮ɯıunʇǝs‬ ‮ɐƃo‬","many":"{{value}} ‮ɯıunʇǝs‬ ‮ɐƃo‬","other":"{{value}} ‮ɯıunʇǝs‬ ‮ɐƃo‬"}},"hours-ago-long":{"_":{"zero":"‮ɾnsʇ‬ ‮uoʍ‬","one":"‮ɐu‬ ‮ɥonɹ‬ ‮ɐƃo‬","two":"{{value}} ‮ɥonɹs‬ ‮ɐƃo‬","few":"{{value}} ‮ɥonɹs‬ ‮ɐƃo‬","many":"{{value}} ‮ɥonɹs‬ ‮ɐƃo‬","other":"{{value}} ‮ɥonɹs‬ ‮ɐƃo‬"}},"days-ago-long":{"_":{"zero":"‮ʇopɐʎ‬","one":"‮ʎǝsʇǝɹpɐʎ‬","two":"{{value}} ‮pɐʎs‬ ‮ɐƃo‬","few":"{{value}} ‮pɐʎs‬ ‮ɐƃo‬","many":"{{value}} ‮pɐʎs‬ ‮ɐƃo‬","other":"{{value}} ‮pɐʎs‬ ‮ɐƃo‬"}},"weeks-ago-long":{"_":{"zero":"‮ʇɥıs‬ ‮ʍǝǝʞ‬","one":"‮ʅɐsʇ‬ ‮ʍǝǝʞ‬","two":"{{value}} ‮ʍǝǝʞs‬ ‮ɐƃo‬","few":"{{value}} ‮ʍǝǝʞs‬ ‮ɐƃo‬","many":"{{value}} ‮ʍǝǝʞs‬ ‮ɐƃo‬","other":"{{value}} ‮ʍǝǝʞs‬ ‮ɐƃo‬"}},"months-ago-long":{"_":{"zero":"‮ʇɥıs‬ ‮ɯouʇɥ‬","one":"‮ʅɐsʇ‬ ‮ɯouʇɥ‬","two":"{{value}} ‮ɯouʇɥs‬ ‮ɐƃo‬","few":"{{value}} ‮ɯouʇɥs‬ ‮ɐƃo‬","many":"{{value}} ‮ɯouʇɥs‬ ‮ɐƃo‬","other":"{{value}} ‮ɯouʇɥs‬ ‮ɐƃo‬"}},"years-ago-long":{"_":{"zero":"‮ʇɥıs‬ ‮ʎǝɐɹ‬","one":"‮ʅɐsʇ‬ ‮ʎǝɐɹ‬","two":"{{value}} ‮ʎǝɐɹs‬ ‮ɐƃo‬","few":"{{value}} ‮ʎǝɐɹs‬ ‮ɐƃo‬","many":"{{value}} ‮ʎǝɐɹs‬ ‮ɐƃo‬","other":"{{value}} ‮ʎǝɐɹs‬ ‮ɐƃo‬"}},"minutes-until-long":{"_":{"zero":"‮uoʍ‬","one":"‮ıu‬ ‮ɐ‬ ‮ɯıunʇǝ‬","two":"‮ıu‬ {{value}} ‮ɯıunʇǝs‬","few":"‮ıu‬ {{value}} ‮ɯıunʇǝs‬","many":"‮ıu‬ {{value}} ‮ɯıunʇǝs‬","other":"‮ıu‬ {{value}} ‮ɯıunʇǝs‬"}},"hours-until-long":{"_":{"zero":"‮uoʍ‬","one":"‮ıu‬ ‮ɐu‬ ‮ɥonɹ‬","two":"‮ıu‬ {{value}} ‮ɥonɹs‬","few":"‮ıu‬ {{value}} ‮ɥonɹs‬","many":"‮ıu‬ {{value}} ‮ɥonɹs‬","other":"‮ıu‬ {{value}} ‮ɥonɹs‬"}},"days-until-long":{"_":{"zero":"‮ʇopɐʎ‬","one":"‮ʇoɯoɹɹoʍ‬","two":"‮ıu‬ {{value}} ‮pɐʎs‬","few":"‮ıu‬ {{value}} ‮pɐʎs‬","many":"‮ıu‬ {{value}} ‮pɐʎs‬","other":"‮ıu‬ {{value}} ‮pɐʎs‬"}},"weeks-until-long":{"_":{"zero":"‮ʇɥıs‬ ‮ʍǝǝʞ‬","one":"‮uǝxʇ‬ ‮ʍǝǝʞ‬","two":"‮ıu‬ {{value}} ‮ʍǝǝʞs‬","few":"‮ıu‬ {{value}} ‮ʍǝǝʞs‬","many":"‮ıu‬ {{value}} ‮ʍǝǝʞs‬","other":"‮ıu‬ {{value}} ‮ʍǝǝʞs‬"}},"months-until-long":{"_":{"zero":"‮ʇɥıs‬ ‮ɯouʇɥ‬","one":"‮uǝxʇ‬ ‮ɯouʇɥ‬","two":"‮ıu‬ {{value}} ‮ɯouʇɥs‬","few":"‮ıu‬ {{value}} ‮ɯouʇɥs‬","many":"‮ıu‬ {{value}} ‮ɯouʇɥs‬","other":"‮ıu‬ {{value}} ‮ɯouʇɥs‬"}},"years-until-long":{"_":{"zero":"‮ʇɥıs‬ ‮ʎǝɐɹ‬","one":"‮uǝxʇ‬ ‮ʎǝɐɹ‬","two":"‮ıu‬ {{value}} ‮ʎǝɐɹs‬","few":"‮ıu‬ {{value}} ‮ʎǝɐɹs‬","many":"‮ıu‬ {{value}} ‮ʎǝɐɹs‬","other":"‮ıu‬ {{value}} ‮ʎǝɐɹs‬"}},"minutes-ago-short":{"_":{"zero":"‮ɾnsʇ‬ ‮uoʍ‬","other":"{{value}}‮ɯ‬ ‮ɐƃo‬"}},"hours-ago-short":{"_":{"zero":"‮ɾnsʇ‬ ‮uoʍ‬","other":"{{value}}‮ɥ‬ ‮ɐƃo‬"}},"days-ago-short":{"_":{"zero":"‮ʇopɐʎ‬","other":"{{value}}‮p‬ ‮ɐƃo‬"}},"minutes-until-short":{"_":{"zero":"‮uoʍ‬","other":"‮ıu‬ {{value}}‮ɯ‬"}},"hours-until-short":{"_":{"zero":"‮uoʍ‬","other":"‮ıu‬ {{value}}‮ɥ‬"}},"days-until-short":{"_":{"zero":"‮ʇopɐʎ‬","other":"‮ıu‬ {{value}}‮p‬"}},"incorrectDate":"(‮ıuɔoɹɹǝɔʇ‬ ‮pɐʇǝ‬)","dateTimeFormat_%c":"%a %b %e %Y %I:%M:%S %p","dateTimeFormat_%x":"%m/%d/%Y","dateTimeFormat_%X":"%I:%M:%S %p","shortTimeFormat":"%I:%M %p","shortDateTimeFormat":"%x %I:%M %p","weekStartsOnMonday":"0","time_am":"‮∀W‬","time_pm":"‮ԀW‬","ac_classic_clock_alarm_opus":"‮Ↄʅɐssıɔ‬ ‮Ԑnzz‬","ac_classic_clock_alarm_prog_opus2":"‮Ԁnʅsǝ‬ ‮Ԁɹoƃɹǝssıʌǝ‬","ac_classic_clock_radio_opus":"‮Ↄʅɐssıɔ‬ ‮Ԁnʅsǝ‬","ac_normal_gem_echoes_opus":"‮פǝɯ‬ ‮Ǝɔɥoǝs‬","ac_soft_smooth_strings_opus":"‮Sɯooʇɥ‬ ‮Sʇɹıuƃs‬","ac_soft_humming_waves_opus":"‮Sɥıɯɯǝɹıuƃ‬ ‮Ｍɐʌǝs‬","ac_normal_ringing_strings_opus":"‮ᴚıuƃıuƃ‬ ‮Sʇɹıuƃs‬","ac_soft_into_the_void_opus":"‮Iuʇo‬ ‮ʇɥǝ‬ ‮Ʌoıp‬","reset":"‮ᴚǝsǝʇ‬","start":"‮Sʇɐɹʇ‬","stop":"‮Sʇod‬","cancel":"‮Ↄɐuɔǝʅ‬","hour":"‮Honɹ‬","hours":"‮Honɹs‬","minute":"‮Wıunʇǝ‬","minutes":"‮Wıunʇǝs‬","alarm":"‮∀ʅɐɹɯ‬","timer":"‮⊥ıɯǝɹ‬","stopwatch":"‮Sʇodʍɐʇɔɥ‬","alarmName":{"placeholder":"‮∀ʅɐɹɯ‬ ‮uɐɯǝ‬"},"newAlarm":"‮Nǝʍ‬ ‮ɐʅɐɹɯ‬","editAlarm":"‮Ǝpıʇ‬ ‮ɐʅɐɹɯ‬","pause":"‮Ԁɐnsǝ‬","resume":"‮ᴚǝsnɯǝ‬","lap":"‮˥ɐd‬","lap-number":"‮˥ɐd‬ {{n}}","delete":"‮pǝʅǝʇǝ‬","time":"‮⊥ıɯǝ‬","snooze-label":"‮Suoozǝ‬","snooze-button":"‮Suoozǝ‬","repeat":"‮ᴚǝdǝɐʇ‬","vibrate":"‮Ʌıqɹɐʇǝ‬","close":"‮Ↄʅosǝ‬","save":"‮Sɐʌǝ‬","done":"‮pouǝ‬","closeButton":{"ariaLabel":"‮Ↄʅosǝ‬"},"newAlarmButton":{"ariaLabel":"‮Nǝʍ‬ ‮ɐʅɐɹɯ‬"},"alarm-volume-label":"‮Sʎsʇǝɯ‬ ‮∀ʅɐɹɯ‬ ‮Ʌoʅnɯǝ‬","sound":"‮Sonup‬","noSound":"‮No‬ ‮Sonup‬","everyday":"‮Ǝʌǝɹʎ‬ ‮pɐʎ‬","weekdays":"‮Ｍǝǝʞpɐʎs‬","weekends":"‮Ｍǝǝʞǝups‬","never":"‮Nǝʌǝɹ‬","vibrateOn":"‮Ou‬","vibrateOff":"‮Oɟɟ‬","plusMinute":"+1 ‮Wıu‬","dateFormat":"%A, %B %e","countdown-lessThanAnHour":"‮⊥ɥǝ‬ ‮ɐʅɐɹɯ‬ ‮ıs‬ ‮sǝʇ‬ ‮ɟoɹ‬ <‮sʇɹouƃ‬>{{minutes}}</‮sʇɹouƃ‬> ‮ɟɹoɯ‬ ‮uoʍ‬.","countdown-moreThanAnHour":"‮⊥ɥǝ‬ ‮ɐʅɐɹɯ‬ ‮ıs‬ ‮sǝʇ‬ ‮ɟoɹ‬ {{hours}} {{minutes}} ‮ɟɹoɯ‬ ‮uoʍ‬.","countdown-moreThanADay":"‮⊥ɥǝ‬ ‮ɐʅɐɹɯ‬ ‮ıs‬ ‮sǝʇ‬ ‮ɟoɹ‬ {{days}} {{hours}} ‮ɟɹoɯ‬ ‮uoʍ‬.","nMinutes":{"_":{"zero":"‮ʅǝss‬ ‮ʇɥɐu‬ ‮ɐ‬ ‮ɯıunʇǝ‬","one":"‮ouǝ‬ ‮ɯıunʇǝ‬","two":"{{n}} ‮ɯıunʇǝs‬","few":"{{n}} ‮ɯıunʇǝs‬","many":"{{n}} ‮ɯıunʇǝs‬","other":"{{n}} ‮ɯıunʇǝs‬"}},"nHours":{"_":{"one":"<‮sʇɹouƃ‬>{{n}} ‮ɥonɹ‬</‮sʇɹouƃ‬>","two":"<‮sʇɹouƃ‬>{{n}} ‮ɥonɹs‬</‮sʇɹouƃ‬>","few":"<‮sʇɹouƃ‬>{{n}} ‮ɥonɹs‬</‮sʇɹouƃ‬>","many":"<‮sʇɹouƃ‬>{{n}} ‮ɥonɹs‬</‮sʇɹouƃ‬>","other":"<‮sʇɹouƃ‬>{{n}} ‮ɥonɹs‬</‮sʇɹouƃ‬>"}},"nAndRemainHours":{"_":{"one":"‮ɐup‬ <‮sʇɹouƃ‬>{{n}} ‮ɥonɹ‬</‮sʇɹouƃ‬>","two":"‮ɐup‬ <‮sʇɹouƃ‬>{{n}} ‮ɥonɹs‬</‮sʇɹouƃ‬>","few":"‮ɐup‬ <‮sʇɹouƃ‬>{{n}} ‮ɥonɹs‬</‮sʇɹouƃ‬>","many":"‮ɐup‬ <‮sʇɹouƃ‬>{{n}} ‮ɥonɹs‬</‮sʇɹouƃ‬>","other":"‮ɐup‬ <‮sʇɹouƃ‬>{{n}} ‮ɥonɹs‬</‮sʇɹouƃ‬>"}},"nRemainDays":{"_":{"one":"<‮sʇɹouƃ‬>{{n}} ‮pɐʎ‬</‮sʇɹouƃ‬>","two":"<‮sʇɹouƃ‬>{{n}} ‮pɐʎs‬</‮sʇɹouƃ‬>","few":"<‮sʇɹouƃ‬>{{n}} ‮pɐʎs‬</‮sʇɹouƃ‬>","many":"<‮sʇɹouƃ‬>{{n}} ‮pɐʎs‬</‮sʇɹouƃ‬>","other":"<‮sʇɹouƃ‬>{{n}} ‮pɐʎs‬</‮sʇɹouƃ‬>"}},"nRemainMinutes":{"_":{"one":"‮ɐup‬ <‮sʇɹouƃ‬>{{n}} ‮ɯıunʇǝ‬</‮sʇɹouƃ‬>","two":"‮ɐup‬ <‮sʇɹouƃ‬>{{n}} ‮ɯıunʇǝs‬</‮sʇɹouƃ‬>","few":"‮ɐup‬ <‮sʇɹouƃ‬>{{n}} ‮ɯıunʇǝs‬</‮sʇɹouƃ‬>","many":"‮ɐup‬ <‮sʇɹouƃ‬>{{n}} ‮ɯıunʇǝs‬</‮sʇɹouƃ‬>","other":"‮ɐup‬ <‮sʇɹouƃ‬>{{n}} ‮ɯıunʇǝs‬</‮sʇɹouƃ‬>"}},"nSpinnerSeconds":{"_":{"zero":"‮zǝɹo‬ ‮sǝɔoups‬","one":"‮ouǝ‬ ‮sǝɔoup‬","two":"{{n}} ‮sǝɔoups‬","few":"{{n}} ‮sǝɔoups‬","many":"{{n}} ‮sǝɔoups‬","other":"{{n}} ‮sǝɔoups‬"}},"nSpinnerMinutes":{"_":{"zero":"‮zǝɹo‬ ‮ɯıunʇǝs‬","one":"‮ouǝ‬ ‮ɯıunʇǝ‬","two":"{{n}} ‮ɯıunʇǝs‬","few":"{{n}} ‮ɯıunʇǝs‬","many":"{{n}} ‮ɯıunʇǝs‬","other":"{{n}} ‮ɯıunʇǝs‬"}},"nSpinnerHours":{"_":{"zero":"‮zǝɹo‬ ‮ɥonɹs‬","one":"{{n}} ‮ɥonɹ‬","two":"{{n}} ‮ɥonɹs‬","few":"{{n}} ‮ɥonɹs‬","many":"{{n}} ‮ɥonɹs‬","other":"{{n}} ‮ɥonɹs‬"}}}