{"weekday-0-long":"星期日","weekday-1-long":"星期一","weekday-2-long":"星期二","weekday-3-long":"星期三","weekday-4-long":"星期四","weekday-5-long":"星期五","weekday-6-long":"星期六","weekday-0-short":"週日","weekday-1-short":"週一","weekday-2-short":"週二","weekday-3-short":"週三","weekday-4-short":"週四","weekday-5-short":"週五","weekday-6-short":"週六","month-0-long":"一月","month-1-long":"二月","month-2-long":"三月","month-3-long":"四月","month-4-long":"五月","month-5-long":"六月","month-6-long":"七月","month-7-long":"八月","month-8-long":"九月","month-9-long":"十月","month-10-long":"十一月","month-11-long":"十二月","month-0-genitive":"1 月","month-1-genitive":"2 月","month-2-genitive":"3 月","month-3-genitive":"4 月","month-4-genitive":"5 月","month-5-genitive":"6 月","month-6-genitive":"7 月","month-7-genitive":"8 月","month-8-genitive":"9 月","month-9-genitive":"10 月","month-10-genitive":"11 月","month-11-genitive":"12 月","month-0-short":"1 月","month-1-short":"2 月","month-2-short":"3 月","month-3-short":"4 月","month-4-short":"5 月","month-5-short":"6 月","month-6-short":"7 月","month-7-short":"8 月","month-8-short":"9 月","month-9-short":"10 月","month-10-short":"11 月","month-11-short":"12 月","minutes-ago-long":{"_index":["plural","value"],"_":{"zero":"剛剛","one":"1 分鐘前","two":"{{value}} 分鐘前","few":"{{value}} 分鐘前","many":"{{value}} 分鐘前","other":"{{value}} 分鐘前"}},"hours-ago-long":{"_index":["plural","value"],"_":{"zero":"剛剛","one":"1 小時前","two":"{{value}} 小時前","few":"{{value}} 小時前","many":"{{value}} 小時前","other":"{{value}} 小時前"}},"days-ago-long":{"_index":["plural","value"],"_":{"zero":"今天","one":"昨天","two":"{{value}} 天前","few":"{{value}} 天前","many":"{{value}} 天前","other":"{{value}} 天前"}},"weeks-ago-long":{"_index":["plural","value"],"_":{"zero":"本週","one":"上週","two":"{{value}} 週前","few":"{{value}} 週前","many":"{{value}} 週前","other":"{{value}} 週前"}},"months-ago-long":{"_index":["plural","value"],"_":{"zero":"本月","one":"上月","two":"{{value}} 月前","few":"{{value}} 月前","many":"{{value}} 月前","other":"{{value}} 月前"}},"years-ago-long":{"_index":["plural","value"],"_":{"zero":"今年","one":"去年","two":"{{value}} 年前","few":"{{value}} 年前","many":"{{value}} 年前","other":"{{value}} 年前"}},"minutes-until-long":{"_index":["plural","value"],"_":{"zero":"現在","one":"1 分鐘內","two":"{{value}} 分鐘內","few":"{{value}} 分鐘內","many":"{{value}} 分鐘內","other":"{{value}} 分鐘內"}},"hours-until-long":{"_index":["plural","value"],"_":{"zero":"現在","one":"1 小時內","two":"{{value}} 小時前","few":"{{value}} 小時前","many":"{{value}} 小時前","other":"{{value}} 小時前"}},"days-until-long":{"_index":["plural","value"],"_":{"zero":"今天","one":"明天","two":"{{value}} 天內","few":"{{value}} 天內","many":"{{value}} 天內","other":"{{value}} 天內"}},"weeks-until-long":{"_index":["plural","value"],"_":{"zero":"本週","one":"下週","two":"{{value}} 週內","few":"{{value}} 週內","many":"{{value}} 週內","other":"{{value}} 週內"}},"months-until-long":{"_index":["plural","value"],"_":{"zero":"本月","one":"下月","two":"{{value}} 月內","few":"{{value}} 月內","many":"{{value}} 月內","other":"{{value}} 月內"}},"years-until-long":{"_index":["plural","value"],"_":{"zero":"今年","one":"明年","two":"{{value}} 年內","few":"{{value}} 年內","many":"{{value}} 年內","other":"{{value}} 年內"}},"minutes-ago-short":{"_index":["plural","value"],"_":{"zero":"剛剛","other":"{{value}} 分前"}},"hours-ago-short":{"_index":["plural","value"],"_":{"zero":"剛剛","other":"{{value}} 時前"}},"days-ago-short":{"_index":["plural","value"],"_":{"zero":"今天","other":"{{value}} 天前"}},"minutes-until-short":{"_index":["plural","value"],"_":{"zero":"現在","other":"{{value}} 分內"}},"hours-until-short":{"_index":["plural","value"],"_":{"zero":"現在","other":"{{value}} 時內"}},"days-until-short":{"_index":["plural","value"],"_":{"zero":"今天","other":"{{value}} 天內"}},"incorrectDate":"（日期不正確）","dateTimeFormat_%c":"%Y年%b%d日 %a %p %I:%M:%S","dateTimeFormat_%x":"%Y/%m/%d","dateTimeFormat_%X":"%p %I:%M:%S","shortTimeFormat":"%p %I:%M","shortDateTimeFormat":"%x %p %I:%M","weekStartsOnMonday":"1","time_am":"上午","time_pm":"下午","ac_classic_clock_alarm_opus":"Classic Buzz","ac_classic_clock_alarm_prog_opus2":"Pulse Progressive","ac_classic_clock_radio_opus":"Classic Pulse","ac_normal_gem_echoes_opus":"Gem Echoes","ac_soft_smooth_strings_opus":"Smooth Strings","ac_soft_humming_waves_opus":"Shimmering Waves","ac_normal_ringing_strings_opus":"Ringing Strings","ac_soft_into_the_void_opus":"Into the Void","reset":"重設","start":"開始","stop":"停止","cancel":"取消","hour":"時","hours":"時","minute":"分","minutes":"分","alarm":"鬧鐘","timer":"計時器","stopwatch":"碼錶","alarmName":{"placeholder":"鬧鐘名稱"},"newAlarm":"新增鬧鐘","editAlarm":"編輯鬧鐘","pause":"暫停","resume":"繼續","lap":"分段","lap-number":"第 {{n}} 圈","delete":"刪除","time":"時間","snooze-label":"貪睡","snooze-button":"貪睡","repeat":"重複於","vibrate":"震動","close":"關閉","save":"儲存","done":"完成","closeButton":{"ariaLabel":"Close"},"newAlarmButton":{"ariaLabel":"New alarm"},"alarm-volume-label":"System Alarm Volume","sound":"音效","noSound":"無聲","everyday":"每天","weekdays":"工作日","weekends":"周末","never":"永不","vibrateOn":"開啟","vibrateOff":"關閉","plusMinute":"+1 分","dateFormat":"%b %e 日 %A","countdown-lessThanAnHour":"鬧鐘將在 <strong>{{minutes}}</strong> 後啟動。","countdown-moreThanAnHour":"鬧鐘將在 {{hours}} {{minutes}} 後啟動。","countdown-moreThanADay":"鬧鈴已設定於 {{days}} {{hours}} 後","nMinutes":{"_index":["plural","n"],"_":{"zero":"不到一分鐘","one":"一分鐘","two":"{{n}} 分鐘","few":"{{n}} 分鐘","many":"{{n}} 分鐘","other":"{{n}} 分鐘"}},"nHours":{"_index":["plural","n"],"_":{"one":"<strong>{{n}} 小時</strong>","two":"<strong>{{n}} 小時</strong>","few":"<strong>{{n}} 小時</strong>","many":"<strong>{{n}} 小時</strong>","other":"<strong>{{n}} 小時</strong>"}},"nAndRemainHours":{"_index":["plural","n"],"_":{"one":"<strong>{{n}} 小時</strong>","two":"<strong>{{n}} 小時</strong>","few":"<strong>{{n}} 小時</strong>","many":"<strong>{{n}} 小時</strong>","other":"<strong>{{n}} 小時</strong>"}},"nRemainDays":{"_index":["plural","n"],"_":{"one":"<strong>{{n}} 天</strong>","two":"<strong>{{n}} 天</strong>","few":"<strong>{{n}} 天</strong>","many":"<strong>{{n}} 天</strong>","other":"<strong>{{n}} 天</strong>"}},"nRemainMinutes":{"_index":["plural","n"],"_":{"one":"<strong>{{n}} 分鐘</strong>","two":"<strong>{{n}} 分鐘</strong>","few":"<strong>{{n}} 分鐘</strong>","many":"<strong>{{n}} 分鐘</strong>","other":"<strong>{{n}} 分鐘</strong>"}},"nSpinnerSeconds":{"_index":["plural","n"],"_":{"zero":"zero seconds","one":"one second","two":"{{n}} seconds","few":"{{n}} seconds","many":"{{n}} seconds","other":"{{n}} seconds"}},"nSpinnerMinutes":{"_index":["plural","n"],"_":{"zero":"zero minutes","one":"one minute","two":"{{n}} minutes","few":"{{n}} minutes","many":"{{n}} minutes","other":"{{n}} minutes"}},"nSpinnerHours":{"_index":["plural","n"],"_":{"zero":"zero hours","one":"{{n}} hour","two":"{{n}} hours","few":"{{n}} hours","many":"{{n}} hours","other":"{{n}} hours"}}}