{"topup-confirmation-title2":{"_":"用量"},"topup-confirmation-message":{"_":"儲值成功。"},"topup-incorrectcode-title2":{"_":"使用量"},"topup-incorrectcode-message3":{"_":"輸入了錯誤的儲值碼。"},"updating":{"_":"更新中"},"updating-ellipsis":{"_":"更新中…"},"yesterday":{"_":"昨天"},"today":{"_":"今天"},"never":{"_":"永不"},"magnitude":{"_":"{{value}} {{unit}}"},"currency":{"_":"{{currency}}{{value}}"},"widget":{"_":"用量小工具"},"widget-authed-sim-heading":{"_":"插入了 {{provider}} 的新 SIM 卡"},"widget-authed-sim-meta":{"_":"點擊此處追蹤您的通話與網路使用量。"},"widget-nonauthed-sim-heading":{"_":"已插入新的 SIM 卡"},"widget-nonauthed-sim-meta":{"_":"點擊此處追蹤您的網路使用量。"},"widget-no-sim2-heading":{"_":"未插入 SIM 卡"},"widget-no-sim2-meta":{"_":"插入 SIM 卡以啟用用量統計。"},"widget-sim-locked-heading":{"_":"SIM 卡已鎖定"},"widget-sim-locked-meta":{"_":"解鎖您的 SIM 卡以啟用用量統計。"},"fte":{"_":"用量首次體驗"},"fte-authed-sim":{"_":"透過追蹤您的通話與網路使用量來節省費用支出。"},"fte-nonauthed-sim":{"_":"透過追蹤您的網路使用量來節省費用支出。"},"fte-no-sim":{"_":"取得您使用了多少網際網路流量的詳細資訊。"},"fte-sim-info2":{"_":"用量應用程式中顯示的資訊直接取自於此裝置所記錄的資料，請聯絡您的電信業者以取得詳細的使用資訊。"},"fte-plantype-title":{"_":"合約類型"},"fte-plantype-hint":{"_":"選擇您與電信業者所簽署的合約類型。"},"fte-prepaid2-title":{"_":"餘額不足警示"},"fte-prepaid2-hint":{"_":"在通話額度不足時傳送警示。"},"fte-prepaid3-title":{"_":"流量報告與警示"},"fte-prepaid3-hint":{"_":"接收您的網際網路用量報告，並設定警示以避免超過流量門檻。"},"fte-postpaid2-title":{"_":"通話與數據用量報告"},"fte-postpaid2-hint":{"_":"接收您的通話與網路用量報告。"},"fte-postpaid3-title":{"_":"數據用量警示"},"fte-postpaid3-hint":{"_":"傳送警示以避免超過流量門檻。"},"fte-onlydata2-title":{"_":"數據流量報告"},"fte-onlydata2-hint":{"_":"取得您的網路使用量報告"},"fte-onlydata3-title":{"_":"數據用量警示"},"fte-onlydata3-hint":{"_":"設定警示以避免使用太多數據流量。"},"phone-activity":{"_":"手機活動"},"balance":{"_":"餘額"},"on-roaming-message2":{"_":"漫遊中: 將不會自動更新餘額，您手動更新時可能會被收費。"},"balance-error-message2":{"_":"餘額未正確更新，請嘗試手動更新。"},"airplane-mode-error-message2":{"_":"關閉飛航模式以更新您的餘額或儲值。"},"disable-airplane-mode":{"_":"您是否想要停用飛航模式以更新或儲值餘額？"},"no-coverage-error-message2":{"_":"您需要在訊號範圍內才能更新餘額或儲值。"},"top-up":{"_":"儲值"},"enter-top-up-code":{"_":"輸入儲值代碼"},"top-up-code-explanation2":{"_":"您可以在刮刮卡或儲值明細上找到。"},"wait-for-confirmation":{"_":"您將會收到一封確認訊息"},"incorrect-code2":{"_":"請確定您的代碼正確並再試一次。"},"topup-error2":{"_":"傳送代碼時發生錯誤，請再試一次。"},"application-error-title":{"_":"無法使用服務"},"application-error-message":{"_":"請聯絡您的公司客服人員"},"service-unavailable-title":{"_":"無法使用服務"},"service-unavailable-message":{"_":"目前無法儲值也無法更新餘額資訊，請稍候並再試一次。"},"data-usage":{"_":"數據使用量"},"update-button":{"_":"更新"},"topup-button2":{"_":"使用儲值代碼"},"topup-ussd-button2":{"_":"開啟儲值選單"},"ok":{"_":"確定"},"top-up-in-progress2":{"_":"正在處理您的儲值。"},"top-up-timed-out2":{"_":"請更新您的餘額已確定儲值是否成功。若餘額未變動，請嘗試再次儲值。"},"on-topup-not-confirmed-title":{"_":"儲值未確認"},"on-topup-not-confirmed-message":{"_":"請更新您的餘額資訊，或再儲值一次。"},"send":{"_":"傳送"},"plantype-setup-title":{"_":"我的通話與網際網路費率為"},"prepaid":{"_":"預付"},"postpaid":{"_":"後付"},"phoneactivity":{"_":"手機活動"},"short-date-format":{"_":"%b %d 日"},"telephony":{"_":"通話"},"sms-sent":{"_":"已傳送的簡訊"},"call-made":{"_":"已撥打的電話"},"settings":{"_":"設定"},"low-balance-alert":{"_":"餘額不足警示"},"low-balance-explanation2":{"_":"當餘額少於"},"phone-and-internet-data-report":{"_":"電話與網路數據報告"},"starting-on":{"_":"開始於"},"cancel":{"_":"取消"},"set":{"_":"設定"},"set-day":{"_":"設定天數"},"set-date":{"_":"設定日期"},"tracking-period-setup-title":{"_":"重設追蹤"},"monthly":{"_":"每個月"},"weekly":{"_":"每星期"},"weekday-reset-setup-title":{"_":"設定期間開始日"},"reset-monthday-setup-title":{"_":"設定期間開始日期"},"monday":{"_":"星期一"},"tuesday":{"_":"星期二"},"wednesday":{"_":"星期三"},"thursday":{"_":"星期四"},"friday":{"_":"星期五"},"saturday":{"_":"星期六"},"sunday":{"_":"星期日"},"monday-abbr":{"_":"一"},"tuesday-abbr":{"_":"星期二"},"wednesday-abbr":{"_":"三"},"thursday-abbr":{"_":"四"},"friday-abbr":{"_":"五"},"saturday-abbr":{"_":"六"},"sunday-abbr":{"_":"日"},"billing-cycle-ends":{"_":"帳務週期結束於"},"tracking-will-reset":{"_":"將於此日期重設追蹤"},"yes":{"_":"是"},"done":{"_":"完成"},"confirmation":{"_":"確認"},"reset-confirmation-warning":{"_":"所有目前的資料將會被刪除，您確定要重設嗎？"},"reset":{"_":"重設"},"reset-wifi":{"_":"Reset Wi-Fi usage"},"reset-mobile":{"_":"Reset mobile usage"},"reset-all-data-usage":{"_":"Reset mobile & Wi-Fi data"},"not-set":{"_":"未設定"},"used":{"_":"已用"},"limit-passed":{"_":"已超過限制"},"limit":{"_":"限制"},"data-limit-header":{"_":"數據用量限制"},"data-limit-alert":{"_":"數據連線使用警示"},"data-limit-value2":{"_":"當使用量大於"},"data-limit-dialog-title2":{"_":"輸入行動數據限制警示"},"data-limit-dialog-explanation2":{"_":"網路使用量超過限制後連線速度將會下降。請洽詢您的電信業者以設定合適的警示標準。"},"3g-data-usage":{"_":"3G 數據使用量"},"3g-usage":{"_":"3G 用量"},"wifi-usage":{"_":"Wi-Fi 用量"},"mobile-usage":{"_":"行動用量"},"select-plan-type":{"_":"選取您的方案類型"},"im-prepaid":{"_":"我是預付"},"im-prepaid-controle":{"_":"我是預付 / Controle"},"im-postpaid":{"_":"我是後付"},"set-balance-reminders":{"_":"設定餘額提醒"},"set-internet-report":{"_":"設定網際網路報告與提醒"},"set-internet-reminders":{"_":"設定網際網路提醒"},"set-a-data-use-reminder":{"_":"設定數據使用提醒"},"set-data-report-and-reminder":{"_":"設定數據報告與提醒"},"set-internet-data-report":{"_":"設定網際網路數據報告"},"reset-data-usage":{"_":"Reset data usage"},"reset-report":{"_":"重設報告"},"reset-tracking":{"_":"重設追蹤"},"next":{"_":"下一頁"},"back":{"_":"上一頁"},"lets-go":{"_":"出發！"},"alert":{"_":"警示"},"alert-limit":{"_":"警示限制"},"fte-welcome-title":{"_":"歡迎"},"fte-welcome-message":{"_":"開始追蹤您的手機與數據活動。"},"new-sim-inserted":{"_":"已插入新的 SIM 卡"},"new-sim-inserted-carrier":{"_":"已插入新的 {{carrier}} SIM 卡"},"new-sim-inserted-all-available":{"_":"設置手機與數據報告"},"new-sim-inserted-only-data-available":{"_":"手機報告無法使用，設置數據報告"},"data-limit-notification-title2":{"_":"使用了 {{limit}} 的數據傳輸量"},"data-limit-notification-text2":{"_":"已超過了您設定的限制大小"},"low-balance-notification-title":{"_":"餘額低"},"low-balance-notification-text":{"_":"剩餘 {{remaining}} 通話額度"},"zero-balance-message":{"_":"餘額已歸零，無剩餘通話額度。"},"not-available":{"_":"無法使用"},"usage":{"_":"使用量"},"internet":{"_":"網際網路"},"phone":{"_":"電話"},"loading-interface-data":{"_":"Loading interface data. Please retry in a while."},"chart-date-format":{"_":"%b 月 %e 日"},"verbose-chart-date-format":{"_":"{{em-month}} {{monthday-number}}"},"em-month-0":{"_":"1 月"},"em-month-1":{"_":"2 月"},"em-month-2":{"_":"3 月"},"em-month-3":{"_":"4 月"},"em-month-4":{"_":"5 月"},"em-month-5":{"_":"6 月"},"em-month-6":{"_":"7 月"},"em-month-7":{"_":"8 月"},"em-month-8":{"_":"9 月"},"em-month-9":{"_":"10 月"},"em-month-10":{"_":"11 月"},"em-month-11":{"_":"12 月"},"day-hour-format":{"_":"{{day}}, {{time}}"},"B":{"_":"B"},"KB":{"_":"KB"},"MB":{"_":"MB"},"GB":{"_":"GB"},"weekday-0-long":{"_":"星期日"},"weekday-1-long":{"_":"星期一"},"weekday-2-long":{"_":"星期二"},"weekday-3-long":{"_":"星期三"},"weekday-4-long":{"_":"星期四"},"weekday-5-long":{"_":"星期五"},"weekday-6-long":{"_":"星期六"},"weekday-0-short":{"_":"日"},"weekday-1-short":{"_":"一"},"weekday-2-short":{"_":"二"},"weekday-3-short":{"_":"三"},"weekday-4-short":{"_":"四"},"weekday-5-short":{"_":"五"},"weekday-6-short":{"_":"六"},"month-0-long":{"_":"一月"},"month-1-long":{"_":"二月"},"month-2-long":{"_":"三月"},"month-3-long":{"_":"四月"},"month-4-long":{"_":"五月"},"month-5-long":{"_":"六月"},"month-6-long":{"_":"七月"},"month-7-long":{"_":"八月"},"month-8-long":{"_":"九月"},"month-9-long":{"_":"十月"},"month-10-long":{"_":"十一月"},"month-11-long":{"_":"十二月"},"month-0-genitive":{"_":"1 月"},"month-1-genitive":{"_":"2 月"},"month-2-genitive":{"_":"3 月"},"month-3-genitive":{"_":"4 月"},"month-4-genitive":{"_":"5 月"},"month-5-genitive":{"_":"6 月"},"month-6-genitive":{"_":"7 月"},"month-7-genitive":{"_":"8 月"},"month-8-genitive":{"_":"9 月"},"month-9-genitive":{"_":"10 月"},"month-10-genitive":{"_":"11 月"},"month-11-genitive":{"_":"12 月"},"month-0-short":{"_":"1 月"},"month-1-short":{"_":"2 月"},"month-2-short":{"_":"3 月"},"month-3-short":{"_":"4 月"},"month-4-short":{"_":"5 月"},"month-5-short":{"_":"6 月"},"month-6-short":{"_":"7 月"},"month-7-short":{"_":"8 月"},"month-8-short":{"_":"9 月"},"month-9-short":{"_":"10 月"},"month-10-short":{"_":"11 月"},"month-11-short":{"_":"12 月"},"minutes-ago-long":{"_":"{[ plural(value) ]}","_[zero]":"剛剛","_[one]":"1 分鐘前","_[two]":"{{value}} 分鐘前","_[few]":"{{value}} 分鐘前","_[many]":"{{value}} 分鐘前","_[other]":"{{value}} 分鐘前"},"hours-ago-long":{"_":"{[ plural(value) ]}","_[zero]":"剛剛","_[one]":"1 小時前","_[two]":"{{value}} 小時前","_[few]":"{{value}} 小時前","_[many]":"{{value}} 小時前","_[other]":"{{value}} 小時前"},"days-ago-long":{"_":"{[ plural(value) ]}","_[zero]":"今天","_[one]":"昨天","_[two]":"{{value}} 天前","_[few]":"{{value}} 天前","_[many]":"{{value}} 天前","_[other]":"{{value}} 天前"},"weeks-ago-long":{"_":"{[ plural(value) ]}","_[zero]":"本週","_[one]":"上週","_[two]":"{{value}} 週前","_[few]":"{{value}} 週前","_[many]":"{{value}} 週前","_[other]":"{{value}} 週前"},"months-ago-long":{"_":"{[ plural(value) ]}","_[zero]":"本月","_[one]":"上月","_[two]":"{{value}} 月前","_[few]":"{{value}} 月前","_[many]":"{{value}} 月前","_[other]":"{{value}} 月前"},"years-ago-long":{"_":"{[ plural(value) ]}","_[zero]":"今年","_[one]":"去年","_[two]":"{{value}} 年前","_[few]":"{{value}} 年前","_[many]":"{{value}} 年前","_[other]":"{{value}} 年前"},"minutes-until-long":{"_":"{[ plural(value) ]}","_[zero]":"現在","_[one]":"1 分鐘內","_[two]":"{{value}} 分鐘內","_[few]":"{{value}} 分鐘內","_[many]":"{{value}} 分鐘內","_[other]":"{{value}} 分鐘內"},"hours-until-long":{"_":"{[ plural(value) ]}","_[zero]":"現在","_[one]":"1 小時內","_[two]":"{{value}} 小時前","_[few]":"{{value}} 小時前","_[many]":"{{value}} 小時前","_[other]":"{{value}} 小時前"},"days-until-long":{"_":"{[ plural(value) ]}","_[zero]":"今天","_[one]":"明天","_[two]":"{{value}} 天內","_[few]":"{{value}} 天內","_[many]":"{{value}} 天內","_[other]":"{{value}} 天內"},"weeks-until-long":{"_":"{[ plural(value) ]}","_[zero]":"本週","_[one]":"下週","_[two]":"{{value}} 週內","_[few]":"{{value}} 週內","_[many]":"{{value}} 週內","_[other]":"{{value}} 週內"},"months-until-long":{"_":"{[ plural(value) ]}","_[zero]":"本月","_[one]":"下月","_[two]":"{{value}} 月內","_[few]":"{{value}} 月內","_[many]":"{{value}} 月內","_[other]":"{{value}} 月內"},"years-until-long":{"_":"{[ plural(value) ]}","_[zero]":"今年","_[one]":"明年","_[two]":"{{value}} 年內","_[few]":"{{value}} 年內","_[many]":"{{value}} 年內","_[other]":"{{value}} 年內"},"minutes-ago-short":{"_":"{[ plural(value) ]}","_[zero]":"剛剛","_[other]":"{{value}} 分前"},"hours-ago-short":{"_":"{[ plural(value) ]}","_[zero]":"剛剛","_[other]":"{{value}} 時前"},"days-ago-short":{"_":"{[ plural(value) ]}","_[zero]":"今天","_[other]":"{{value}} 天前"},"minutes-until-short":{"_":"{[ plural(value) ]}","_[zero]":"現在","_[other]":"{{value}} 分內"},"hours-until-short":{"_":"{[ plural(value) ]}","_[zero]":"現在","_[other]":"{{value}} 時內"},"days-until-short":{"_":"{[ plural(value) ]}","_[zero]":"今天","_[other]":"{{value}} 天內"},"incorrectDate":{"_":"（日期不正確）"},"dateTimeFormat_%c":{"_":"%Y年%b%d日 %a %p %I:%M:%S"},"dateTimeFormat_%x":{"_":"%Y/%m/%d"},"dateTimeFormat_%X":{"_":"%p %I:%M:%S"},"shortTimeFormat":{"_":"%p %I:%M"},"shortDateTimeFormat":{"_":"%x %p %I:%M"},"weekStartsOnMonday":{"_":"1"}}