{"tz-region":"Region","tz-city":"City","tzRegion-Africa":"Africa","tzRegion-America":"America","tzRegion-Antarctica":"Antarctica","tzRegion-Asia":"Asia","tzRegion-Atlantic":"Atlantic Ocean","tzRegion-Australia":"Australia","tzRegion-Europe":"Europe","tzRegion-Indian":"Indian Ocean","tzRegion-Pacific":"Pacific Ocean","weekday-0-long":"Sunday","weekday-1-long":"Monday","weekday-2-long":"Tuesday","weekday-3-long":"Wednesday","weekday-4-long":"Thursday","weekday-5-long":"Friday","weekday-6-long":"Saturday","weekday-0-short":"Sun","weekday-1-short":"Mon","weekday-2-short":"Tue","weekday-3-short":"Wed","weekday-4-short":"Thu","weekday-5-short":"Fri","weekday-6-short":"Sat","month-0-long":"January","month-1-long":"February","month-2-long":"March","month-3-long":"April","month-4-long":"May","month-5-long":"June","month-6-long":"July","month-7-long":"August","month-8-long":"September","month-9-long":"October","month-10-long":"November","month-11-long":"December","month-0-genitive":"January","month-1-genitive":"February","month-2-genitive":"March","month-3-genitive":"April","month-4-genitive":"May","month-5-genitive":"June","month-6-genitive":"July","month-7-genitive":"August","month-8-genitive":"September","month-9-genitive":"October","month-10-genitive":"November","month-11-genitive":"December","month-0-short":"Jan","month-1-short":"Feb","month-2-short":"Mar","month-3-short":"Apr","month-4-short":"May","month-5-short":"Jun","month-6-short":"Jul","month-7-short":"Aug","month-8-short":"Sep","month-9-short":"Oct","month-10-short":"Nov","month-11-short":"Dec","minutes-ago-long":{"index":[{"type":"call","expr":{"type":"prop","expr":{"type":"glob","name":"cldr"},"prop":"plural","cmpt":false},"args":[{"type":"idOrVar","name":"value"}]}],"value":{"zero":"just now","one":"a minute ago","two":[{"type":"idOrVar","name":"value"}," minutes ago"],"few":[{"type":"idOrVar","name":"value"}," minutes ago"],"many":[{"type":"idOrVar","name":"value"}," minutes ago"],"other":[{"type":"idOrVar","name":"value"}," minutes ago"]}},"hours-ago-long":{"index":[{"type":"call","expr":{"type":"prop","expr":{"type":"glob","name":"cldr"},"prop":"plural","cmpt":false},"args":[{"type":"idOrVar","name":"value"}]}],"value":{"zero":"just now","one":"an hour ago","two":[{"type":"idOrVar","name":"value"}," hours ago"],"few":[{"type":"idOrVar","name":"value"}," hours ago"],"many":[{"type":"idOrVar","name":"value"}," hours ago"],"other":[{"type":"idOrVar","name":"value"}," hours ago"]}},"days-ago-long":{"index":[{"type":"call","expr":{"type":"prop","expr":{"type":"glob","name":"cldr"},"prop":"plural","cmpt":false},"args":[{"type":"idOrVar","name":"value"}]}],"value":{"zero":"today","one":"yesterday","two":[{"type":"idOrVar","name":"value"}," days ago"],"few":[{"type":"idOrVar","name":"value"}," days ago"],"many":[{"type":"idOrVar","name":"value"}," days ago"],"other":[{"type":"idOrVar","name":"value"}," days ago"]}},"weeks-ago-long":{"index":[{"type":"call","expr":{"type":"prop","expr":{"type":"glob","name":"cldr"},"prop":"plural","cmpt":false},"args":[{"type":"idOrVar","name":"value"}]}],"value":{"zero":"this week","one":"last week","two":[{"type":"idOrVar","name":"value"}," weeks ago"],"few":[{"type":"idOrVar","name":"value"}," weeks ago"],"many":[{"type":"idOrVar","name":"value"}," weeks ago"],"other":[{"type":"idOrVar","name":"value"}," weeks ago"]}},"months-ago-long":{"index":[{"type":"call","expr":{"type":"prop","expr":{"type":"glob","name":"cldr"},"prop":"plural","cmpt":false},"args":[{"type":"idOrVar","name":"value"}]}],"value":{"zero":"this month","one":"last month","two":[{"type":"idOrVar","name":"value"}," months ago"],"few":[{"type":"idOrVar","name":"value"}," months ago"],"many":[{"type":"idOrVar","name":"value"}," months ago"],"other":[{"type":"idOrVar","name":"value"}," months ago"]}},"years-ago-long":{"index":[{"type":"call","expr":{"type":"prop","expr":{"type":"glob","name":"cldr"},"prop":"plural","cmpt":false},"args":[{"type":"idOrVar","name":"value"}]}],"value":{"zero":"this year","one":"last year","two":[{"type":"idOrVar","name":"value"}," years ago"],"few":[{"type":"idOrVar","name":"value"}," years ago"],"many":[{"type":"idOrVar","name":"value"}," years ago"],"other":[{"type":"idOrVar","name":"value"}," years ago"]}},"minutes-until-long":{"index":[{"type":"call","expr":{"type":"prop","expr":{"type":"glob","name":"cldr"},"prop":"plural","cmpt":false},"args":[{"type":"idOrVar","name":"value"}]}],"value":{"zero":"now","one":"in a minute","two":["in ",{"type":"idOrVar","name":"value"}," minutes"],"few":["in ",{"type":"idOrVar","name":"value"}," minutes"],"many":["in ",{"type":"idOrVar","name":"value"}," minutes"],"other":["in ",{"type":"idOrVar","name":"value"}," minutes"]}},"hours-until-long":{"index":[{"type":"call","expr":{"type":"prop","expr":{"type":"glob","name":"cldr"},"prop":"plural","cmpt":false},"args":[{"type":"idOrVar","name":"value"}]}],"value":{"zero":"now","one":"in an hour","two":["in ",{"type":"idOrVar","name":"value"}," hours"],"few":["in ",{"type":"idOrVar","name":"value"}," hours"],"many":["in ",{"type":"idOrVar","name":"value"}," hours"],"other":["in ",{"type":"idOrVar","name":"value"}," hours"]}},"days-until-long":{"index":[{"type":"call","expr":{"type":"prop","expr":{"type":"glob","name":"cldr"},"prop":"plural","cmpt":false},"args":[{"type":"idOrVar","name":"value"}]}],"value":{"zero":"today","one":"tomorrow","two":["in ",{"type":"idOrVar","name":"value"}," days"],"few":["in ",{"type":"idOrVar","name":"value"}," days"],"many":["in ",{"type":"idOrVar","name":"value"}," days"],"other":["in ",{"type":"idOrVar","name":"value"}," days"]}},"weeks-until-long":{"index":[{"type":"call","expr":{"type":"prop","expr":{"type":"glob","name":"cldr"},"prop":"plural","cmpt":false},"args":[{"type":"idOrVar","name":"value"}]}],"value":{"zero":"this week","one":"next week","two":["in ",{"type":"idOrVar","name":"value"}," weeks"],"few":["in ",{"type":"idOrVar","name":"value"}," weeks"],"many":["in ",{"type":"idOrVar","name":"value"}," weeks"],"other":["in ",{"type":"idOrVar","name":"value"}," weeks"]}},"months-until-long":{"index":[{"type":"call","expr":{"type":"prop","expr":{"type":"glob","name":"cldr"},"prop":"plural","cmpt":false},"args":[{"type":"idOrVar","name":"value"}]}],"value":{"zero":"this month","one":"next month","two":["in ",{"type":"idOrVar","name":"value"}," months"],"few":["in ",{"type":"idOrVar","name":"value"}," months"],"many":["in ",{"type":"idOrVar","name":"value"}," months"],"other":["in ",{"type":"idOrVar","name":"value"}," months"]}},"years-until-long":{"index":[{"type":"call","expr":{"type":"prop","expr":{"type":"glob","name":"cldr"},"prop":"plural","cmpt":false},"args":[{"type":"idOrVar","name":"value"}]}],"value":{"zero":"this year","one":"next year","two":["in ",{"type":"idOrVar","name":"value"}," years"],"few":["in ",{"type":"idOrVar","name":"value"}," years"],"many":["in ",{"type":"idOrVar","name":"value"}," years"],"other":["in ",{"type":"idOrVar","name":"value"}," years"]}},"minutes-ago-short":{"index":[{"type":"call","expr":{"type":"prop","expr":{"type":"glob","name":"cldr"},"prop":"plural","cmpt":false},"args":[{"type":"idOrVar","name":"value"}]}],"value":{"zero":"just now","other":[{"type":"idOrVar","name":"value"},"m ago"]}},"hours-ago-short":{"index":[{"type":"call","expr":{"type":"prop","expr":{"type":"glob","name":"cldr"},"prop":"plural","cmpt":false},"args":[{"type":"idOrVar","name":"value"}]}],"value":{"zero":"just now","other":[{"type":"idOrVar","name":"value"},"h ago"]}},"days-ago-short":{"index":[{"type":"call","expr":{"type":"prop","expr":{"type":"glob","name":"cldr"},"prop":"plural","cmpt":false},"args":[{"type":"idOrVar","name":"value"}]}],"value":{"zero":"today","other":[{"type":"idOrVar","name":"value"},"d ago"]}},"minutes-until-short":{"index":[{"type":"call","expr":{"type":"prop","expr":{"type":"glob","name":"cldr"},"prop":"plural","cmpt":false},"args":[{"type":"idOrVar","name":"value"}]}],"value":{"zero":"now","other":["in ",{"type":"idOrVar","name":"value"},"m"]}},"hours-until-short":{"index":[{"type":"call","expr":{"type":"prop","expr":{"type":"glob","name":"cldr"},"prop":"plural","cmpt":false},"args":[{"type":"idOrVar","name":"value"}]}],"value":{"zero":"now","other":["in ",{"type":"idOrVar","name":"value"},"h"]}},"days-until-short":{"index":[{"type":"call","expr":{"type":"prop","expr":{"type":"glob","name":"cldr"},"prop":"plural","cmpt":false},"args":[{"type":"idOrVar","name":"value"}]}],"value":{"zero":"today","other":["in ",{"type":"idOrVar","name":"value"},"d"]}},"incorrectDate":"(incorrect date)","dateTimeFormat_%c":"%a %b %e %Y %I:%M:%S %p","dateTimeFormat_%x":"%m/%d/%Y","dateTimeFormat_%X":"%I:%M:%S %p","shortTimeFormat":"%I:%M %p","shortTimeFormat12":"%I:%M %p","shortTimeFormat24":"%H:%M","shortDateTimeFormat":"%x %I:%M %p","weekStartsOnMonday":"0","firstDayOfTheWeek":"0","timePickerOrder":"HMp","datePickerOrder":"MDY","hourMinutesSeparator":":","listSeparator_middle":", ","time_am":"AM","time_pm":"PM","durationPattern":"hh:mm:ss.SS","pincode2":"Enter PIN code","type_pin":"Type your PIN code","pincodeLabel":{"value":["SIM ",{"type":"idOrVar","name":"n"}," PIN"]},"pinValidation":"PIN must have between 4 and 8 characters.","pinError":"The PIN was incorrect.","pinAttemptMsg2":{"index":[{"type":"call","expr":{"type":"prop","expr":{"type":"glob","name":"cldr"},"prop":"plural","cmpt":false},"args":[{"type":"idOrVar","name":"n"}]}],"value":{"one":"You have one try left to enter the correct code before locking the SIM card.","two":["You have ",{"type":"idOrVar","name":"n"}," tries left to enter the correct code before locking the SIM card."],"few":["You have ",{"type":"idOrVar","name":"n"}," tries left to enter the correct code before locking the SIM card."],"many":["You have ",{"type":"idOrVar","name":"n"}," tries left to enter the correct code before locking the SIM card."],"other":["You have ",{"type":"idOrVar","name":"n"}," tries left to enter the correct code before locking the SIM card."]}},"pinLastChanceMsg":"This is your last chance to enter the correct PIN. Otherwise, you must enter the PUK code to use this SIM card.","pukcode":"Enter PUK code","pukcodeTitle":{"value":["Enter SIM ",{"type":"idOrVar","name":"n"}," PUK"]},"pukcodeLabel":{"value":["SIM ",{"type":"idOrVar","name":"n"}," PUK"]},"type_puk":"PUK code","pukValidation":"PUK code must have exactly 8 characters.","pukInfo":"You must enter the Personal Unlocking Key (PUK) Code for the SIM card. Refer to your SIM card documentation or contact your carrier for more information.","pukError":"The PUK was incorrect.","pukAttemptMsg2":{"index":[{"type":"call","expr":{"type":"prop","expr":{"type":"glob","name":"cldr"},"prop":"plural","cmpt":false},"args":[{"type":"idOrVar","name":"n"}]}],"value":{"one":"You have one try left to enter the correct code before this SIM card will be permanently unusable. Refer to your SIM card documentation or contact your carrier for more information.","two":["You have ",{"type":"idOrVar","name":"n"}," tries left to enter the correct code before this SIM card will be permanently unusable. Refer to your SIM card documentation or contact your carrier for more information."],"few":["You have ",{"type":"idOrVar","name":"n"}," tries left to enter the correct code before this SIM card will be permanently unusable. Refer to your SIM card documentation or contact your carrier for more information."],"many":["You have ",{"type":"idOrVar","name":"n"}," tries left to enter the correct code before this SIM card will be permanently unusable. Refer to your SIM card documentation or contact your carrier for more information."],"other":["You have ",{"type":"idOrVar","name":"n"}," tries left to enter the correct code before this SIM card will be permanently unusable. Refer to your SIM card documentation or contact your carrier for more information."]}},"pukLastChanceMsg":"This is your last chance to enter the correct PUK code. Your SIM card will be permanently unusable if you enter in the wrong PUK code.","create_newpin":"Create new PIN (4 to 8 digits)","confirm_newpin":"Confirm new PIN","newpinConfirmation":"PINs don’t match","nckcode":"Enter NCK code","cckcode":"Enter CCK code","spckcode":"Enter SPCK code","nck1code":"Enter NCK1 code","nck2code":"Enter NCK2 code","hnckcode":"Enter HNCK code","rcckcode":"Enter RCCK code","rspckcode":"Enter RSPCK code","nckcodeTitle":{"value":["Enter SIM ",{"type":"idOrVar","name":"n"}," NCK"]},"cckcodeTitle":{"value":["Enter SIM ",{"type":"idOrVar","name":"n"}," CCK"]},"spckcodeTitle":{"value":["Enter SIM ",{"type":"idOrVar","name":"n"}," SPCK"]},"nck1codeTitle":{"value":["Enter SIM ",{"type":"idOrVar","name":"n"}," NCK1"]},"nck2codeTitle":{"value":["Enter SIM ",{"type":"idOrVar","name":"n"}," NCK2"]},"hnckcodeTitle":{"value":["Enter SIM ",{"type":"idOrVar","name":"n"}," HNCK"]},"rcckcodeTitle":{"value":["Enter SIM ",{"type":"idOrVar","name":"n"}," RCCK"]},"rspckcodeTitle":{"value":["Enter SIM ",{"type":"idOrVar","name":"n"}," RSPCK"]},"nckcodeLabel":{"value":["SIM ",{"type":"idOrVar","name":"n"}," NCK"]},"cckcodeLabel":{"value":["SIM ",{"type":"idOrVar","name":"n"}," CCK"]},"spckcodeLabel":{"value":["SIM ",{"type":"idOrVar","name":"n"}," SPCK"]},"nck1codeLabel":{"value":["SIM ",{"type":"idOrVar","name":"n"}," NCK1"]},"nck2codeLabel":{"value":["SIM ",{"type":"idOrVar","name":"n"}," NCK2"]},"hnckcodeLabel":{"value":["SIM ",{"type":"idOrVar","name":"n"}," HNCK"]},"rcckcodeLabel":{"value":["SIM ",{"type":"idOrVar","name":"n"}," RCCK"]},"rspckcodeLabel":{"value":["SIM ",{"type":"idOrVar","name":"n"}," RSPCK"]},"type_nck":"Type your NCK code","type_cck":"Type your CCK code","type_spck":"Type your SPCK code","type_nck1":"Type your NCK1 code","type_nck2":"Type your NCK2 code","type_hnck":"Type your HNCK code","type_rcck":"Type your RCCK code","type_rspck":"Type your RSPCK code","nckValidation":"NCK must have between 8 and 16 characters.","cckValidation":"CCK must have between 8 and 16 characters.","spckValidation":"SPCK must have between 8 and 16 characters.","nck1Validation":"NCK1 must have between 8 and 16 characters.","nck2Validation":"NCK2 must have between 8 and 16 characters.","hnckValidation":"HNCK must have between 8 and 16 characters.","rcckValidation":"RCCK must have between 8 and 16 characters.","rspckValidation":"RSPCK must have between 8 and 16 characters.","nckErrorMsg":"The NCK code is incorrect.","nckAttemptMsg2":{"index":[{"type":"call","expr":{"type":"prop","expr":{"type":"glob","name":"cldr"},"prop":"plural","cmpt":false},"args":[{"type":"idOrVar","name":"n"}]}],"value":{"one":"Network depersonalization request failure. You have one try left to enter the correct code. Refer to your device documentation or contact your carrier for more information.","two":["Network depersonalization request failure. You have ",{"type":"idOrVar","name":"n"}," tries left to enter the correct code. Refer to your device documentation or contact your carrier for more information."],"few":["Network depersonalization request failure. You have ",{"type":"idOrVar","name":"n"}," tries left to enter the correct code. Refer to your device documentation or contact your carrier for more information."],"many":["Network depersonalization request failure. You have ",{"type":"idOrVar","name":"n"}," tries left to enter the correct code. Refer to your device documentation or contact your carrier for more information."],"other":["Network depersonalization request failure. You have ",{"type":"idOrVar","name":"n"}," tries left to enter the correct code. Refer to your device documentation or contact your carrier for more information."]}},"nckLastChanceMsg":"Network depersonalization request failure. Last chance to enter the correct NCK code. Refer to your device documentation or contact your carrier for more information.","skip":"Skip","send":"Send","ok":"OK","simLocked":"The SIM card is locked","inputCodeRetriesLeft":{"index":[{"type":"call","expr":{"type":"prop","expr":{"type":"glob","name":"cldr"},"prop":"plural","cmpt":false},"args":[{"type":"idOrVar","name":"n"}]}],"value":{"one":"Last try.","two":[{"type":"idOrVar","name":"n"}," tries left."],"few":[{"type":"idOrVar","name":"n"}," tries left."],"many":[{"type":"idOrVar","name":"n"}," tries left."],"other":[{"type":"idOrVar","name":"n"}," tries left."]}},"simManager":"SIM Manager","simDetail":{"value":["SIM ",{"type":"idOrVar","name":"n"}]},"simDefault":"(default)","simDefaultMessage":"Outgoing calls, outgoing messages and data connection are set to SIM 1 as default","simSettingsMessage":"You can change default settings at Settings > SIM manager","simPinLocked":"SIM PIN locked","noOperator":"No operator","searchingOperator":"Searching","language":"Language","3g":"Cellular Data","dataConnection":"Enable Data","dataConnectionInfo":"Enabling data connection now will allow you to set up your phone without a Wi-Fi connection. You may also enable it later on in Settings. Just make sure you have a data plan with your carrier to avoid potentially hefty charges.","caution":"Warning","geolocation":"Geolocation","geolocationCheckbox":"Enable Geolocation","geolocationInfo2":{"value":[{"type":"idOrVar","name":"brandShortName"}," uses data such as GPS, Wi-Fi, and mobile networks near you to help determine your approximate location."]},"geolocationInfoMore":"Data is sent to Mozilla and other service providers and will be used in the aggregate to improve those location databases.  Data may be stored on your device and data collection may occur even when no apps are running.","notice":"Notice","aboutYourPrivacy":"More about your privacy","scanningNetworks":"Scanning for networks","selectNetwork":"Select a network","shortStatus-connecting":"Connecting…","shortStatus-associated":"Obtaining an IP address…","shortStatus-connected":"Connected","shortStatus-connectingfailed":"Connection failed","shortStatus-disconnected":"Offline","securedBy":{"value":["secured by ",{"type":"idOrVar","name":"capabilities"}]},"security":"Security","securityNone":"None","securityWEP":"WEP","securityWPA-PSK":"WPA-PSK","securityWPA-EAP":"WPA-EAP","securityOpen":{"value":"Open","attrs":{"ariaLabel":"Security"}},"identity":"User","identityInput":{"attrs":{"placeholder":"User"}},"password":"Password","passwordInput":{"attrs":{"placeholder":"Password"}},"showPassword":"Show Password","refresh":"Refresh","noWifiFound3":"No wireless networks found","join-hidden-button":"Join hidden network","authentication":"Authentication","ssid-name":"SSID Network Name","wifiLevel":{"attrs":{"ariaLabel":{"value":[{"type":"idOrVar","name":"level"}," of 4 bars"]}}},"networksList":{"attrs":{"ariaLabel":"Networks found"}},"dateAndTime":"Date & Time","timezoneTitle":{"value":["UTC",{"type":"idOrVar","name":"utcOffset"}," ",{"type":"idOrVar","name":"region"},"/",{"type":"idOrVar","name":"city"}]},"timeZone":"Time zone","change":"Change","region":{"attrs":{"ariaLabel":"Region"}},"city":{"attrs":{"ariaLabel":"City"}},"date":{"attrs":{"ariaLabel":"Date"}},"time":{"attrs":{"ariaLabel":"Time"}},"importContacts3":"Import contacts","importSim2":"SIM card","importOutlook":"Outlook","importGmail":"Gmail","notImportedYet":"Not imported yet","otherAccount":"Other accounts","firefox-accounts":"Firefox Accounts","fxa-upsell":"A Firefox Account lets you find a lost phone and buy apps from the Firefox Marketplace.","fxa-create-account-or-sign-in":"Create Account or Sign In","fxa-email-sent":{"value":["A verification link has been sent to ",{"type":"idOrVar","name":"email"}]},"fxa-signed-in":{"value":["Signed in as ",{"type":"idOrVar","name":"email"}]},"about-your-rights-0":{"value":[{"type":"idOrVar","name":"brandShortName"}," is built on free and open source software by a community of thousands from all over the world. There are a few things you should know:"]},"about-your-rights-1":{"value":[{"type":"idOrVar","name":"brandShortName"}," is made available to you under the terms of several open source licenses including the Mozilla Public License. A device running ",{"type":"idOrVar","name":"brandShortName"}," may also contain proprietary software from third parties. Any code provided under open licenses give you the right to modify the source code and distribute your modified versions as long as you comply with their terms."]},"about-your-rights-2":{"value":["You are not granted any trademark rights or licenses to the trademarks of the Mozilla Foundation or any party, including without limitation the ",{"type":"idOrVar","name":"brandShortName"}," name or logo."]},"about-your-rights-3":{"value":["Some features in ",{"type":"idOrVar","name":"brandShortName"},", such as the Crash Reporter, give you the option to provide feedback to Mozilla. By choosing to submit feedback, you give Mozilla permission to use the feedback to improve its products, to publish the feedback on its websites, and to distribute the feedback."]},"SIM_mandatory":"SIM Card Warning","SIM_mandatory_warm":"Please, insert a SIM card and reboot your phone.","telemetry-sends2":{"value":["Telemetry sends Mozilla data about performance, hardware, configurations, customizations and app usage in your ",{"type":"idOrVar","name":"brandShortName"}," device. We use this to make our products better, faster and more responsive."]},"learn-more-telemetry2":{"value":["Learn more at <a>",{"type":"idOrVar","name":"url"},"</a>"]},"learn-more-information2":{"value":["Learn how Mozilla handles your information at <a>",{"type":"idOrVar","name":"url"},"</a>"]},"htmlWelcome2":{"value":["Welcome to <a>",{"type":"idOrVar","name":"brandShortName"},"</a>, the free and open source operating system from Mozilla. Our mission is to promote openness, innovation and opportunity by keeping the power of the Web in your hands."]},"helpImprove2":"You can help us improve our products and services by automatically sending analytics data. See our <a>Privacy Notice</a> to learn how we handle data from your device.","helpImprove3":"Help us improve our products and services by automatically sending analytics data.","learn-more-privacy2":"Learn how Mozilla handles your information in our <a>privacy policy</a>.","learn-more-privacy3":"Read our <a>Privacy Notice</a>","aboutBrowser":{"value":["About ",{"type":"idOrVar","name":"brandShortName"}]},"aboutYourPrivacy2":"Your Privacy","mozillaCommunity2":{"value":["When you use ",{"type":"idOrVar","name":"brandShortName"},", you become part of a global community helping to build a brighter future for the Web. If you’d like to know more about the Mozilla community, our other products and events near you, please enter your email address below."]},"sharePerformanceAndUsageData2":"Yes! Send data.","emailAddress":{"attrs":{"placeholder":"Email address"}},"email-successfully-added":"Email successfully added","email-loading":"Saving your email…","privacy-b2g":{"value":[{"type":"idOrVar","name":"brandShortName"}],"attrs":{"title":{"value":[{"type":"idOrVar","name":"brandShortName"}]}}},"privacy-marketplace":{"value":"Marketplace","attrs":{"title":{"value":[{"type":"idOrVar","name":"privacy-marketplace"}]}}},"basicMetricsRadio":"Basic","enhancedMetricsRadio":"Enhanced","noneMetricsRadio":"None","basicMetricsExplain":"Send app usage and error reports.","enhancedMetricsExplain":"Send Basic report plus diagnostic information.","noneMetricsExplain":"Do not send any data.","navbar-back":"Back","navbar-next":"Next","navbar-join":"Join","done":"Done","thatsIt":"That’s it!","startYourPhone":"Start your phone tour!","startYourTablet":"Start your tablet tour!","joinTutorial":"Join us for a quick tutorial about your new phone.","joinTutorialUpdated":"Join us for a quick tutorial about the updates to your phone!","enjoyYourPhone":"You’re ready to enjoy your new phone.","enjoyYourPhoneUpdated":"You’re ready to enjoy your updated phone.","optionsAvailable":"You can change the language, date/time and Wi-Fi connection in settings.","letsGo":"Let’s go","startTour":"Start tour","thatsIt1Tablet-2":"You can always swipe from the bottom edge to enter home screen.","thatsIt2Tablet-2":"Let’s do it!","late-customization":"Free Apps","late-customization-downloading-message":{"value":[{"type":"idOrVar","name":"carrierName"}," is offering free apps to help get you started. They will download <em>at no charge</em> while you finish setting up your phone."]},"late-customization-download-later":{"value":[{"type":"idOrVar","name":"carrierName"}," is offering free apps to help get you started. You can download them <em>at no charge</em>."]},"late-customization-downloading-message-default":"Your carrier is offering free apps to help get you started. They will download <em>at no charge</em> while you finish setting up your phone.","late-customization-download-later-default":"Your carrier is offering free apps to help get you started. You can download them <em>at no charge</em>.","late-customization-download-later-marketplace":"Find these apps and many more when you visit Marketplace!","tutorial":"Tutorial","tutorial-step1-large-3":"Swipe down to access recent notifications, usage information and settings.","tutorial-step2-large-2":"Swipe left or right to discover new apps on home screen.","tutorial-step3-large-2":"Tap and hold on an icon to delete or move it.","tutorial-step4-large-2":"Two fingers swipe up from the bottom edge to trigger card view.","tutorial-homescreen-tiny":"Swipe up and down to browse your apps. Tap and hold an icon to delete, move, or edit it.","tutorial-notifications-v2-tiny":"Swipe down to access recent notifications, usage information and settings.","tutorial-sheets-tiny":"Drag from the left edge of your screen to return to recently used apps.","tutorial-rocketbar-tiny":"Tap on the search box anytime to start a search or go to a website.","tutorial-bookmarks-migration-tiny":"Your bookmarks have been moved to the homescreen. When editing, tap a bookmark to edit or rename it.","offline-dialog-title":"You must be connected to the Internet to view the page.","offline-dialog-text":{"value":["Please go back and connect to the Internet. You can also view the page later from Settings or by entering ",{"type":"idOrVar","name":"url"}," in any browser."]},"OK":"OK","offline-newsletter-dialog-title":"You must be connected to the Internet to subscribe to the newsletter.","offline-newsletter-dialog-text":"Please go back and connect to the Internet.","invalid-email-dialog-title":"Your email is not valid","invalid-email-dialog-text":"Please go back and correct your entry.","retry":"Retry","cancel":"Cancel","progressbar":{"value":["Step ",{"type":"idOrVar","name":"step"}," of ",{"type":"idOrVar","name":"total"}],"attrs":{"ariaLabel":"First Time Experience"}},"back":"Back","noSimMsg":"To import contacts insert or unlock your SIM card","noMemoryCardMsg":"To import contacts insert a memory card","importMemoryCard":"Memory card","emptyAccount":"No friends or contacts found in this account.","simContacts-import":"Import SIM contacts","simContacts-importing":"Importing SIM contacts…","simContacts-reading":"Reading from SIM card…","simContacts-error":"Could not import contacts from SIM","simContacts-imported3":{"index":[{"type":"call","expr":{"type":"prop","expr":{"type":"glob","name":"cldr"},"prop":"plural","cmpt":false},"args":[{"type":"idOrVar","name":"n"}]}],"value":{"zero":"No contacts detected on SIM to import","one":"Imported one contact","two":["Imported ",{"type":"idOrVar","name":"n"}," contacts"],"few":["Imported ",{"type":"idOrVar","name":"n"}," contacts"],"many":["Imported ",{"type":"idOrVar","name":"n"}," contacts"],"other":["Imported ",{"type":"idOrVar","name":"n"}," contacts"]}},"memoryCardContacts-import":"Import contacts from memory card","memoryCardContacts-importing":"Importing contacts from memory card…","memoryCardContacts-error":"Could not import contacts from memory card","memoryCardContacts-imported3":{"index":[{"type":"call","expr":{"type":"prop","expr":{"type":"glob","name":"cldr"},"prop":"plural","cmpt":false},"args":[{"type":"idOrVar","name":"n"}]}],"value":{"zero":"No contacts detected on memory card to import","one":"Imported one contact","two":["Imported ",{"type":"idOrVar","name":"n"}," contacts"],"few":["Imported ",{"type":"idOrVar","name":"n"}," contacts"],"many":["Imported ",{"type":"idOrVar","name":"n"}," contacts"],"other":["Imported ",{"type":"idOrVar","name":"n"}," contacts"]}},"genericProgress":{"value":[{"type":"idOrVar","name":"current"},"/",{"type":"idOrVar","name":"total"}]},"infiniteProgress":{"index":[{"type":"call","expr":{"type":"prop","expr":{"type":"glob","name":"cldr"},"prop":"plural","cmpt":false},"args":[{"type":"idOrVar","name":"n"}]}],"value":{"zero":"No contacts imported yet","one":"Imported one contact","two":["Imported ",{"type":"idOrVar","name":"n"}," contacts"],"few":["Imported ",{"type":"idOrVar","name":"n"}," contacts"],"many":["Imported ",{"type":"idOrVar","name":"n"}," contacts"],"other":["Imported ",{"type":"idOrVar","name":"n"}," contacts"]}},"friendsUpdated":{"index":[{"type":"call","expr":{"type":"prop","expr":{"type":"glob","name":"cldr"},"prop":"plural","cmpt":false},"args":[{"type":"idOrVar","name":"numFriends"}]}],"value":{"zero":"No friends updated","one":"Updated one friend","two":["Updated ",{"type":"idOrVar","name":"numFriends"}," friends"],"few":["Updated ",{"type":"idOrVar","name":"numFriends"}," friends"],"many":["Updated ",{"type":"idOrVar","name":"numFriends"}," friends"],"other":["Updated ",{"type":"idOrVar","name":"numFriends"}," friends"]}},"friendsMerged":{"index":[{"type":"call","expr":{"type":"prop","expr":{"type":"glob","name":"cldr"},"prop":"plural","cmpt":false},"args":[{"type":"idOrVar","name":"numDups"}]}],"value":{"zero":"No duplicated friends merged","one":"One duplicated friend merged","two":[{"type":"idOrVar","name":"numDups"}," friends merged"],"few":[{"type":"idOrVar","name":"numDups"}," friends merged"],"many":[{"type":"idOrVar","name":"numDups"}," friends merged"],"other":[{"type":"idOrVar","name":"numDups"}," friends merged"]}},"contactsMerged":{"index":[{"type":"call","expr":{"type":"prop","expr":{"type":"glob","name":"cldr"},"prop":"plural","cmpt":false},"args":[{"type":"idOrVar","name":"numDups"}]}],"value":{"zero":"No duplicated contacts merged","one":"One duplicated contact merged","two":[{"type":"idOrVar","name":"numDups"}," contacts merged"],"few":[{"type":"idOrVar","name":"numDups"}," contacts merged"],"many":[{"type":"idOrVar","name":"numDups"}," contacts merged"],"other":[{"type":"idOrVar","name":"numDups"}," contacts merged"]}},"close":"Close","import":"Import","update":"Update","fbFriends":"Facebook Friends","live-serviceName":"Outlook","gmail-serviceName":"Gmail","facebook-serviceName":"Facebook Friends","selectAll":"Select all","deselectAll":"Deselect all","viewAll":"View All Facebook Friends","viewRecommend":"View Only Recommended","linkProposal":{"index":[{"type":"call","expr":{"type":"prop","expr":{"type":"glob","name":"cldr"},"prop":"plural","cmpt":false},"args":[{"type":"idOrVar","name":"numFriends"}]}],"value":{"zero":"No matching friends. Showing all","one":"Select the recommended one","two":"Select a recommended one","few":"Select a recommended one","many":"Select a recommended one","other":"Select a recommended one"}},"fbFriendsFound":{"index":[{"type":"call","expr":{"type":"prop","expr":{"type":"glob","name":"cldr"},"prop":"plural","cmpt":false},"args":[{"type":"idOrVar","name":"numFriends"}]}],"value":{"zero":"All your friends are imported","one":"Found one friend to import","two":["Found ",{"type":"idOrVar","name":"numFriends"}," friends to import"],"few":["Found ",{"type":"idOrVar","name":"numFriends"}," friends to import"],"many":["Found ",{"type":"idOrVar","name":"numFriends"}," friends to import"],"other":["Found ",{"type":"idOrVar","name":"numFriends"}," friends to import"]}},"fbNoFriends":"No contacts available to import","facebook":"Facebook","search-contact":{"attrs":{"placeholder":"Search"}},"noResults":"No contacts found","done-search":"Done","progressFB3ImportTitle":"Importing friends to Contacts","progressFB":{"value":[{"type":"idOrVar","name":"current"},"/",{"type":"idOrVar","name":"total"}]},"progressFB3UpdateTitle":"Updating friends in Contacts","message2":"This may take a couple of minutes","messageLinking":"Please hold on. We are linking your friend and your contact.","messageCanceling":"Please hold on. We are canceling the ongoing operation.","error1":{"value":["Error ",{"type":"idOrVar","name":"from"}]},"error2":"Do you want to retry?","errorProposal":"calculating proposals","errorFriends":"retrieving friends","errorLinking":"linking contact","timeout1":{"value":["Exceeded timeout ",{"type":"idOrVar","name":"from"}]},"timeout2":"Do you want to retry?","timeoutProposal":"calculating proposals","timeoutFriends":"retrieving friends","timeoutLinking":"linking contacts","wait1":"Please hold on","wait2":"This may take a couple of minutes","waitProposal":"Please hold on. We are calculating a proposal.","waitFriends":"Please hold on. We are connecting to obtain your friend list.","curtainCancel":"Cancel","curtainRetry":"Retry","curtainOK":"OK","connectionLost":"No Internet connection","connectionLostMsg":"Friends’ photos will not be added to your contacts. Continue anyway?","yesOption":"OK","noOption":"Cancel","notificationLogin":"Your Facebook session is invalid. Please sign in.","syncError":"There was an error synchronizing your friend’s data","brandShortName":"Foxfood","browserBrandShortName":"Foxfood","browserBrandFullName":"Mozilla Foxfood Community Edition","ringtoneBrandName":"Default","ringtoneSectionBrandName":"System"}