[{"$i":"back","$v":"Back"},{"$i":"noSimMsg","$v":"To import contacts insert or unlock your SIM card"},{"$i":"noMemoryCardMsg","$v":"To import contacts insert a memory card"},{"$i":"importMemoryCard","$v":"Memory card"},{"$i":"emptyAccount","$v":"No friends or contacts found in this account."},{"$i":"simContacts-import","$v":"Import SIM contacts"},{"$i":"simContacts-importing","$v":"Importing SIM contacts…"},{"$i":"simContacts-reading","$v":"Reading from SIM card…"},{"$i":"simContacts-error","$v":"Could not import contacts from SIM"},{"$i":"simContacts-imported3","$v":{"zero":"No contacts detected on SIM to import","one":"Imported one contact","two":["Imported ",{"t":"idOrVar","v":"n"}," contacts"],"few":["Imported ",{"t":"idOrVar","v":"n"}," contacts"],"many":["Imported ",{"t":"idOrVar","v":"n"}," contacts"],"other":["Imported ",{"t":"idOrVar","v":"n"}," contacts"]},"$x":[{"t":"idOrVar","v":"plural"},"n"]},{"$i":"memoryCardContacts-import","$v":"Import contacts from memory card"},{"$i":"memoryCardContacts-importing","$v":"Importing contacts from memory card…"},{"$i":"memoryCardContacts-error","$v":"Could not import contacts from memory card"},{"$i":"memoryCardContacts-imported3","$v":{"zero":"No contacts detected on memory card to import","one":"Imported one contact","two":["Imported ",{"t":"idOrVar","v":"n"}," contacts"],"few":["Imported ",{"t":"idOrVar","v":"n"}," contacts"],"many":["Imported ",{"t":"idOrVar","v":"n"}," contacts"],"other":["Imported ",{"t":"idOrVar","v":"n"}," contacts"]},"$x":[{"t":"idOrVar","v":"plural"},"n"]},{"$i":"genericProgress","$v":[{"t":"idOrVar","v":"current"},"/",{"t":"idOrVar","v":"total"}]},{"$i":"infiniteProgress","$v":{"zero":"No contacts imported yet","one":"Imported one contact","two":["Imported ",{"t":"idOrVar","v":"n"}," contacts"],"few":["Imported ",{"t":"idOrVar","v":"n"}," contacts"],"many":["Imported ",{"t":"idOrVar","v":"n"}," contacts"],"other":["Imported ",{"t":"idOrVar","v":"n"}," contacts"]},"$x":[{"t":"idOrVar","v":"plural"},"n"]},{"$i":"friendsUpdated","$v":{"zero":"No friends updated","one":"Updated one friend","two":["Updated ",{"t":"idOrVar","v":"numFriends"}," friends"],"few":["Updated ",{"t":"idOrVar","v":"numFriends"}," friends"],"many":["Updated ",{"t":"idOrVar","v":"numFriends"}," friends"],"other":["Updated ",{"t":"idOrVar","v":"numFriends"}," friends"]},"$x":[{"t":"idOrVar","v":"plural"},"numFriends"]},{"$i":"friendsMerged","$v":{"zero":"No duplicated friends merged","one":"One duplicated friend merged","two":[{"t":"idOrVar","v":"numDups"}," friends merged"],"few":[{"t":"idOrVar","v":"numDups"}," friends merged"],"many":[{"t":"idOrVar","v":"numDups"}," friends merged"],"other":[{"t":"idOrVar","v":"numDups"}," friends merged"]},"$x":[{"t":"idOrVar","v":"plural"},"numDups"]},{"$i":"contactsMerged","$v":{"zero":"No duplicated contacts merged","one":"One duplicated contact merged","two":[{"t":"idOrVar","v":"numDups"}," contacts merged"],"few":[{"t":"idOrVar","v":"numDups"}," contacts merged"],"many":[{"t":"idOrVar","v":"numDups"}," contacts merged"],"other":[{"t":"idOrVar","v":"numDups"}," contacts merged"]},"$x":[{"t":"idOrVar","v":"plural"},"numDups"]},{"$i":"close","$v":"Close"},{"$i":"import","$v":"Import"},{"$i":"update","$v":"Update"},{"$i":"fbFriends","$v":"Facebook Friends"},{"$i":"live-serviceName","$v":"Outlook"},{"$i":"gmail-serviceName","$v":"Gmail"},{"$i":"facebook-serviceName","$v":"Facebook Friends"},{"$i":"selectAll","$v":"Select all"},{"$i":"deselectAll","$v":"Deselect all"},{"$i":"viewAll","$v":"View All Facebook Friends"},{"$i":"viewRecommend","$v":"View Only Recommended"},{"$i":"linkProposal","$v":{"zero":"No matching friends. Showing all","one":"Select the recommended one","two":"Select a recommended one","few":"Select a recommended one","many":"Select a recommended one","other":"Select a recommended one"},"$x":[{"t":"idOrVar","v":"plural"},"numFriends"]},{"$i":"fbFriendsFound","$v":{"zero":"All your friends are imported","one":"Found one friend to import","two":["Found ",{"t":"idOrVar","v":"numFriends"}," friends to import"],"few":["Found ",{"t":"idOrVar","v":"numFriends"}," friends to import"],"many":["Found ",{"t":"idOrVar","v":"numFriends"}," friends to import"],"other":["Found ",{"t":"idOrVar","v":"numFriends"}," friends to import"]},"$x":[{"t":"idOrVar","v":"plural"},"numFriends"]},{"$i":"fbNoFriends","$v":"No contacts available to import"},{"$i":"facebook","$v":"Facebook"},{"$i":"search-contact","placeholder":"Search"},{"$i":"noResults","$v":"No contacts found"},{"$i":"done-search","$v":"Done"},{"$i":"progressFB3ImportTitle","$v":"Importing friends to Contacts"},{"$i":"progressFB","$v":[{"t":"idOrVar","v":"current"},"/",{"t":"idOrVar","v":"total"}]},{"$i":"progressFB3UpdateTitle","$v":"Updating friends in Contacts"},{"$i":"message2","$v":"This may take a couple of minutes"},{"$i":"messageLinking","$v":"Please hold on. We are linking your friend and your contact."},{"$i":"messageCanceling","$v":"Please hold on. We are canceling the ongoing operation."},{"$i":"error1","$v":["Error ",{"t":"idOrVar","v":"from"}]},{"$i":"error2","$v":"Do you want to retry?"},{"$i":"errorProposal","$v":"calculating proposals"},{"$i":"errorFriends","$v":"retrieving friends"},{"$i":"errorLinking","$v":"linking contact"},{"$i":"timeout1","$v":["Exceeded timeout ",{"t":"idOrVar","v":"from"}]},{"$i":"timeout2","$v":"Do you want to retry?"},{"$i":"timeoutProposal","$v":"calculating proposals"},{"$i":"timeoutFriends","$v":"retrieving friends"},{"$i":"timeoutLinking","$v":"linking contacts"},{"$i":"wait1","$v":"Please hold on"},{"$i":"wait2","$v":"This may take a couple of minutes"},{"$i":"waitProposal","$v":"Please hold on. We are calculating a proposal."},{"$i":"waitFriends","$v":"Please hold on. We are connecting to obtain your friend list."},{"$i":"curtainCancel","$v":"Cancel"},{"$i":"curtainRetry","$v":"Retry"},{"$i":"curtainOK","$v":"OK"},{"$i":"connectionLost","$v":"No Internet connection"},{"$i":"connectionLostMsg","$v":"Friends’ photos will not be added to your contacts. Continue anyway?"},{"$i":"yesOption","$v":"OK"},{"$i":"noOption","$v":"Cancel"},{"$i":"notificationLogin","$v":"Your Facebook session is invalid. Please sign in."},{"$i":"syncError","$v":"There was an error synchronizing your friend’s data"}]