[{"$i":"wap-push-message","$v":"‮Ｍ∀Ԁ‬ ‮Ԁnsɥ‬ ‮ɯǝssɐƃǝ‬"},{"$i":"close","$v":"‮Ↄʅosǝ‬"},{"$i":"accept","$v":"‮∀ɔɔǝdʇ‬"},{"$i":"quit","$v":"‮Ònıʇ‬"},{"$i":"cancel","$v":"‮Ↄɐuɔǝʅ‬"},{"$i":"try-again","$v":"‮⊥ɹʎ‬ ‮ɐƃɐıu‬"},{"$i":"finish","$v":"‮ɟıuısɥ‬"},{"$i":"sim","$v":["‮SIW‬ ",{"t":"idOrVar","v":"id"}]},{"$i":"next","$v":"‮Nǝxʇ‬"},{"$i":"done","$v":"‮pouǝ‬"},{"$i":"this-message-has-expired","$v":"‮⊥ɥıs‬ ‮ɯǝssɐƃǝ‬ ‮ɥɐs‬ ‮ǝxdıɹǝp‬"},{"$i":"message-title","$v":[{"t":"idOrVar","v":"title"}]},{"$i":"message-title-with-sim","$v":["(",{"t":"idOrVar","v":"sim"},") ",{"t":"idOrVar","v":"title"}]},{"$i":"si-message-body","$v":[{"t":"idOrVar","v":"text"}," ",{"t":"idOrVar","v":"url"}]},{"$i":"sl-message-body","$v":[{"t":"idOrVar","v":"url"}]},{"$i":"cp-pin","placeholder":"‮ԀIN‬"},{"$i":"cp-message-received","$v":"‮Ↄouɟıƃnɹɐʇıou‬ ‮ɯǝssɐƃǝ‬ ‮ɹǝɔǝıʌǝp‬"},{"$i":"cp-container-title","$v":"‮O⊥∀‬ ‮∀ɔɔǝss‬ ‮Ԁoıuʇ‬ ‮Ↄouɟıƃnɹɐʇıou‬"},{"$i":"cp-accept-help","$v":"‮Ↄouɟıƃnɹɐʇıou‬ ‮ɯǝssɐƃǝ‬ ‮ɹǝɔǝıʌǝp‬, ‮ʇɐd‬ ‮ou‬ “‮pouǝ‬” ‮ʇo‬ ‮ɔouʇıunǝ‬."},{"$i":"cp-accept-help-pin","$v":"‮⊥ɥǝ‬ ‮ԀIN‬ ‮ɔopǝ‬ ‮sɥonʅp‬ ‮ɥɐʌǝ‬ ‮qǝǝu‬ ‮dɹoʌıpǝp‬ ‮ʇo‬ ‮ʎon‬ ‮qʎ‬ ‮ʍɥoɯǝʌǝɹ‬ ‮sǝuʇ‬ ‮ʎon‬ ‮ʇɥǝ‬ ‮ɔouɟıƃnɹɐʇıou‬ ‮ɯǝssɐƃǝ‬."},{"$i":"cp-quit-app-confirm-dialog-message","$v":"‮⊥ɥǝ‬ ‮ɯǝssɐƃǝ‬ ‮ɥɐs‬ ‮uoʇ‬ ‮qǝǝu‬ ‮dɹoɔǝssǝp‬ ‮ʎǝʇ‬, ‮po‬ ‮ʎon‬ ‮ɹǝɐʅʅʎ‬ ‮ʍɐuʇ‬ ‮ʇo‬ ‮bnıʇ‬?"},{"$i":"cp-install-configuration-confirm-dialog-message","$v":"‮ʎonɹ‬ ‮ɔɐɹɹıǝɹ‬ ‮ıs‬ ‮sɥɐɹıuƃ‬ ‮ɔouɟıƃnɹɐʇıou‬ ‮ıuɟoɹɯɐʇıou‬ ‮ʍıʇɥ‬ ‮ʎon‬. ‮po‬ ‮ʎon‬ ‮ʍɐuʇ‬ ‮ʇo‬ ‮ıusʇɐʅʅ‬ ‮ıʇ‬?"},{"$i":"cp-auth-failure","$v":"‮ԀIN‬ ‮ıs‬ ‮uoʇ‬ ‮ɔoɹɹǝɔʇ‬."},{"$i":"cp-finish-confirm-dialog-message-apn-saved","$v":"‮∀ԀN‬(‮s‬) ‮sɐʌǝp‬."},{"$i":"cp-finish-confirm-dialog-message-invalid-doc","$v":"‮⊥ɥǝ‬ ‮ɔouɟıƃnɹɐʇıou‬ ‮ɯǝssɐƃǝ‬ ‮ʎon‬ ‮ɹǝɔǝıʌǝp‬ ‮ɔonʅp‬ ‮uoʇ‬ ‮qǝ‬ ‮ɐnʇɥǝuʇıɔɐʇǝp‬ ‮ɐƃɐıusʇ‬ ‮ʎonɹ‬ ‮SIW‬ ‮ɔɐɹp‬, ‮so‬ ‮ɔɐuuoʇ‬ ‮qǝ‬ ‮nsǝp‬ ‮ʇo‬ ‮ɔouɟıƃnɹǝ‬ ‮ʎonɹ‬ ‮pǝʌıɔǝ‬."},{"$i":"cp-finish-confirm-dialog-message-auth-error","$v":"‮⊥ɥǝɹǝ‬ ‮ʍɐs‬ ‮ɐ‬ ‮ǝɹɹoɹ‬ ‮ʍɥıʅǝ‬ ‮ɐnʇɥǝuʇıɔɐʇıuƃ‬ ‮ʇɥǝ‬ ‮sǝupǝɹ‬ ‮oɟ‬ ‮ʇɥǝ‬ ‮ɯǝssɐƃǝ‬."},{"$i":"cp-finish-confirm-dialog-message-auth-unsupported-mechanism","$v":"‮⊥ɥǝ‬ ‮ɐnʇɥǝuʇıɔɐʇıou‬ ‮ɯǝɔɥɐuısɯ‬ ‮ıs‬ ‮uoʇ‬ ‮snddoɹʇǝp‬ ‮ʎǝʇ‬."},{"$i":"cp-finish-confirm-dialog-message-no-apns","$v":"‮⊥ɥǝ‬ ‮ɔouɟıƃnɹɐʇıou‬ ‮ɯǝssɐƃǝ‬ ‮ʎon‬ ‮ɹǝɔǝıʌǝp‬ ‮poǝs‬ ‮uoʇ‬ ‮ɥɐʌǝ‬ ‮ʌɐʅıp‬ ‮∀ԀNs‬."}]