{"wap-push-message":"WAP Push message","close":"Fermer","accept":"Accepter","quit":"Quitter","cancel":"Annuler","store":"Enreg.","try-again":"Réessayer","finish":"Terminer","sim":"SIM {{id}}","dsds-notification-title-with-sim":"({{sim}}) {{title}}","this-message-has-expired":"Ce message a expiré","cp-pin":{"placeholder":"PIN"},"cp-message-received":"Message de configuration reçu","cp-container-title":"Configuration du point d’accès OTA","cp-accept-help":"Message de configuration reçu, cliquez sur « Accepter » pour continuer.","cp-accept-help-pin":"Le code PIN devrait vous avoir été fourni par l’expéditeur du message de configuration.","cp-quit-app-confirm-dialog-message":"Le message n’a pas encore été traité, voulez-vous vraiment quitter ?","cp-auth-failure-confirm-dialog-message":"Le PIN saisi est incorrect. Normalement, le code PIN devrait vous avoir été fourni par l’expéditeur du message de configuration.","cp-store-confirm-dialog-message":"Vous allez enregistrer les APN suivants sur votre téléphone :","cp-finish-confirm-dialog-message":"C’est terminé, les APN sont à présent enregistrés.","cp-finish-confirm-dialog-message-invalid-doc":"Le message de configuration que vous avez reçu ne peut pas être authentifié avec votre carte SIM. Impossible de configurer l’appareil.","cp-finish-confirm-dialog-message-auth-error":"Une erreur s’est produite lors de l’authentification de l’expéditeur du message.","cp-finish-confirm-dialog-message-auth-unsupported-mechanism":"Le mécanisme d’authentification n’est pas encore pris en charge.","cp-finish-confirm-dialog-message-no-apns":"Le message de configuration que vous avez reçu ne contient pas d’APN valide."}