[{"$i":"weekday-0-long","$v":"Şŭŭƞḓȧȧẏ"},{"$i":"weekday-1-long","$v":"Ḿǿǿƞḓȧȧẏ"},{"$i":"weekday-2-long","$v":"Ŧŭŭḗḗşḓȧȧẏ"},{"$i":"weekday-3-long","$v":"Ẇḗḗḓƞḗḗşḓȧȧẏ"},{"$i":"weekday-4-long","$v":"Ŧħŭŭřşḓȧȧẏ"},{"$i":"weekday-5-long","$v":"Ƒřīīḓȧȧẏ"},{"$i":"weekday-6-long","$v":"Şȧȧŧŭŭřḓȧȧẏ"},{"$i":"weekday-0-short","$v":"Şŭŭƞ"},{"$i":"weekday-1-short","$v":"Ḿǿǿƞ"},{"$i":"weekday-2-short","$v":"Ŧŭŭḗḗ"},{"$i":"weekday-3-short","$v":"Ẇḗḗḓ"},{"$i":"weekday-4-short","$v":"Ŧħŭŭ"},{"$i":"weekday-5-short","$v":"Ƒřīī"},{"$i":"weekday-6-short","$v":"Şȧȧŧ"},{"$i":"month-0-long","$v":"Ĵȧȧƞŭŭȧȧřẏ"},{"$i":"month-1-long","$v":"Ƒḗḗƀřŭŭȧȧřẏ"},{"$i":"month-2-long","$v":"Ḿȧȧřƈħ"},{"$i":"month-3-long","$v":"Ȧȧƥřīīŀ"},{"$i":"month-4-long","$v":"Ḿȧȧẏ"},{"$i":"month-5-long","$v":"Ĵŭŭƞḗḗ"},{"$i":"month-6-long","$v":"Ĵŭŭŀẏ"},{"$i":"month-7-long","$v":"Ȧȧŭŭɠŭŭşŧ"},{"$i":"month-8-long","$v":"Şḗḗƥŧḗḗḿƀḗḗř"},{"$i":"month-9-long","$v":"Ǿǿƈŧǿǿƀḗḗř"},{"$i":"month-10-long","$v":"Ƞǿǿṽḗḗḿƀḗḗř"},{"$i":"month-11-long","$v":"Ḓḗḗƈḗḗḿƀḗḗř"},{"$i":"month-0-genitive","$v":"Ĵȧȧƞŭŭȧȧřẏ"},{"$i":"month-1-genitive","$v":"Ƒḗḗƀřŭŭȧȧřẏ"},{"$i":"month-2-genitive","$v":"Ḿȧȧřƈħ"},{"$i":"month-3-genitive","$v":"Ȧȧƥřīīŀ"},{"$i":"month-4-genitive","$v":"Ḿȧȧẏ"},{"$i":"month-5-genitive","$v":"Ĵŭŭƞḗḗ"},{"$i":"month-6-genitive","$v":"Ĵŭŭŀẏ"},{"$i":"month-7-genitive","$v":"Ȧȧŭŭɠŭŭşŧ"},{"$i":"month-8-genitive","$v":"Şḗḗƥŧḗḗḿƀḗḗř"},{"$i":"month-9-genitive","$v":"Ǿǿƈŧǿǿƀḗḗř"},{"$i":"month-10-genitive","$v":"Ƞǿǿṽḗḗḿƀḗḗř"},{"$i":"month-11-genitive","$v":"Ḓḗḗƈḗḗḿƀḗḗř"},{"$i":"month-0-short","$v":"Ĵȧȧƞ"},{"$i":"month-1-short","$v":"Ƒḗḗƀ"},{"$i":"month-2-short","$v":"Ḿȧȧř"},{"$i":"month-3-short","$v":"Ȧȧƥř"},{"$i":"month-4-short","$v":"Ḿȧȧẏ"},{"$i":"month-5-short","$v":"Ĵŭŭƞ"},{"$i":"month-6-short","$v":"Ĵŭŭŀ"},{"$i":"month-7-short","$v":"Ȧȧŭŭɠ"},{"$i":"month-8-short","$v":"Şḗḗƥ"},{"$i":"month-9-short","$v":"Ǿǿƈŧ"},{"$i":"month-10-short","$v":"Ƞǿǿṽ"},{"$i":"month-11-short","$v":"Ḓḗḗƈ"},{"$i":"minutes-ago-long","$v":{"zero":"ĵŭŭşŧ ƞǿǿẇ","one":"ȧȧ ḿīīƞŭŭŧḗḗ ȧȧɠǿǿ","two":[{"t":"idOrVar","v":"value"}," ḿīīƞŭŭŧḗḗş ȧȧɠǿǿ"],"few":[{"t":"idOrVar","v":"value"}," ḿīīƞŭŭŧḗḗş ȧȧɠǿǿ"],"many":[{"t":"idOrVar","v":"value"}," ḿīīƞŭŭŧḗḗş ȧȧɠǿǿ"],"other":[{"t":"idOrVar","v":"value"}," ḿīīƞŭŭŧḗḗş ȧȧɠǿǿ"]},"$x":[{"t":"idOrVar","v":"plural"},"value"]},{"$i":"hours-ago-long","$v":{"zero":"ĵŭŭşŧ ƞǿǿẇ","one":"ȧȧƞ ħǿǿŭŭř ȧȧɠǿǿ","two":[{"t":"idOrVar","v":"value"}," ħǿǿŭŭřş ȧȧɠǿǿ"],"few":[{"t":"idOrVar","v":"value"}," ħǿǿŭŭřş ȧȧɠǿǿ"],"many":[{"t":"idOrVar","v":"value"}," ħǿǿŭŭřş ȧȧɠǿǿ"],"other":[{"t":"idOrVar","v":"value"}," ħǿǿŭŭřş ȧȧɠǿǿ"]},"$x":[{"t":"idOrVar","v":"plural"},"value"]},{"$i":"days-ago-long","$v":{"zero":"ŧǿǿḓȧȧẏ","one":"ẏḗḗşŧḗḗřḓȧȧẏ","two":[{"t":"idOrVar","v":"value"}," ḓȧȧẏş ȧȧɠǿǿ"],"few":[{"t":"idOrVar","v":"value"}," ḓȧȧẏş ȧȧɠǿǿ"],"many":[{"t":"idOrVar","v":"value"}," ḓȧȧẏş ȧȧɠǿǿ"],"other":[{"t":"idOrVar","v":"value"}," ḓȧȧẏş ȧȧɠǿǿ"]},"$x":[{"t":"idOrVar","v":"plural"},"value"]},{"$i":"weeks-ago-long","$v":{"zero":"ŧħīīş ẇḗḗḗḗķ","one":"ŀȧȧşŧ ẇḗḗḗḗķ","two":[{"t":"idOrVar","v":"value"}," ẇḗḗḗḗķş ȧȧɠǿǿ"],"few":[{"t":"idOrVar","v":"value"}," ẇḗḗḗḗķş ȧȧɠǿǿ"],"many":[{"t":"idOrVar","v":"value"}," ẇḗḗḗḗķş ȧȧɠǿǿ"],"other":[{"t":"idOrVar","v":"value"}," ẇḗḗḗḗķş ȧȧɠǿǿ"]},"$x":[{"t":"idOrVar","v":"plural"},"value"]},{"$i":"months-ago-long","$v":{"zero":"ŧħīīş ḿǿǿƞŧħ","one":"ŀȧȧşŧ ḿǿǿƞŧħ","two":[{"t":"idOrVar","v":"value"}," ḿǿǿƞŧħş ȧȧɠǿǿ"],"few":[{"t":"idOrVar","v":"value"}," ḿǿǿƞŧħş ȧȧɠǿǿ"],"many":[{"t":"idOrVar","v":"value"}," ḿǿǿƞŧħş ȧȧɠǿǿ"],"other":[{"t":"idOrVar","v":"value"}," ḿǿǿƞŧħş ȧȧɠǿǿ"]},"$x":[{"t":"idOrVar","v":"plural"},"value"]},{"$i":"years-ago-long","$v":{"zero":"ŧħīīş ẏḗḗȧȧř","one":"ŀȧȧşŧ ẏḗḗȧȧř","two":[{"t":"idOrVar","v":"value"}," ẏḗḗȧȧřş ȧȧɠǿǿ"],"few":[{"t":"idOrVar","v":"value"}," ẏḗḗȧȧřş ȧȧɠǿǿ"],"many":[{"t":"idOrVar","v":"value"}," ẏḗḗȧȧřş ȧȧɠǿǿ"],"other":[{"t":"idOrVar","v":"value"}," ẏḗḗȧȧřş ȧȧɠǿǿ"]},"$x":[{"t":"idOrVar","v":"plural"},"value"]},{"$i":"minutes-until-long","$v":{"zero":"ƞǿǿẇ","one":"īīƞ ȧȧ ḿīīƞŭŭŧḗḗ","two":["īīƞ ",{"t":"idOrVar","v":"value"}," ḿīīƞŭŭŧḗḗş"],"few":["īīƞ ",{"t":"idOrVar","v":"value"}," ḿīīƞŭŭŧḗḗş"],"many":["īīƞ ",{"t":"idOrVar","v":"value"}," ḿīīƞŭŭŧḗḗş"],"other":["īīƞ ",{"t":"idOrVar","v":"value"}," ḿīīƞŭŭŧḗḗş"]},"$x":[{"t":"idOrVar","v":"plural"},"value"]},{"$i":"hours-until-long","$v":{"zero":"ƞǿǿẇ","one":"īīƞ ȧȧƞ ħǿǿŭŭř","two":["īīƞ ",{"t":"idOrVar","v":"value"}," ħǿǿŭŭřş"],"few":["īīƞ ",{"t":"idOrVar","v":"value"}," ħǿǿŭŭřş"],"many":["īīƞ ",{"t":"idOrVar","v":"value"}," ħǿǿŭŭřş"],"other":["īīƞ ",{"t":"idOrVar","v":"value"}," ħǿǿŭŭřş"]},"$x":[{"t":"idOrVar","v":"plural"},"value"]},{"$i":"days-until-long","$v":{"zero":"ŧǿǿḓȧȧẏ","one":"ŧǿǿḿǿǿřřǿǿẇ","two":["īīƞ ",{"t":"idOrVar","v":"value"}," ḓȧȧẏş"],"few":["īīƞ ",{"t":"idOrVar","v":"value"}," ḓȧȧẏş"],"many":["īīƞ ",{"t":"idOrVar","v":"value"}," ḓȧȧẏş"],"other":["īīƞ ",{"t":"idOrVar","v":"value"}," ḓȧȧẏş"]},"$x":[{"t":"idOrVar","v":"plural"},"value"]},{"$i":"weeks-until-long","$v":{"zero":"ŧħīīş ẇḗḗḗḗķ","one":"ƞḗḗẋŧ ẇḗḗḗḗķ","two":["īīƞ ",{"t":"idOrVar","v":"value"}," ẇḗḗḗḗķş"],"few":["īīƞ ",{"t":"idOrVar","v":"value"}," ẇḗḗḗḗķş"],"many":["īīƞ ",{"t":"idOrVar","v":"value"}," ẇḗḗḗḗķş"],"other":["īīƞ ",{"t":"idOrVar","v":"value"}," ẇḗḗḗḗķş"]},"$x":[{"t":"idOrVar","v":"plural"},"value"]},{"$i":"months-until-long","$v":{"zero":"ŧħīīş ḿǿǿƞŧħ","one":"ƞḗḗẋŧ ḿǿǿƞŧħ","two":["īīƞ ",{"t":"idOrVar","v":"value"}," ḿǿǿƞŧħş"],"few":["īīƞ ",{"t":"idOrVar","v":"value"}," ḿǿǿƞŧħş"],"many":["īīƞ ",{"t":"idOrVar","v":"value"}," ḿǿǿƞŧħş"],"other":["īīƞ ",{"t":"idOrVar","v":"value"}," ḿǿǿƞŧħş"]},"$x":[{"t":"idOrVar","v":"plural"},"value"]},{"$i":"years-until-long","$v":{"zero":"ŧħīīş ẏḗḗȧȧř","one":"ƞḗḗẋŧ ẏḗḗȧȧř","two":["īīƞ ",{"t":"idOrVar","v":"value"}," ẏḗḗȧȧřş"],"few":["īīƞ ",{"t":"idOrVar","v":"value"}," ẏḗḗȧȧřş"],"many":["īīƞ ",{"t":"idOrVar","v":"value"}," ẏḗḗȧȧřş"],"other":["īīƞ ",{"t":"idOrVar","v":"value"}," ẏḗḗȧȧřş"]},"$x":[{"t":"idOrVar","v":"plural"},"value"]},{"$i":"minutes-ago-short","$v":{"zero":"ĵŭŭşŧ ƞǿǿẇ","other":[{"t":"idOrVar","v":"value"},"ḿ ȧȧɠǿǿ"]},"$x":[{"t":"idOrVar","v":"plural"},"value"]},{"$i":"hours-ago-short","$v":{"zero":"ĵŭŭşŧ ƞǿǿẇ","other":[{"t":"idOrVar","v":"value"},"ħ ȧȧɠǿǿ"]},"$x":[{"t":"idOrVar","v":"plural"},"value"]},{"$i":"days-ago-short","$v":{"zero":"ŧǿǿḓȧȧẏ","other":[{"t":"idOrVar","v":"value"},"ḓ ȧȧɠǿǿ"]},"$x":[{"t":"idOrVar","v":"plural"},"value"]},{"$i":"minutes-until-short","$v":{"zero":"ƞǿǿẇ","other":["īīƞ ",{"t":"idOrVar","v":"value"},"ḿ"]},"$x":[{"t":"idOrVar","v":"plural"},"value"]},{"$i":"hours-until-short","$v":{"zero":"ƞǿǿẇ","other":["īīƞ ",{"t":"idOrVar","v":"value"},"ħ"]},"$x":[{"t":"idOrVar","v":"plural"},"value"]},{"$i":"days-until-short","$v":{"zero":"ŧǿǿḓȧȧẏ","other":["īīƞ ",{"t":"idOrVar","v":"value"},"ḓ"]},"$x":[{"t":"idOrVar","v":"plural"},"value"]},{"$i":"incorrectDate","$v":"(īīƞƈǿǿřřḗḗƈŧ ḓȧȧŧḗḗ)"},{"$i":"dateTimeFormat_%c","$v":"%a %b %e %Y %I:%M:%S %p"},{"$i":"dateTimeFormat_%x","$v":"%m/%d/%Y"},{"$i":"dateTimeFormat_%X","$v":"%I:%M:%S %p"},{"$i":"shortTimeFormat","$v":"%I:%M %p"},{"$i":"shortTimeFormat12","$v":"%I:%M %p"},{"$i":"shortTimeFormat24","$v":"%H:%M"},{"$i":"shortDateTimeFormat","$v":"%x %I:%M %p"},{"$i":"weekStartsOnMonday","$v":"0"},{"$i":"firstDayOfTheWeek","$v":"0"},{"$i":"timePickerOrder","$v":"ĦḾƥ"},{"$i":"datePickerOrder","$v":"ḾḒẎ"},{"$i":"hourMinutesSeparator","$v":":"},{"$i":"listSeparator_middle","$v":", "},{"$i":"time_am","$v":"ȦȧḾ"},{"$i":"time_pm","$v":"ƤḾ"},{"$i":"durationPattern","$v":"ħħ:ḿḿ:şş.ŞŞ"},{"$i":"stopped_download_title","$v":"Ḓǿǿẇƞŀǿǿȧȧḓ şŧǿǿƥƥḗḗḓ"},{"$i":"stopped_download_message","$v":"Ḓǿǿẇƞŀǿǿȧȧḓ ẇȧȧş şŧǿǿƥƥḗḗḓ. Ŧřẏ ḓǿǿẇƞŀǿǿȧȧḓīīƞɠ ȧȧɠȧȧīīƞ?"},{"$i":"stopped_download_left_button","$v":"Ƈȧȧƞƈḗḗŀ"},{"$i":"stopped_download_right_button","$v":"Ŧřẏ ȧȧɠȧȧīīƞ"},{"$i":"failed_download_title","$v":"Ḓǿǿẇƞŀǿǿȧȧḓ ƒȧȧīīŀḗḗḓ"},{"$i":"failed_download_message","$v":[{"t":"idOrVar","v":"name"}," ƒȧȧīīŀḗḗḓ ŧǿǿ ḓǿǿẇƞŀǿǿȧȧḓ. Ŧřẏ ḓǿǿẇƞŀǿǿȧȧḓīīƞɠ ȧȧɠȧȧīīƞ?"]},{"$i":"failed_download_left_button","$v":"Ƈȧȧƞƈḗḗŀ"},{"$i":"failed_download_right_button","$v":"Ŧřẏ ȧȧɠȧȧīīƞ"},{"$i":"stop_download_title","$v":"Şŧǿǿƥ ḓǿǿẇƞŀǿǿȧȧḓ"},{"$i":"stop_download_message","$v":"Ȧȧřḗḗ ẏǿǿŭŭ şŭŭřḗḗ ẏǿǿŭŭ ẇȧȧƞŧ ŧǿǿ şŧǿǿƥ ŧħḗḗ ḓǿǿẇƞŀǿǿȧȧḓ?"},{"$i":"stop_download_left_button","$v":"Ƞǿǿ"},{"$i":"stop_download_right_button","$v":"Ẏḗḗş"},{"$i":"delete_download_title","$v":"Ḓḗḗŀḗḗŧḗḗ"},{"$i":"delete_download_message","$v":["Ḓḗḗŀḗḗŧḗḗ ",{"t":"idOrVar","v":"name"},"?"]},{"$i":"delete_download_left_button","$v":"Ƈȧȧƞƈḗḗŀ"},{"$i":"delete_download_right_button","$v":"Ḓḗḗŀḗḗŧḗḗ"},{"$i":"delete_all_download_title","$v":"Ḓḗḗŀḗḗŧḗḗ"},{"$i":"delete_all_download_left_button","$v":"Ƈȧȧƞƈḗḗŀ"},{"$i":"delete_all_download_right_button","$v":"Ḓḗḗŀḗḗŧḗḗ"},{"$i":"delete_all_download_message","$v":{"zero":"Ḓḗḗŀḗḗŧḗḗ ƞǿǿ ƒīīŀḗḗş?","one":"Ḓḗḗŀḗḗŧḗḗ ǿǿƞḗḗ ƒīīŀḗḗ?","two":["Ḓḗḗŀḗḗŧḗḗ ",{"t":"idOrVar","v":"number"}," ƒīīŀḗḗş?"],"few":["Ḓḗḗŀḗḗŧḗḗ ",{"t":"idOrVar","v":"number"}," ƒīīŀḗḗş?"],"many":["Ḓḗḗŀḗḗŧḗḗ ",{"t":"idOrVar","v":"number"}," ƒīīŀḗḗş?"],"other":["Ḓḗḗŀḗḗŧḗḗ ",{"t":"idOrVar","v":"number"}," ƒīīŀḗḗş?"]},"$x":[{"t":"idOrVar","v":"plural"},"number"]},{"$i":"unsupported_file_type_download_title","$v":"Ŭŭƞȧȧƀŀḗḗ ŧǿǿ ǿǿƥḗḗƞ"},{"$i":"unsupported_file_type_download_message","$v":["Ŧħḗḗřḗḗ īīşƞ’ŧ ȧȧƞ ȧȧƥƥ ŧħȧȧŧ ƈȧȧƞ ǿǿƥḗḗƞ ",{"t":"idOrVar","v":"name"},". Ẇǿǿŭŭŀḓ ẏǿǿŭŭ ŀīīķḗḗ ŧǿǿ şȧȧṽḗḗ ŧħḗḗ ƒīīŀḗḗ ǿǿř ḓḗḗŀḗḗŧḗḗ īīŧ?"]},{"$i":"unsupported_file_type_download_left_button","$v":"Ķḗḗḗḗƥ Ƒīīŀḗḗ"},{"$i":"unsupported_file_type_download_right_button","$v":"Ḓḗḗŀḗḗŧḗḗ"},{"$i":"file_not_found_download_title","$v":"Ƒīīŀḗḗ ƞǿǿŧ ƒǿǿŭŭƞḓ"},{"$i":"file_not_found_download_message","$v":"Ŧħḗḗ ƒīīŀḗḗ ẇȧȧşƞ’ŧ ƒǿǿŭŭƞḓ ǿǿƞ ŧħḗḗ ḓḗḗṽīīƈḗḗ"},{"$i":"file_not_found_download_right_button","$v":"ǾǿĶ"},{"$i":"unmounted_sdcard_2_download_title","$v":"Ḿḗḗḿǿǿřẏ ƈȧȧřḓ īīƞ ŭŭşḗḗ"},{"$i":"unmounted_sdcard_2_download_message","$v":"Ŭŭƞƥŀŭŭɠ ŧħḗḗ ƥħǿǿƞḗḗ"},{"$i":"unmounted_sdcard_2_download_right_button","$v":"ǾǿĶ"},{"$i":"no_provider_download_title","$v":"Ŭŭƞȧȧƀŀḗḗ ŧǿǿ şħȧȧřḗḗ"},{"$i":"no_provider_download_message","$v":"Ƞǿǿ ƥřǿǿṽīīḓḗḗř ƒǿǿŭŭƞḓ"},{"$i":"no_provider_download_right_button","$v":"ǾǿĶ"},{"$i":"no_memory_download_title","$v":"ŞḒ Ƈȧȧřḓ īīş ƒŭŭŀŀ"},{"$i":"no_memory_download_message","$v":"Ŧħḗḗřḗḗ īīş ƞǿǿ ḿǿǿřḗḗ řǿǿǿǿḿ ǿǿƞ ẏǿǿŭŭř ŞḒ ƈȧȧřḓ ŧǿǿ şȧȧṽḗḗ ẏǿǿŭŭř ḓǿǿẇƞŀǿǿȧȧḓ. Ƥŀḗḗȧȧşḗḗ řḗḗḿǿǿṽḗḗ şǿǿḿḗḗ ƒīīŀḗḗş ƀḗḗƒǿǿřḗḗ řḗḗşŧȧȧřŧīīƞɠ ŧħḗḗ ḓǿǿẇƞŀǿǿȧȧḓ."},{"$i":"no_memory_download_right_button","$v":"ǾǿĶ"},{"$i":"no_sdcard_found_2_download_title","$v":"Ƞǿǿ ḿḗḗḿǿǿřẏ ƈȧȧřḓ ƒǿǿŭŭƞḓ"},{"$i":"no_sdcard_found_2_download_message","$v":"Īīƞşḗḗřŧ ȧȧ ḿḗḗḿǿǿřẏ ƈȧȧřḓ ǿǿř şḗḗŀḗḗƈŧ ȧȧƞ ȧȧŀŧḗḗřƞȧȧŧḗḗ ḓḗḗƒȧȧŭŭŀŧ ḿḗḗḓīīȧȧ ŀǿǿƈȧȧŧīīǿǿƞ īīƞ şḗḗŧŧīīƞɠş"},{"$i":"no_sdcard_found_2_download_right_button","$v":"ǾǿĶ"},{"$i":"file_open_error_download_title","$v":"Ŭŭƞȧȧƀŀḗḗ ŧǿǿ ǿǿƥḗḗƞ"},{"$i":"file_open_error_download_message","$v":["Ŧħḗḗřḗḗ īīş ȧȧ ƥřǿǿƀŀḗḗḿ ǿǿƥḗḗƞīīƞɠ ",{"t":"idOrVar","v":"name"},". Ẇǿǿŭŭŀḓ ẏǿǿŭŭ ŀīīķḗḗ ŧǿǿ şȧȧṽḗḗ ŧħḗḗ ƒīīŀḗḗ ǿǿř ḓḗḗŀḗḗŧḗḗ īīŧ?"]},{"$i":"file_open_error_download_left_button","$v":"Ķḗḗḗḗƥ Ƒīīŀḗḗ"},{"$i":"file_open_error_download_right_button","$v":"Ḓḗḗŀḗḗŧḗḗ"},{"$i":"restart_download_error","$v":"Ŧħḗḗřḗḗ ẇȧȧş ȧȧƞ ḗḗřřǿǿř ẇħīīŀḗḗ řḗḗşŧȧȧřŧīīƞɠ ŧħḗḗ ḓǿǿẇƞŀǿǿȧȧḓ. Ƥŀḗḗȧȧşḗḗ ŧřẏ ŧǿǿ ḓǿǿẇƞŀǿǿȧȧḓ ȧȧɠȧȧīīƞ."},{"$i":"no-downloads","$v":"Ƞǿǿ ḓǿǿẇƞŀǿǿȧȧḓş"},{"$i":"byteUnit-B","$v":"Ɓ"},{"$i":"byteUnit-KB","$v":"ĶƁ"},{"$i":"byteUnit-MB","$v":"ḾƁ"},{"$i":"byteUnit-GB","$v":"ƓƁ"},{"$i":"byteUnit-TB","$v":"ŦƁ"},{"$i":"byteUnit-PB","$v":"ƤƁ"},{"$i":"byteUnit-EB","$v":"ḖḗƁ"},{"$i":"byteUnit-ZB","$v":"ẐƁ"},{"$i":"byteUnit-YB","$v":"ẎƁ"},{"$i":"fileSize","$v":[{"t":"idOrVar","v":"size"}," ",{"t":"idOrVar","v":"unit"}]},{"$i":"percentage","$v":[{"t":"idOrVar","v":"percentage"}," %"]},{"$i":"partialResult","$v":[{"t":"idOrVar","v":"partial"}," ǿǿƒ ",{"t":"idOrVar","v":"total"}]},{"$i":"summary","$v":[{"t":"idOrVar","v":"date"}," - ",{"t":"idOrVar","v":"status"}]},{"$i":"download-stopped","$v":"Şŧǿǿƥƥḗḗḓ"},{"$i":"download-failed","$v":"Ḓǿǿẇƞŀǿǿȧȧḓ ƒȧȧīīŀḗḗḓ"},{"$i":"open_downloaded_file","$v":"Ǿǿƥḗḗƞ"},{"$i":"share_downloaded_file","$v":"Şħȧȧřḗḗ"},{"$i":"wallpaper_downloaded_file","$v":"Şḗḗŧ ȧȧş ẇȧȧŀŀƥȧȧƥḗḗř"},{"$i":"ringtone_downloaded_file","$v":"Şḗḗŧ ȧȧş řīīƞɠŧǿǿƞḗḗ"},{"$i":"cancel_downloaded_file","$v":"Ƈȧȧƞƈḗḗŀ"},{"$i":"gaia-menu-cancel","$v":"Ƈȧȧƞƈḗḗŀ"},{"$i":"select-download","$v":"Şḗḗŀḗḗƈŧ ḓǿǿẇƞŀǿǿȧȧḓ"}]