{"brandShortName":{"_":"B2G OS"},"browserBrandShortName":{"_":"Web Browser"},"browserBrandFullName":{"_":"Mozilla Web Browser"},"ok":{"_":"موافق"},"cancel":{"_":"إلغاء"},"done":{"_":"تم"},"enter-search-or-address":{"placeholder":"إبحث أو أدخل عنواناَ"},"history":{"_":"تأريخ"},"new-tab":{"_":"علامة تبويب جديدة"},"open-in-new-tab":{"_":"افتح الرابط في علامة تبويب جديدة"},"future":{"_":"المستقبل"},"today":{"_":"اليوم"},"yesterday":{"_":"الأمس"},"last-7-days":{"_":"آخر ٧ أيام"},"this-month":{"_":"هذا الشهر"},"last-6-months":{"_":"آخر ٦ أشهر"},"older-than-6-months":{"_":"أكثر من ٦ أشهر"},"month-0":{"_":"يناير"},"month-1":{"_":"فبراير"},"month-2":{"_":"مارس"},"month-3":{"_":"أبريل"},"month-4":{"_":"مايو"},"month-5":{"_":"يونيو"},"month-6":{"_":"يوليو"},"month-7":{"_":"أغسطس"},"month-8":{"_":"سبتمبر"},"month-9":{"_":"أكتوبر"},"month-10":{"_":"نوفمبر"},"month-11":{"_":"ديسمبر"},"browser":{"_":"{{browserBrandShortName}}"},"start-browsing":{"_":"أدخل مصطلح بحث أو عنوان ويب لبدء التصفح."},"top-sites-startPage":{"_":"Top sites"},"top-sites-tab":{"_":"Top sites"},"browser-settings":{"_":"إعدادات"},"privacy-and-security":{"_":"الخصوصية والأمان"},"clear-browsing-history":{"_":"إحذف التأريخ"},"confirm-clear-browsing-history":{"_":"مسح التأريخ؟"},"clear-cookies-and-stored-data":{"_":"امسح البيانات الخاصة"},"confirm-clear-cookies-and-stored-data":{"_":"مسح البيانات الخاصة والمعلومات المخزنة من الجهاز؟"},"search-engines":{"_":"Search Engines"},"default-search-engine":{"_":"Default search engine"},"bookmarks":{"_":"علامات"},"bookmark":{"_":"علّم هذه الصفحة"},"unbookmark":{"_":"إزالة العلامة"},"edit-bookmark":{"_":"تعديل العلامة"},"edit-bookmark-header":{"_":"Edit bookmark"},"page-title":{"_":"عنوان الصفحة"},"address":{"_":"العنوان"},"add-to-home-screen":{"_":"أضف إلى الشاشة الرئيسية"},"username":{"_":"اسم المستخدم"},"password":{"_":"كلمة السِر"},"login":{"_":"تسجيل الدخول"},"login-to-a-website":{"_":"تسجيل الدخول إلى الموقع"},"http-authentication-message":{"_":"يتطلب منك الموقع {{host}} تسجيل الدخول."},"the-username-or-password-is-incorrect":{"_":"اسم المستخدم أو كلمة السّر غير صحيحة. "},"this-is-embarrassing":{"_":"حسناَ، هذا محرج."},"not-responding":{"_":"قمنا بمحاولة عرض هذه الصفحة ولكنها لاتستجيب"},"close-tab":{"_":"إغلاق علامة التبويب"},"reload-tab":{"_":"إعادة التحميل"},"search-for":{"_":"ابحث عن"},"save-image":{"_":"Save Image"},"image-saved":{"_":"Image saved to Gallery"},"error-saving-image":{"_":"Error saving image"},"save-video":{"_":"Save Video"},"video-saved":{"_":"Video saved to Video"},"error-saving-video":{"_":"Error saving video"},"save-audio":{"_":"Save Audio"},"audio-saved":{"_":"Audio saved to Music"},"error-saving-audio":{"_":"Error saving audio"},"yes":{"_":"نعم"},"no":{"_":"لا"},"save":{"_":"حِفظ"},"dontsave":{"_":"لا تقم بالحفظ"},"browser-start":{"_":"ابدأ {{browserBrandShortName}} "},"top-sites":{"_":"أكثر المواقع تصفحاَ"},"about-browser":{"_":"حول {{browserBrandShortName}}"},"support-about":{"_":"الدعم"},"faq-about":{"_":"الأسئلة الشائعة"},"credits-about":{"_":"المساهمون","href":"http://mozilla.org/credits/"},"trademark-about2":{"_":"{{browserBrandShortName}} و {{browserBrandShortName}} وشعاراته علامات تجارية لمؤسسة موزيلا."}}