{"brandShortName":{"_":"B2G OS"},"browserBrandShortName":{"_":"網頁瀏覽器"},"browserBrandFullName":{"_":"Mozilla 網頁瀏覽器"},"ok":{"_":"確定"},"cancel":{"_":"取消"},"done":{"_":"完成"},"enter-search-or-address":{"placeholder":"搜尋或輸入網址"},"history":{"_":"歷史"},"new-tab":{"_":"新分頁"},"open-in-new-tab":{"_":"用新分頁開啟鏈結"},"future":{"_":"未來"},"today":{"_":"今天"},"yesterday":{"_":"昨天"},"last-7-days":{"_":"最近七天"},"this-month":{"_":"這個月"},"last-6-months":{"_":"最近六個月"},"older-than-6-months":{"_":"超過六個月"},"month-0":{"_":"一月"},"month-1":{"_":"二月"},"month-2":{"_":"三月"},"month-3":{"_":"四月"},"month-4":{"_":"五月"},"month-5":{"_":"六月"},"month-6":{"_":"七月"},"month-7":{"_":"八月"},"month-8":{"_":"九月"},"month-9":{"_":"十月"},"month-10":{"_":"十一月"},"month-11":{"_":"十二月"},"browser":{"_":"{{browserBrandShortName}}"},"start-browsing":{"_":"輸入要搜尋的辭彙或網址以開始瀏覽。"},"top-sites-startPage":{"_":"最常瀏覽"},"top-sites-tab":{"_":"最常瀏覽"},"browser-settings":{"_":"設定"},"privacy-and-security":{"_":"隱私與安全性"},"clear-browsing-history":{"_":"清除瀏覽歷史"},"confirm-clear-browsing-history":{"_":"清除瀏覽歷史？"},"clear-cookies-and-stored-data":{"_":"清除 Cookie 與儲存的資料"},"confirm-clear-cookies-and-stored-data":{"_":"是否要清除此裝置上儲存的 Cookie 與其他由網站所儲存的資料？"},"search-engines":{"_":"搜尋引擎"},"default-search-engine":{"_":"預設搜尋引擎"},"bookmarks":{"_":"書籤"},"bookmark":{"_":"書籤"},"unbookmark":{"_":"自書籤移除"},"edit-bookmark":{"_":"編輯書籤"},"edit-bookmark-header":{"_":"Edit bookmark"},"page-title":{"_":"頁面標題"},"address":{"_":"網址"},"add-to-home-screen":{"_":"新增至裝置主畫面"},"username":{"_":"使用者名稱"},"password":{"_":"密碼"},"login":{"_":"登入"},"login-to-a-website":{"_":"登入至網站"},"http-authentication-message":{"_":"{{host}} 網站要求您登入。"},"the-username-or-password-is-incorrect":{"_":"帳號或密碼不正確。"},"this-is-embarrassing":{"_":"哎呀，真尷尬。"},"not-responding":{"_":"我們試著要顯示此網頁但沒有回應。"},"close-tab":{"_":"關閉分頁"},"reload-tab":{"_":"重新載入"},"search-for":{"_":"搜尋"},"save-image":{"_":"儲存圖片"},"image-saved":{"_":"已將圖片儲存至圖片庫"},"error-saving-image":{"_":"儲存圖片時發生錯誤"},"save-video":{"_":"儲存影片"},"video-saved":{"_":"已將影片儲存至影片庫"},"error-saving-video":{"_":"儲存影片時發生錯誤"},"save-audio":{"_":"儲存音樂"},"audio-saved":{"_":"已將音樂儲存至音樂庫"},"error-saving-audio":{"_":"儲存音樂時發生錯誤"}}