{"add-to-home-screen":{"_":"أضف إلى الشاشة الرئيسية"},"add-to-home-screen-header":{"_":"Add link"},"website-name":{"_":"اسم الموقع"},"address":{"_":"العنوان"},"added-to-home-screen":{"_":"Added to Home Screen"},"wrapper-search-name":{"_":"{{topic}} على {{name}}"},"contextmenu-add-wallpaper":{"_":"Change Wallpaper"},"contextmenu-add-smart-collections":{"_":"Add Smart Collections"},"delete-title":{"_":"حذف {{name}}"},"delete-body":{"_":"سيتم حذف {{name}} وجميع المعلومات الخاصة به."},"delete":{"_":"حذف"},"cancel":{"_":"إلغاء"},"remove-title-2":{"_":"حذف {{name}}"},"remove-body":{"_":"حذف {{name}} من الشاشة الرئيسية؟"},"remove":{"_":"إزالة"},"longDateFormat":{"_":"%A, %B %e"},"download":{"_":"Download"},"restart-download-title":{"_":"إعادة تشغيل التنزيل"},"restart-download-body":{"_":"هل تريد تنزيل {{name}}؟"},"loadingEvme2":{"_":"جارِ التحميل..."},"evme-searchbar-default":{"_":"كل شيء....","placeholder":"I’m thinking of…"},"evme-searchbar-default2":{"_":"I’m thinking of…","placeholder":"I’m thinking of…"},"evme-searchbar-clear":{"_":"العودة"},"evme-searchbar-title":{"_":"Everything"},"evme-helper-default":{"_":"أدخل أي موضوع أو اي جمل للبحث"},"evme-helper-default2":{"_":"Enter any topic or keyword"},"evme-helper-dismiss":{"_":"صرف"},"evme-helper-no-refine":{"_":"لم يتم العثور على خيارات"},"evme-helper-history-title":{"_":"تأريخ:"},"evme-helper-history-link":{"_":"تأريخ"},"evme-helper-history-clear":{"_":"امسح التأريخ"},"evme-helper-didyoumean-title":{"_":"هل تقصد:"},"evme-helper-refine-title":{"_":"هل تقصد:"},"evme-helper-title-prefix":{"_":"كل شيء"},"evme-helper-title-empty":{"_":"كل شيء"},"evme-apps-market-download":{"_":"Download"},"evme-apps-market-more-apps":{"_":"More Apps"},"evme-apps-loading-app":{"_":"جارِ التحميل..."},"evme-appsmore-loading":{"_":"جارِ التحميل..."},"evme-alert-app-install-confirm":{"_":"أضِف {{name}} على الشاشة الرئيسية؟"},"evme-alert-app-install-exists":{"_":"{{name}} تم إضافته مسبقا على الشاشة الرئيسية"},"evme-alert-offline-smart-collections-more":{"_":"Connect to the internet to add more Smart Collections"},"evme-alert-save-wallpaper":{"_":"Set as wallpaper?"},"evme-alert-no-more-smart-collections":{"_":"No Smart Collections to add"},"evme-banner-app-install-success":{"_":"{{name}} تم إضافته على الشاشة الرئيسية"},"evme-banner-save-wallpaper":{"_":"Wallpaper set successfully"},"evme-shortcuts-more":{"_":"المزيد"},"evme-collectionssuggest-loading":{"_":"Loading…"},"evme-collectionssuggest-loading-cancel":{"_":"Cancel"},"evme-collectionssuggest-prompt-create-custom":{"_":"Create your own Smart Collection"},"evme-backgroundimage-source-label":{"_":"المصدر:"},"evme-collection-title-prefix":{"_":"Everything"},"evme-collection-title-suffix":{"_":"Phone"},"evme-collection-loading-more":{"_":"Loading…"},"evme-connectionmessage-apps":{"_":"اتصل بالانترنت لايجاد تطبيقات لـ {{query}}"},"evme-connectionmessage-apps-has-installed":{"_":"اتصل بالانترنت لايجاد تطبيقات اكثر لـ {{query}}"},"evme-tips-app-explain":{"innerHTML":"جِد الاشياء التي تحبها من خلال التطبيقات المميزة."},"evme-tips-searchbar-focus":{"innerHTML":"مثال: ابحث عن مطربك المُفضل أو فرقتك المُفضلة..."},"evme-tips-exact-results":{"innerHTML":"يوجد تطبيق لـ <b>{{query}}</b>,<br /><br /> انقر فوق أي رمز لفتحه."},"evme-shortcut-custom":{"_":"Custom…"},"evme-shortcut-id-astrology":{"_":"فَلَك"},"evme-shortcut-id-autos":{"_":"سيارات"},"evme-shortcut-id-beauty":{"_":"جمال"},"evme-shortcut-id-books":{"_":"كتب"},"evme-shortcut-id-celebs":{"_":"مشاهير"},"evme-shortcut-id-daily-deals":{"_":"عروض يومية"},"evme-shortcut-id-dating":{"_":"مواعدة"},"evme-shortcut-id-electronics":{"_":"إلكترونيات"},"evme-shortcut-id-email":{"_":"بريد الكتروني"},"evme-shortcut-id-entertainment":{"_":"Entertainment"},"evme-shortcut-id-environment":{"_":"بيئة"},"evme-shortcut-id-fashion":{"_":"أزياء"},"evme-shortcut-id-funny":{"_":"مَرَح"},"evme-shortcut-id-games":{"_":"ألعاب"},"evme-shortcut-id-government":{"_":"حكومة"},"evme-shortcut-id-health":{"_":"صِّحة"},"evme-shortcut-id-jobs":{"_":"وظائف"},"evme-shortcut-id-local":{"_":"محلِّي"},"evme-shortcut-id-maps":{"_":"خرائط"},"evme-shortcut-id-movies":{"_":"أفلام"},"evme-shortcut-id-music":{"_":"موسيقى"},"evme-shortcut-id-new-apps":{"_":"تطبيقات جديدة"},"evme-shortcut-id-news":{"_":"أخبار"},"evme-shortcut-id-photography":{"_":"Photography"},"evme-shortcut-id-recipes":{"_":"وصفات"},"evme-shortcut-id-restaurants":{"_":"مطاعم"},"evme-shortcut-id-shopping":{"_":"تسوق"},"evme-shortcut-id-social":{"_":"اجتماعي"},"evme-shortcut-id-sports":{"_":"رياضة"},"evme-shortcut-id-tech-news":{"_":"اخبار تقنية"},"evme-shortcut-id-top-apps":{"_":"أفضل التطبيقات"},"evme-shortcut-id-travel":{"_":"سفر"},"evme-shortcut-id-tv":{"_":"تلفزيون"},"evme-shortcut-id-video":{"_":"فيديو"},"evme-shortcut-id-utilities":{"_":"Utilities"},"evme-shortcut-id-weather":{"_":"طقس"},"evme-add-to-top-of-collection":{"_":"Add to top of collection"},"evme-save-to-homescreen":{"_":"Save to Homescreen"},"edit-dialog-header":{"_":"Edit"},"edit-dialog-name":{"_":"Website name"},"edit-dialog-url":{"_":"Address"},"edit-dialog-cancel":{"_":"Cancel"},"edit-dialog-done":{"_":"Done"},"Showbiz":{"_":"Showbiz"},"Social":{"_":"Social"},"Games":{"_":"Games"},"Music":{"_":"Music"},"weekday-0-long":{"_":"Sunday"},"weekday-1-long":{"_":"Monday"},"weekday-2-long":{"_":"Tuesday"},"weekday-3-long":{"_":"Wednesday"},"weekday-4-long":{"_":"Thursday"},"weekday-5-long":{"_":"Friday"},"weekday-6-long":{"_":"Saturday"},"weekday-0-short":{"_":"Sun"},"weekday-1-short":{"_":"Mon"},"weekday-2-short":{"_":"Tue"},"weekday-3-short":{"_":"Wed"},"weekday-4-short":{"_":"Thu"},"weekday-5-short":{"_":"Fri"},"weekday-6-short":{"_":"Sat"},"month-0-long":{"_":"January"},"month-1-long":{"_":"February"},"month-2-long":{"_":"March"},"month-3-long":{"_":"April"},"month-4-long":{"_":"May"},"month-5-long":{"_":"June"},"month-6-long":{"_":"July"},"month-7-long":{"_":"August"},"month-8-long":{"_":"September"},"month-9-long":{"_":"October"},"month-10-long":{"_":"November"},"month-11-long":{"_":"December"},"month-0-genitive":{"_":"January"},"month-1-genitive":{"_":"February"},"month-2-genitive":{"_":"March"},"month-3-genitive":{"_":"April"},"month-4-genitive":{"_":"May"},"month-5-genitive":{"_":"June"},"month-6-genitive":{"_":"July"},"month-7-genitive":{"_":"August"},"month-8-genitive":{"_":"September"},"month-9-genitive":{"_":"October"},"month-10-genitive":{"_":"November"},"month-11-genitive":{"_":"December"},"month-0-short":{"_":"Jan"},"month-1-short":{"_":"Feb"},"month-2-short":{"_":"Mar"},"month-3-short":{"_":"Apr"},"month-4-short":{"_":"May"},"month-5-short":{"_":"Jun"},"month-6-short":{"_":"Jul"},"month-7-short":{"_":"Aug"},"month-8-short":{"_":"Sep"},"month-9-short":{"_":"Oct"},"month-10-short":{"_":"Nov"},"month-11-short":{"_":"Dec"},"minutes-ago-long":{"_":"{[ plural(value) ]}","_[zero]":"just now","_[one]":"a minute ago","_[two]":"{{value}} minutes ago","_[few]":"{{value}} minutes ago","_[many]":"{{value}} minutes ago","_[other]":"{{value}} minutes ago"},"hours-ago-long":{"_":"{[ plural(value) ]}","_[zero]":"just now","_[one]":"an hour ago","_[two]":"{{value}} hours ago","_[few]":"{{value}} hours ago","_[many]":"{{value}} hours ago","_[other]":"{{value}} hours ago"},"days-ago-long":{"_":"{[ plural(value) ]}","_[zero]":"today","_[one]":"yesterday","_[two]":"{{value}} days ago","_[few]":"{{value}} days ago","_[many]":"{{value}} days ago","_[other]":"{{value}} days ago"},"weeks-ago-long":{"_":"{[ plural(value) ]}","_[zero]":"this week","_[one]":"last week","_[two]":"{{value}} weeks ago","_[few]":"{{value}} weeks ago","_[many]":"{{value}} weeks ago","_[other]":"{{value}} weeks ago"},"months-ago-long":{"_":"{[ plural(value) ]}","_[zero]":"this month","_[one]":"last month","_[two]":"{{value}} months ago","_[few]":"{{value}} months ago","_[many]":"{{value}} months ago","_[other]":"{{value}} months ago"},"years-ago-long":{"_":"{[ plural(value) ]}","_[zero]":"this year","_[one]":"last year","_[two]":"{{value}} years ago","_[few]":"{{value}} years ago","_[many]":"{{value}} years ago","_[other]":"{{value}} years ago"},"minutes-until-long":{"_":"{[ plural(value) ]}","_[zero]":"now","_[one]":"in a minute","_[two]":"in {{value}} minutes","_[few]":"in {{value}} minutes","_[many]":"in {{value}} minutes","_[other]":"in {{value}} minutes"},"hours-until-long":{"_":"{[ plural(value) ]}","_[zero]":"now","_[one]":"in an hour","_[two]":"in {{value}} hours","_[few]":"in {{value}} hours","_[many]":"in {{value}} hours","_[other]":"in {{value}} hours"},"days-until-long":{"_":"{[ plural(value) ]}","_[zero]":"today","_[one]":"tomorrow","_[two]":"in {{value}} days","_[few]":"in {{value}} days","_[many]":"in {{value}} days","_[other]":"in {{value}} days"},"weeks-until-long":{"_":"{[ plural(value) ]}","_[zero]":"this week","_[one]":"next week","_[two]":"in {{value}} weeks","_[few]":"in {{value}} weeks","_[many]":"in {{value}} weeks","_[other]":"in {{value}} weeks"},"months-until-long":{"_":"{[ plural(value) ]}","_[zero]":"this month","_[one]":"next month","_[two]":"in {{value}} months","_[few]":"in {{value}} months","_[many]":"in {{value}} months","_[other]":"in {{value}} months"},"years-until-long":{"_":"{[ plural(value) ]}","_[zero]":"this year","_[one]":"next year","_[two]":"in {{value}} years","_[few]":"in {{value}} years","_[many]":"in {{value}} years","_[other]":"in {{value}} years"},"minutes-ago-short":{"_":"{[ plural(value) ]}","_[zero]":"just now","_[other]":"{{value}}m ago"},"hours-ago-short":{"_":"{[ plural(value) ]}","_[zero]":"just now","_[other]":"{{value}}h ago"},"days-ago-short":{"_":"{[ plural(value) ]}","_[zero]":"today","_[other]":"{{value}}d ago"},"minutes-until-short":{"_":"{[ plural(value) ]}","_[zero]":"now","_[other]":"in {{value}}m"},"hours-until-short":{"_":"{[ plural(value) ]}","_[zero]":"now","_[other]":"in {{value}}h"},"days-until-short":{"_":"{[ plural(value) ]}","_[zero]":"today","_[other]":"in {{value}}d"},"incorrectDate":{"_":"(incorrect date)"},"dateTimeFormat_%c":{"_":"%a %b %e %Y %I:%M:%S %p"},"dateTimeFormat_%x":{"_":"%m/%d/%Y"},"dateTimeFormat_%X":{"_":"%I:%M:%S %p"},"shortTimeFormat":{"_":"%I:%M %p"},"shortDateTimeFormat":{"_":"%x %I:%M %p"},"weekStartsOnMonday":{"_":"0"},"time_am":{"_":"AM"},"time_pm":{"_":"PM"}}