{"add-to-home-screen":{"_":"Ajouter à l’écran d’accueil"},"add-to-home-screen-header":{"_":"Ajouter un lien"},"website-name":{"_":"Nom du site web"},"address":{"_":"Adresse"},"added-to-home-screen":{"_":"Ajouté à l’écran d’accueil"},"wrapper-search-name":{"_":"{{topic}} sur {{name}}"},"contextmenu-add-wallpaper":{"_":"Changer le fond d’écran"},"contextmenu-add-smart-collections":{"_":"Ajouter des collections virtuelles"},"delete-title":{"_":"Supprimer {{name}}"},"delete-body":{"_":"{{name}} et toutes ses données seront supprimés."},"delete":{"_":"Supprimer"},"cancel":{"_":"Annuler"},"remove-title-2":{"_":"Retirer {{name}}"},"remove-body":{"_":"Retirer {{name}} de l’écran d’accueil ?"},"remove":{"_":"Retirer"},"longDateFormat":{"_":"%A %e %Eb"},"download":{"_":"Télécharger"},"restart-download-title":{"_":"Redémarrer le téléchargement"},"restart-download-body":{"_":"Voulez-vous télécharger {{name}} ?"},"loadingEvme2":{"_":"Chargement…"},"evme-searchbar-default":{"_":"Everything…","placeholder":"Je pense à…"},"evme-searchbar-default2":{"_":"Je pense à…","placeholder":"Je pense à…"},"evme-searchbar-clear":{"_":"Retour"},"evme-searchbar-title":{"_":"Everything"},"evme-helper-default":{"_":"Saisir un sujet ou une recherche"},"evme-helper-default2":{"_":"Saisir un sujet ou un mot-clé"},"evme-helper-dismiss":{"_":"Désactiver"},"evme-helper-no-refine":{"_":"Aucune option trouvée"},"evme-helper-history-title":{"_":"Historique :"},"evme-helper-history-link":{"_":"Historique"},"evme-helper-history-clear":{"_":"Effacer l’historique"},"evme-helper-didyoumean-title":{"_":"Vouliez-vous dire :"},"evme-helper-refine-title":{"_":"Vouliez-vous dire :"},"evme-helper-title-prefix":{"_":"Everything"},"evme-helper-title-empty":{"_":"Everything"},"evme-apps-market-download":{"_":"Télécharger"},"evme-apps-market-more-apps":{"_":"Plus d’applications"},"evme-apps-loading-app":{"_":"Chargement…"},"evme-appsmore-loading":{"_":"Chargement…"},"evme-alert-app-install-confirm":{"_":"Ajouter {{name}} à l’écran d’accueil ?"},"evme-alert-app-install-exists":{"_":"{{name}} a déjà été ajouté à l’écran d’accueil"},"evme-alert-offline-smart-collections-more":{"_":"Veuillez vous connecter à Internet afin d’ajouter plus de collections virtuelles"},"evme-alert-save-wallpaper":{"_":"Définir comme fond d’écran ?"},"evme-alert-no-more-smart-collections":{"_":"Aucune collection virtuelle à ajouter"},"evme-banner-app-install-success":{"_":"{{name}} ajouté à l’écran d’accueil"},"evme-banner-save-wallpaper":{"_":"Fond d’écran correctement défini"},"evme-shortcuts-more":{"_":"Plus"},"evme-collectionssuggest-loading":{"_":"Chargement…"},"evme-collectionssuggest-loading-cancel":{"_":"Annuler"},"evme-collectionssuggest-prompt-create-custom":{"_":"Créer votre propre collection virtuelle"},"evme-backgroundimage-source-label":{"_":"Source :"},"evme-collection-title-prefix":{"_":"Everything"},"evme-collection-title-suffix":{"_":"téléphone"},"evme-collection-loading-more":{"_":"Chargement…"},"evme-connectionmessage-apps":{"_":"Veuillez vous connecter à Internet afin d’obtenir des applications pour {{query}}"},"evme-connectionmessage-apps-has-installed":{"_":"Veuillez vous connecter à Internet afin d’obtenir encore plus d’applications pour {{query}}"},"evme-tips-app-explain":{"innerHTML":"Trouvez exactement ce que vous aimez avec les applications les plus sympas."},"evme-tips-searchbar-focus":{"innerHTML":"Par exemple, recherchez votre chanteur ou groupe préféré…"},"evme-tips-exact-results":{"innerHTML":"Voici les applications pour <b>{{query}}</b>.<br /><br />Pour les ouvrir, appuyez sur leur icône."},"evme-shortcut-custom":{"_":"Personnalisée…"},"evme-shortcut-id-astrology":{"_":"Astrologie"},"evme-shortcut-id-autos":{"_":"Voitures"},"evme-shortcut-id-beauty":{"_":"Beauté"},"evme-shortcut-id-books":{"_":"Livres"},"evme-shortcut-id-celebs":{"_":"Célébrités"},"evme-shortcut-id-daily-deals":{"_":"Bons plans"},"evme-shortcut-id-dating":{"_":"Rencontres"},"evme-shortcut-id-electronics":{"_":"Électronique"},"evme-shortcut-id-email":{"_":"Courriel"},"evme-shortcut-id-entertainment":{"_":"Divertissement"},"evme-shortcut-id-environment":{"_":"Environnement"},"evme-shortcut-id-fashion":{"_":"Mode"},"evme-shortcut-id-funny":{"_":"Humour"},"evme-shortcut-id-games":{"_":"Jeux"},"evme-shortcut-id-government":{"_":"Politique"},"evme-shortcut-id-health":{"_":"Santé"},"evme-shortcut-id-jobs":{"_":"Emplois"},"evme-shortcut-id-local":{"_":"Local"},"evme-shortcut-id-maps":{"_":"Cartes"},"evme-shortcut-id-movies":{"_":"Films"},"evme-shortcut-id-music":{"_":"Musique"},"evme-shortcut-id-new-apps":{"_":"Nouveautés"},"evme-shortcut-id-news":{"_":"Actualités"},"evme-shortcut-id-photography":{"_":"Photographie"},"evme-shortcut-id-recipes":{"_":"Recettes"},"evme-shortcut-id-restaurants":{"_":"Restaurants"},"evme-shortcut-id-shopping":{"_":"Achats"},"evme-shortcut-id-social":{"_":"Social"},"evme-shortcut-id-sports":{"_":"Sport"},"evme-shortcut-id-tech-news":{"_":"Actu. technologique"},"evme-shortcut-id-top-apps":{"_":"Meilleures applications"},"evme-shortcut-id-travel":{"_":"Voyages"},"evme-shortcut-id-tv":{"_":"TV"},"evme-shortcut-id-video":{"_":"Vidéos"},"evme-shortcut-id-utilities":{"_":"Utilitaires"},"evme-shortcut-id-weather":{"_":"Météo"},"evme-add-to-top-of-collection":{"_":"Add to top of collection"},"evme-save-to-homescreen":{"_":"Save to Homescreen"},"edit-dialog-header":{"_":"Edit"},"edit-dialog-name":{"_":"Website name"},"edit-dialog-url":{"_":"Address"},"edit-dialog-cancel":{"_":"Cancel"},"edit-dialog-done":{"_":"Done"},"Showbiz":{"_":"Divertissement"},"Social":{"_":"Social"},"Games":{"_":"Jeux"},"Music":{"_":"Musique"},"weekday-0-long":{"_":"Dimanche"},"weekday-1-long":{"_":"Lundi"},"weekday-2-long":{"_":"Mardi"},"weekday-3-long":{"_":"Mercredi"},"weekday-4-long":{"_":"Jeudi"},"weekday-5-long":{"_":"Vendredi"},"weekday-6-long":{"_":"Samedi"},"weekday-0-short":{"_":"dim"},"weekday-1-short":{"_":"lun"},"weekday-2-short":{"_":"mar"},"weekday-3-short":{"_":"mer"},"weekday-4-short":{"_":"jeu"},"weekday-5-short":{"_":"ven"},"weekday-6-short":{"_":"sam"},"month-0-long":{"_":"Janvier"},"month-1-long":{"_":"Février"},"month-2-long":{"_":"Mars"},"month-3-long":{"_":"Avril"},"month-4-long":{"_":"Mai"},"month-5-long":{"_":"Juin"},"month-6-long":{"_":"Juillet"},"month-7-long":{"_":"Août"},"month-8-long":{"_":"Septembre"},"month-9-long":{"_":"Octobre"},"month-10-long":{"_":"Novembre"},"month-11-long":{"_":"Décembre"},"month-0-genitive":{"_":"janvier"},"month-1-genitive":{"_":"février"},"month-2-genitive":{"_":"mars"},"month-3-genitive":{"_":"avril"},"month-4-genitive":{"_":"mai"},"month-5-genitive":{"_":"juin"},"month-6-genitive":{"_":"juillet"},"month-7-genitive":{"_":"août"},"month-8-genitive":{"_":"septembre"},"month-9-genitive":{"_":"octobre"},"month-10-genitive":{"_":"novembre"},"month-11-genitive":{"_":"décembre"},"month-0-short":{"_":"jan."},"month-1-short":{"_":"fév."},"month-2-short":{"_":"mars"},"month-3-short":{"_":"avr."},"month-4-short":{"_":"mai"},"month-5-short":{"_":"juin"},"month-6-short":{"_":"juil."},"month-7-short":{"_":"août"},"month-8-short":{"_":"sep."},"month-9-short":{"_":"oct."},"month-10-short":{"_":"nov."},"month-11-short":{"_":"déc."},"minutes-ago-long":{"_":"{[ plural(value) ]}","_[zero]":"à l’instant","_[one]":"il y a {{value}} minute","_[two]":"il y a {{value}} minutes","_[few]":"il y a {{value}} minutes","_[many]":"il y a {{value}} minutes","_[other]":"il y a {{value}} minutes"},"hours-ago-long":{"_":"{[ plural(value) ]}","_[zero]":"à l’instant","_[one]":"il y a {{value}} heure","_[two]":"il y a {{value}} heures","_[few]":"il y a {{value}} heures","_[many]":"il y a {{value}} heures","_[other]":"il y a {{value}} heures"},"days-ago-long":{"_":"{[ plural(value) ]}","_[zero]":"aujourd’hui","_[one]":"hier","_[two]":"il y a {{value}} jours","_[few]":"il y a {{value}} jours","_[many]":"il y a {{value}} jours","_[other]":"il y a {{value}} jours"},"weeks-ago-long":{"_":"{[ plural(value) ]}","_[zero]":"cette semaine","_[one]":"la semaine dernière","_[two]":"il y a {{value}} semaines","_[few]":"il y a {{value}} semaines","_[many]":"il y a {{value}} semaines","_[other]":"il y a {{value}} semaines"},"months-ago-long":{"_":"{[ plural(value) ]}","_[zero]":"ce mois-ci","_[one]":"le mois dernier","_[two]":"il y a {{value}} mois","_[few]":"il y a {{value}} mois","_[many]":"il y a {{value}} mois","_[other]":"il y a {{value}} mois"},"years-ago-long":{"_":"{[ plural(value) ]}","_[zero]":"cette année","_[one]":"l’année dernière","_[two]":"il y a {{value}} ans","_[few]":"il y a {{value}} ans","_[many]":"il y a {{value}} ans","_[other]":"il y a {{value}} ans"},"minutes-until-long":{"_":"{[ plural(value) ]}","_[zero]":"maintenant","_[one]":"dans {{value}} minute","_[two]":"dans {{value}} minutes","_[few]":"dans {{value}} minutes","_[many]":"dans {{value}} minutes","_[other]":"dans {{value}} minutes"},"hours-until-long":{"_":"{[ plural(value) ]}","_[zero]":"maintenant","_[one]":"dans {{value}} heure","_[two]":"dans {{value}} heures","_[few]":"dans {{value}} heures","_[many]":"dans {{value}} heures","_[other]":"dans {{value}} heures"},"days-until-long":{"_":"{[ plural(value) ]}","_[zero]":"aujourd’hui","_[one]":"demain","_[two]":"dans {{value}} jours","_[few]":"dans {{value}} jours","_[many]":"dans {{value}} jours","_[other]":"dans {{value}} jours"},"weeks-until-long":{"_":"{[ plural(value) ]}","_[zero]":"cette semaine","_[one]":"la semaine prochaine","_[two]":"dans {{value}} semaines","_[few]":"dans {{value}} semaines","_[many]":"dans {{value}} semaines","_[other]":"dans {{value}} semaines"},"months-until-long":{"_":"{[ plural(value) ]}","_[zero]":"ce mois-ci","_[one]":"le mois prochain","_[two]":"dans {{value}} mois","_[few]":"dans {{value}} mois","_[many]":"dans {{value}} mois","_[other]":"dans {{value}} mois"},"years-until-long":{"_":"{[ plural(value) ]}","_[zero]":"cette année","_[one]":"l’année prochaine","_[two]":"dans {{value}} ans","_[few]":"dans {{value}} ans","_[many]":"dans {{value}} ans","_[other]":"dans {{value}} ans"},"minutes-ago-short":{"_":"{[ plural(value) ]}","_[zero]":"à l’instant","_[other]":"il y a {{value}} min"},"hours-ago-short":{"_":"{[ plural(value) ]}","_[zero]":"à l’instant","_[other]":"il y a {{value}}h"},"days-ago-short":{"_":"{[ plural(value) ]}","_[zero]":"aujourd’hui","_[other]":"il y a {{value}}j"},"minutes-until-short":{"_":"{[ plural(value) ]}","_[zero]":"maintenant","_[other]":"dans {{value}}m"},"hours-until-short":{"_":"{[ plural(value) ]}","_[zero]":"maintenant","_[other]":"dans {{value}}h"},"days-until-short":{"_":"{[ plural(value) ]}","_[zero]":"aujourd’hui","_[other]":"dans {{value}}j"},"incorrectDate":{"_":"(date incorrecte)"},"dateTimeFormat_%c":{"_":"%a %e %b %Y %H:%M:%S"},"dateTimeFormat_%x":{"_":"%d/%m/%Y"},"dateTimeFormat_%X":{"_":"%H:%M:%S"},"shortTimeFormat":{"_":"%H:%M"},"shortDateTimeFormat":{"_":"%x %H:%M"},"weekStartsOnMonday":{"_":"1"},"time_am":{"_":"AM"},"time_pm":{"_":"PM"}}