{"back":"Back","save":"Save","hide":"Hide","cancel":"Cancel","confirm":"Confirm","done":"Done","events":"Events","edit":"Edit","allday-events":"All-day Events","no-events":"No Events","hint-swipe-action":"Swipe","hint-swipe-to-navigate":"to navigate between calendar dates.","show-today":"Today","show-month-view":"Month","show-week-view":"Week","show-day-view":"Day","settings-show":"Settings","settings-hide":"Hide settings","add-account":"Add an account","new-event":"Add event","view-event-header":"Event","new-event-header":"Add Event","edit-event-header":"Edit Event","account-header":"Account","account-list-header":"Accounts","advanced-settings-short":"Settings","advanced-settings-header":"Calendar Settings","advanced-settings-personalization":"Personalization","advanced-settings-reminders":"Reminders","advanced-settings-add-account":"Add Account","field-user":{"placeholder":"Username"},"field-password":{"placeholder":"Password"},"field-full-url":{"placeholder":"URL"},"modify-account-setting-up":"Please wait while your account is set up","modify-account-unable-to-sync":"Unable to sync","modify-account-sign-in":"Sign in","preset-caldav":"CalDav","preset-yahoo":"Yahoo!","preset-google":"Google","preset-local":"Offline calendar","preset-mozilla":"Mozilla Zimbra","calendar-local":"Offline calendar","event-title":{"placeholder":"Title"},"event-location":{"placeholder":"Where?"},"event-description":{"placeholder":"Notes"},"event-is-allday":"All day event?","event-start-date":{"placeholder":"Start date"},"event-end-date":{"placeholder":"End date"},"event-start-time":{"placeholder":"Start time"},"event-end-time":{"placeholder":"End time"},"event-delete":"Delete event","remove-account-data":"Remove local data","remove-account-dialog":"Remove account","remove-account-dialog-details":"Removing this account will also remove your local copy of associated calendars and events.","drawer-sync-button":"Sync","sync-frequency":"Sync Calendar","sync-frequency-manual":{"textContent":"Manually"},"sync-frequency-15min":{"textContent":"15 min"},"sync-frequency-30min":{"textContent":"30 min"},"sync-frequency-hourly":{"textContent":"Each hour"},"one-day-duration":"{{startDate}}<br>from {{startTime}} to {{endTime}}","multiple-day-duration":"From {{startTime}} {{startDate}}<br>to {{endTime}} {{endDate}}","one-all-day-duration":"All day<br>{{startDate}}","multiple-all-day-duration":"All day from {{startDate}}<br>to {{endDate}}","none":"None","reminder":"Reminder:","remind-me":"Remind me","alarm-at-event-standard":"At time of event","alarm-at-event-allday":"On day of event","alarm-start-notice":"{{title}} starting {{distance}}","alarm-started-notice":"{{title}} started {{distance}}","minutes-before":{"_index":["plural","value"],"_":{"zero":"0 minutes before","one":"1 minute before","two":"{{value}} minutes before","few":"{{value}} minutes before","many":"{{value}} minutes before","other":"{{value}} minutes before"}},"hours-before":{"_index":["plural","value"],"_":{"zero":"0 hours before","one":"1 hour before","two":"{{value}} hours before","few":"{{value}} hours before","many":"{{value}} hours before","other":"{{value}} hours before"}},"days-before":{"_index":["plural","value"],"_":{"zero":"0 days before","one":"1 day before","two":"{{value}} days before","few":"{{value}} days before","many":"{{value}} days before","other":"{{value}} days before"}},"weeks-before":{"_index":["plural","value"],"_":{"zero":"0 weeks before","one":"1 week before","two":"{{value}} weeks before","few":"{{value}} weeks before","many":"{{value}} weeks before","other":"{{value}} weeks before"}},"months-before":{"_index":["plural","value"],"_":{"zero":"0 months before","one":"1 month before","two":"{{value}} months before","few":"{{value}} months before","many":"{{value}} months before","other":"{{value}} months before"}},"years-before":{"_index":["plural","value"],"_":{"zero":"0 years before","one":"1 year before","two":"{{value}} years before","few":"{{value}} years before","many":"{{value}} years before","other":"{{value}} years before"}},"minutes-after":{"_index":["plural","value"],"_":{"zero":"0 minutes after","one":"1 minute after","two":"{{value}} minutes after","few":"{{value}} minutes after","many":"{{value}} minutes after","other":"{{value}} minutes after"}},"hours-after":{"_index":["plural","value"],"_":{"zero":"0 hours after","one":"1 hour after","two":"{{value}} hours after","few":"{{value}} hours after","many":"{{value}} hours after","other":"{{value}} hours after"}},"days-after":{"_index":["plural","value"],"_":{"zero":"0 days after","one":"1 day after","two":"{{value}} days after","few":"{{value}} days after","many":"{{value}} days after","other":"{{value}} days after"}},"weeks-after":{"_index":["plural","value"],"_":{"zero":"0 weeks after","one":"1 week after","two":"{{value}} weeks after","few":"{{value}} weeks after","many":"{{value}} weeks after","other":"{{value}} weeks after"}},"months-after":{"_index":["plural","value"],"_":{"zero":"0 months after","one":"1 month after","two":"{{value}} months after","few":"{{value}} months after","many":"{{value}} months after","other":"{{value}} months after"}},"years-after":{"_index":["plural","value"],"_":{"zero":"0 years after","one":"1 year after","two":"{{value}} years after","few":"{{value}} years after","many":"{{value}} years after","other":"{{value}} years after"}},"hour-format":"%I %p","hour-allday":"All Day","current-time":"%I:%M","multi-month-view-header-format":"%b %Y","day-view-header-format":"%b %e, %A","months-day-view-header-format":"%A, %b %e","longDateFormat":"%A, %B %d, %Y","error-start-after-end":"End date must come after start date","error-unauthenticated":"Wrong login and/or password","error-internal-server-error":"Server error. Check your login and try again.","error-default":"Something is wrong. Try again later.","error-offline":"No connection. Check your network configuration and try again.","error-account-exist":"This account already exists.","notification-error-sync-title":"Calendar sync error","notification-error-sync-description":"Tap for more info","weekday-0-long":"Sunday","weekday-1-long":"Monday","weekday-2-long":"Tuesday","weekday-3-long":"Wednesday","weekday-4-long":"Thursday","weekday-5-long":"Friday","weekday-6-long":"Saturday","weekday-0-short":"Sun","weekday-1-short":"Mon","weekday-2-short":"Tue","weekday-3-short":"Wed","weekday-4-short":"Thu","weekday-5-short":"Fri","weekday-6-short":"Sat","month-0-long":"January","month-1-long":"February","month-2-long":"March","month-3-long":"April","month-4-long":"May","month-5-long":"June","month-6-long":"July","month-7-long":"August","month-8-long":"September","month-9-long":"October","month-10-long":"November","month-11-long":"December","month-0-genitive":"January","month-1-genitive":"February","month-2-genitive":"March","month-3-genitive":"April","month-4-genitive":"May","month-5-genitive":"June","month-6-genitive":"July","month-7-genitive":"August","month-8-genitive":"September","month-9-genitive":"October","month-10-genitive":"November","month-11-genitive":"December","month-0-short":"Jan","month-1-short":"Feb","month-2-short":"Mar","month-3-short":"Apr","month-4-short":"May","month-5-short":"Jun","month-6-short":"Jul","month-7-short":"Aug","month-8-short":"Sep","month-9-short":"Oct","month-10-short":"Nov","month-11-short":"Dec","minutes-ago-long":{"_index":["plural","value"],"_":{"zero":"just now","one":"a minute ago","two":"{{value}} minutes ago","few":"{{value}} minutes ago","many":"{{value}} minutes ago","other":"{{value}} minutes ago"}},"hours-ago-long":{"_index":["plural","value"],"_":{"zero":"just now","one":"an hour ago","two":"{{value}} hours ago","few":"{{value}} hours ago","many":"{{value}} hours ago","other":"{{value}} hours ago"}},"days-ago-long":{"_index":["plural","value"],"_":{"zero":"today","one":"yesterday","two":"{{value}} days ago","few":"{{value}} days ago","many":"{{value}} days ago","other":"{{value}} days ago"}},"weeks-ago-long":{"_index":["plural","value"],"_":{"zero":"this week","one":"last week","two":"{{value}} weeks ago","few":"{{value}} weeks ago","many":"{{value}} weeks ago","other":"{{value}} weeks ago"}},"months-ago-long":{"_index":["plural","value"],"_":{"zero":"this month","one":"last month","two":"{{value}} months ago","few":"{{value}} months ago","many":"{{value}} months ago","other":"{{value}} months ago"}},"years-ago-long":{"_index":["plural","value"],"_":{"zero":"this year","one":"last year","two":"{{value}} years ago","few":"{{value}} years ago","many":"{{value}} years ago","other":"{{value}} years ago"}},"minutes-until-long":{"_index":["plural","value"],"_":{"zero":"now","one":"in a minute","two":"in {{value}} minutes","few":"in {{value}} minutes","many":"in {{value}} minutes","other":"in {{value}} minutes"}},"hours-until-long":{"_index":["plural","value"],"_":{"zero":"now","one":"in an hour","two":"in {{value}} hours","few":"in {{value}} hours","many":"in {{value}} hours","other":"in {{value}} hours"}},"days-until-long":{"_index":["plural","value"],"_":{"zero":"today","one":"tomorrow","two":"in {{value}} days","few":"in {{value}} days","many":"in {{value}} days","other":"in {{value}} days"}},"weeks-until-long":{"_index":["plural","value"],"_":{"zero":"this week","one":"next week","two":"in {{value}} weeks","few":"in {{value}} weeks","many":"in {{value}} weeks","other":"in {{value}} weeks"}},"months-until-long":{"_index":["plural","value"],"_":{"zero":"this month","one":"next month","two":"in {{value}} months","few":"in {{value}} months","many":"in {{value}} months","other":"in {{value}} months"}},"years-until-long":{"_index":["plural","value"],"_":{"zero":"this year","one":"next year","two":"in {{value}} years","few":"in {{value}} years","many":"in {{value}} years","other":"in {{value}} years"}},"minutes-ago-short":{"_index":["plural","value"],"_":{"zero":"just now","other":"{{value}}m ago"}},"hours-ago-short":{"_index":["plural","value"],"_":{"zero":"just now","other":"{{value}}h ago"}},"days-ago-short":{"_index":["plural","value"],"_":{"zero":"today","other":"{{value}}d ago"}},"minutes-until-short":{"_index":["plural","value"],"_":{"zero":"now","other":"in {{value}}m"}},"hours-until-short":{"_index":["plural","value"],"_":{"zero":"now","other":"in {{value}}h"}},"days-until-short":{"_index":["plural","value"],"_":{"zero":"today","other":"in {{value}}d"}},"incorrectDate":"(incorrect date)","dateTimeFormat_%c":"%a %b %e %Y %I:%M:%S %p","dateTimeFormat_%x":"%m/%d/%Y","dateTimeFormat_%X":"%I:%M:%S %p","shortTimeFormat":"%I:%M %p","shortDateTimeFormat":"%x %I:%M %p","weekStartsOnMonday":"0","time_am":"AM","time_pm":"PM"}