{"done":"تمّ","pick-ringtone":"إختيار نغمة الرنين","pick-wallpaper":"إختيار الخلفية","no-installed-ringtones":"لم يثبت نغمات رنين مقفله","no-installed-wallpaper":"لم يثبت خلفيات مغلقه","ok":"موافق","download-button":"تنزيل","install-button":"تثبيت","cancel-button":"ألغِ","download_error":"خطأ في التنزيل","install_error":"خطأ في التثبيت","err_descriptor_download_failed":"فشل التنزيل بسبب خطأ في الخادم","err_bad_descriptor":"فشل التحميل بسبب خطأ في الخادم","err_too_big":"حجم الملف أكبر من أن يتم تنزيله","err_unsupported_type":"هذا النوع من الوسائط المشتراة غير مدعوم على هاتفك","err_bad_type":"فشل في التنزيل بسسبب خطأ في الخادم","err_content_download_failed":"فشل التنزيل بسبب خطأ في الخادم ","err_bad_drm_message":"فشل التنزيل بسبب خطأ في الخادم","err_bad_image":"الصورة التي انزلتها لا يستطيع هذا الجهاز عرضها","err_bad_audio":"هذا الجهاز لن يستطيع تشغيل الملف الذي تم تنزيله","err_no_space":"لا يوجد مساحة تخزين كافية لحفظ هذه الأغنية","err_no_sdcard":"غير قادر على حفظ الأغنية لأنه لايوجد بطاقة ذاكرة","err_sdcard_in_use":"غير قادر على حفظ الاغنية لأن بطاقة الذاكرة قيد الإستخدام ,افصل هاتفك ثم حاول التنزيل مجددا .","err_ds_save_failure":"خطأ في حفظ ملف الوسائط","err_db_store_failure":"خطأ في حفظ ملف الوسائط","success_song":"تم حفظ و تنصيب الأغنية , استخدم تطبيق الموسيقى كي تشغلها .","success_ringtone":"تم تنزيل و تنصيب نغمة الإتصال","success_wallpaper":"تم تنزيل و تنصيب الخلفية.","ringtone-or-song-query":"هل تريد تنزيل و تنصيب الملف الصوتي كأغنية أم تغمة إتصال ؟","ringtone-response":"نغمة إتصال ","song-response":"أغنية","download-confirmation-title-song":"هل تريد تنزيل الأغنية ؟","download-confirmation-title-ringtone":"هل تريد تنزيل نغمة الإتصال ؟","download-confirmation-title-wallpaper":"هل تريد تنزيل الخلفية ؟","downloading-song":"جارِتنزيل الأغنية...","downloading-ringtone":"جارِ تنزيل نغمة الإتصال...","downloading-wallpaper":"جارِ تنزيل الخلفية...","locked-content-advisory":"{{vendor}} حجب ملف الوسائط حتى لا تستطيع مشاركته مع الآخرين أو نقله الي جهاز جديد.","locked-content-advisory-generic":"البائع حجب ملف الوسائط هذا حتى لا تستطيع مشاركته مع الآخرين أو نقله الي جهاز جديد.","download-confirmation-name":"الإسم","download-confirmation-type":"النوع","download-confirmation-size":"الحجم","download-confirmation-vendor":"البائع","download-confirmation-description":"معلومات","download-progress-title":"جارِ التحميل","preview-image-title":"معاينة الصورة","preview-audio-title":"معاينة الصوت","byteUnit-B":"بايت","byteUnit-KB":"كيلوبايت","byteUnit-MB":"ميجا بايت","byteUnit-GB":"جيجا بايت"}