{"done":"Ḓǿǿƞḗḗ","pick-ringtone":"Şḗḗŀḗḗƈŧ Řīīƞɠŧǿǿƞḗḗ","pick-wallpaper":"Şḗḗŀḗḗƈŧ Ẇȧȧŀŀƥȧȧƥḗḗř","no-installed-ringtones":"Ƞǿǿ Ŀǿǿƈķḗḗḓ Řīīƞɠŧǿǿƞḗḗş Īīƞşŧȧȧŀŀḗḗḓ","no-installed-wallpaper":"Ƞǿǿ Ŀǿǿƈķḗḗḓ Ẇȧȧŀŀƥȧȧƥḗḗř Īīƞşŧȧȧŀŀḗḗḓ","ok":"ǾǿĶ","download-button":"Ḓǿǿẇƞŀǿǿȧȧḓ","install-button":"Īīƞşŧȧȧŀŀ","cancel-button":"Ƈȧȧƞƈḗḗŀ","download_error":"Ḓǿǿẇƞŀǿǿȧȧḓ Ḗḗřřǿǿř","install_error":"Īīƞşŧȧȧŀŀȧȧŧīīǿǿƞ Ḗḗřřǿǿř","err_descriptor_download_failed":"Ŧħḗḗ ḓǿǿẇƞŀǿǿȧȧḓ ƒȧȧīīŀḗḗḓ ƀḗḗƈȧȧŭŭşḗḗ ǿǿƒ ȧȧ şḗḗřṽḗḗř ḗḗřřǿǿř.","err_bad_descriptor":"Ŧħḗḗ ḓǿǿẇƞŀǿǿȧȧḓ ƒȧȧīīŀḗḗḓ ƀḗḗƈȧȧŭŭşḗḗ ǿǿƒ ȧȧ şḗḗřṽḗḗř ḗḗřřǿǿř.","err_too_big":"Ƒīīŀḗḗ īīş ŧǿǿǿǿ ŀȧȧřɠḗḗ ŧǿǿ ḓǿǿẇƞŀǿǿȧȧḓ.","err_unsupported_type":"Ŧħīīş ŧẏƥḗḗ ǿǿƒ ƥŭŭřƈħȧȧşḗḗḓ ḿḗḗḓīīȧȧ īīş ƞǿǿŧ şŭŭƥƥǿǿřŧḗḗḓ ǿǿƞ ẏǿǿŭŭř ƥħǿǿƞḗḗ.","err_bad_type":"Ŧħḗḗ ḓǿǿẇƞŀǿǿȧȧḓ ƒȧȧīīŀḗḗḓ ƀḗḗƈȧȧŭŭşḗḗ ǿǿƒ ȧȧ şḗḗřṽḗḗř ḗḗřřǿǿř.","err_content_download_failed":"Ŧħḗḗ ḓǿǿẇƞŀǿǿȧȧḓ ƒȧȧīīŀḗḗḓ ƀḗḗƈȧȧŭŭşḗḗ ǿǿƒ ȧȧ şḗḗřṽḗḗř ḗḗřřǿǿř.","err_bad_drm_message":"Ŧħḗḗ ḓǿǿẇƞŀǿǿȧȧḓ ƒȧȧīīŀḗḗḓ ƀḗḗƈȧȧŭŭşḗḗ ǿǿƒ ȧȧ şḗḗřṽḗḗř ḗḗřřǿǿř.","err_bad_image":"Ŧħḗḗ ḓǿǿẇƞŀǿǿȧȧḓḗḗḓ īīḿȧȧɠḗḗ ƈȧȧƞƞǿǿŧ ƀḗḗ ḓīīşƥŀȧȧẏḗḗḓ ǿǿƞ ŧħīīş ḓḗḗṽīīƈḗḗ.","err_bad_audio":"Ŧħḗḗ ḓǿǿẇƞŀǿǿȧȧḓḗḗḓ ƒīīŀḗḗ ƈȧȧƞƞǿǿŧ ƀḗḗ ƥŀȧȧẏḗḗḓ ǿǿƞ ŧħīīş ḓḗḗṽīīƈḗḗ.","err_no_space":"Ŧħḗḗřḗḗ īīş ƞǿǿŧ ḗḗƞǿǿŭŭɠħ şŧǿǿřȧȧɠḗḗ şƥȧȧƈḗḗ ǿǿƞ ẏǿǿŭŭř ḓḗḗṽīīƈḗḗ ŧǿǿ şȧȧṽḗḗ ŧħīīş şǿǿƞɠ.","err_no_sdcard":"Ƈȧȧƞƞǿǿŧ şȧȧṽḗḗ şǿǿƞɠ ƀḗḗƈȧȧŭŭşḗḗ ŧħḗḗřḗḗ īīş ƞǿǿ ḿḗḗḿǿǿřẏ ƈȧȧřḓ.","err_sdcard_in_use":"Ƈȧȧƞƞǿǿŧ şȧȧṽḗḗ şǿǿƞɠ ƀḗḗƈȧȧŭŭşḗḗ ŧħḗḗ ḿḗḗḿǿǿřẏ ƈȧȧřḓ īīş īīƞ ŭŭşḗḗ. Ŭŭƞƥŀŭŭɠ ẏǿǿŭŭř ƥħǿǿƞḗḗ ȧȧƞḓ ŧřẏ ḓǿǿẇƞŀǿǿȧȧḓīīƞɠ ȧȧɠȧȧīīƞ.","err_ds_save_failure":"Ḗḗřřǿǿř şȧȧṽīīƞɠ ḿḗḗḓīīȧȧ ƒīīŀḗḗ.","err_db_store_failure":"Ḗḗřřǿǿř şȧȧṽīīƞɠ ḿḗḗḓīīȧȧ ƒīīŀḗḗ.","success_song":"Şǿǿƞɠ ḓǿǿẇƞŀǿǿȧȧḓḗḗḓ ȧȧƞḓ īīƞşŧȧȧŀŀḗḗḓ. Ŭŭşḗḗ ŧħḗḗ Ḿŭŭşīīƈ ȧȧƥƥ ŧǿǿ ƥŀȧȧẏ īīŧ.","success_ringtone":"Řīīƞɠŧǿǿƞḗḗ ḓǿǿẇƞŀǿǿȧȧḓḗḗḓ ȧȧƞḓ īīƞşŧȧȧŀŀḗḗḓ.","success_wallpaper":"Ẇȧȧŀŀƥȧȧƥḗḗř ḓǿǿẇƞŀǿǿȧȧḓḗḗḓ ȧȧƞḓ īīƞşŧȧȧŀŀḗḗḓ.","ringtone-or-song-query":"Ḓǿǿ ẏǿǿŭŭ ẇȧȧƞŧ ŧǿǿ ḓǿǿẇƞŀǿǿȧȧḓ ȧȧƞḓ īīƞşŧȧȧŀŀ ŧħīīş ȧȧŭŭḓīīǿǿ ƒīīŀḗḗ ȧȧş ȧȧ şǿǿƞɠ ǿǿř ȧȧş ȧȧ řīīƞɠŧǿǿƞḗḗ?","ringtone-response":"Řīīƞɠŧǿǿƞḗḗ","song-response":"Şǿǿƞɠ","download-confirmation-title-song":"Ḓǿǿẇƞŀǿǿȧȧḓ şǿǿƞɠ?","download-confirmation-title-ringtone":"Ḓǿǿẇƞŀǿǿȧȧḓ řīīƞɠŧǿǿƞḗḗ?","download-confirmation-title-wallpaper":"Ḓǿǿẇƞŀǿǿȧȧḓ ẇȧȧŀŀƥȧȧƥḗḗř?","downloading-song":"Ḓǿǿẇƞŀǿǿȧȧḓīīƞɠ şǿǿƞɠ…","downloading-ringtone":"Ḓǿǿẇƞŀǿǿȧȧḓīīƞɠ řīīƞɠŧǿǿƞḗḗ…","downloading-wallpaper":"Ḓǿǿẇƞŀǿǿȧȧḓīīƞɠ ẇȧȧŀŀƥȧȧƥḗḗř…","locked-content-advisory":"{{vendor}} ħȧȧş ŀǿǿƈķḗḗḓ ŧħīīş ḿḗḗḓīīȧȧ ƒīīŀḗḗ şǿǿ ŧħȧȧŧ īīŧ ƈȧȧƞƞǿǿŧ ƀḗḗ şħȧȧřḗḗḓ ẇīīŧħ ǿǿŧħḗḗřş ǿǿř ŧřȧȧƞşƒḗḗřřḗḗḓ ŧǿǿ ȧȧ ƞḗḗẇ ḓḗḗṽīīƈḗḗ.","locked-content-advisory-generic":"Ŧħḗḗ şḗḗŀŀḗḗř ħȧȧş ŀǿǿƈķḗḗḓ ŧħīīş ḿḗḗḓīīȧȧ ƒīīŀḗḗ şǿǿ ŧħȧȧŧ īīŧ ƈȧȧƞƞǿǿŧ ƀḗḗ şħȧȧřḗḗḓ ẇīīŧħ ǿǿŧħḗḗřş ǿǿř ŧřȧȧƞşƒḗḗřřḗḗḓ ŧǿǿ ȧȧ ƞḗḗẇ ḓḗḗṽīīƈḗḗ.","download-confirmation-name":"Ƞȧȧḿḗḗ","download-confirmation-type":"Ŧẏƥḗḗ","download-confirmation-size":"Şīīẑḗḗ","download-confirmation-vendor":"Ṽḗḗƞḓǿǿř","download-confirmation-description":"Īīƞƒǿǿ","download-progress-title":"Ḓǿǿẇƞŀǿǿȧȧḓīīƞɠ","preview-image-title":"Ƥřḗḗṽīīḗḗẇ īīḿȧȧɠḗḗ","preview-audio-title":"Ƥřḗḗṽīīḗḗẇ ȧȧŭŭḓīīǿǿ","byteUnit-B":"ƀẏŧḗḗş","byteUnit-KB":"ĶƁ","byteUnit-MB":"ḾƁ","byteUnit-GB":"ƓƁ"}