{"done":"‮pouǝ‬","pick-ringtone":"‮Sǝʅǝɔʇ‬ ‮ᴚıuƃʇouǝ‬","pick-wallpaper":"‮Sǝʅǝɔʇ‬ ‮Ｍɐʅʅdɐdǝɹ‬","no-installed-ringtones":"‮No‬ ‮˥oɔʞǝp‬ ‮ᴚıuƃʇouǝs‬ ‮Iusʇɐʅʅǝp‬","no-installed-wallpaper":"‮No‬ ‮˥oɔʞǝp‬ ‮Ｍɐʅʅdɐdǝɹ‬ ‮Iusʇɐʅʅǝp‬","ok":"‮OӼ‬","download-button":"‮poʍuʅoɐp‬","install-button":"‮Iusʇɐʅʅ‬","cancel-button":"‮Ↄɐuɔǝʅ‬","download_error":"‮poʍuʅoɐp‬ ‮Ǝɹɹoɹ‬","install_error":"‮Iusʇɐʅʅɐʇıou‬ ‮Ǝɹɹoɹ‬","err_descriptor_download_failed":"‮⊥ɥǝ‬ ‮poʍuʅoɐp‬ ‮ɟɐıʅǝp‬ ‮qǝɔɐnsǝ‬ ‮oɟ‬ ‮ɐ‬ ‮sǝɹʌǝɹ‬ ‮ǝɹɹoɹ‬.","err_bad_descriptor":"‮⊥ɥǝ‬ ‮poʍuʅoɐp‬ ‮ɟɐıʅǝp‬ ‮qǝɔɐnsǝ‬ ‮oɟ‬ ‮ɐ‬ ‮sǝɹʌǝɹ‬ ‮ǝɹɹoɹ‬.","err_too_big":"‮ɟıʅǝ‬ ‮ıs‬ ‮ʇoo‬ ‮ʅɐɹƃǝ‬ ‮ʇo‬ ‮poʍuʅoɐp‬.","err_unsupported_type":"‮⊥ɥıs‬ ‮ʇʎdǝ‬ ‮oɟ‬ ‮dnɹɔɥɐsǝp‬ ‮ɯǝpıɐ‬ ‮ıs‬ ‮uoʇ‬ ‮snddoɹʇǝp‬ ‮ou‬ ‮ʎonɹ‬ ‮dɥouǝ‬.","err_bad_type":"‮⊥ɥǝ‬ ‮poʍuʅoɐp‬ ‮ɟɐıʅǝp‬ ‮qǝɔɐnsǝ‬ ‮oɟ‬ ‮ɐ‬ ‮sǝɹʌǝɹ‬ ‮ǝɹɹoɹ‬.","err_content_download_failed":"‮⊥ɥǝ‬ ‮poʍuʅoɐp‬ ‮ɟɐıʅǝp‬ ‮qǝɔɐnsǝ‬ ‮oɟ‬ ‮ɐ‬ ‮sǝɹʌǝɹ‬ ‮ǝɹɹoɹ‬.","err_bad_drm_message":"‮⊥ɥǝ‬ ‮poʍuʅoɐp‬ ‮ɟɐıʅǝp‬ ‮qǝɔɐnsǝ‬ ‮oɟ‬ ‮ɐ‬ ‮sǝɹʌǝɹ‬ ‮ǝɹɹoɹ‬.","err_bad_image":"‮⊥ɥǝ‬ ‮poʍuʅoɐpǝp‬ ‮ıɯɐƃǝ‬ ‮ɔɐuuoʇ‬ ‮qǝ‬ ‮pısdʅɐʎǝp‬ ‮ou‬ ‮ʇɥıs‬ ‮pǝʌıɔǝ‬.","err_bad_audio":"‮⊥ɥǝ‬ ‮poʍuʅoɐpǝp‬ ‮ɟıʅǝ‬ ‮ɔɐuuoʇ‬ ‮qǝ‬ ‮dʅɐʎǝp‬ ‮ou‬ ‮ʇɥıs‬ ‮pǝʌıɔǝ‬.","err_no_space":"‮⊥ɥǝɹǝ‬ ‮ıs‬ ‮uoʇ‬ ‮ǝuonƃɥ‬ ‮sʇoɹɐƃǝ‬ ‮sdɐɔǝ‬ ‮ou‬ ‮ʎonɹ‬ ‮pǝʌıɔǝ‬ ‮ʇo‬ ‮sɐʌǝ‬ ‮ʇɥıs‬ ‮souƃ‬.","err_no_sdcard":"‮Ↄɐuuoʇ‬ ‮sɐʌǝ‬ ‮souƃ‬ ‮qǝɔɐnsǝ‬ ‮ʇɥǝɹǝ‬ ‮ıs‬ ‮uo‬ ‮ɯǝɯoɹʎ‬ ‮ɔɐɹp‬.","err_sdcard_in_use":"‮Ↄɐuuoʇ‬ ‮sɐʌǝ‬ ‮souƃ‬ ‮qǝɔɐnsǝ‬ ‮ʇɥǝ‬ ‮ɯǝɯoɹʎ‬ ‮ɔɐɹp‬ ‮ıs‬ ‮ıu‬ ‮nsǝ‬. ‮∩udʅnƃ‬ ‮ʎonɹ‬ ‮dɥouǝ‬ ‮ɐup‬ ‮ʇɹʎ‬ ‮poʍuʅoɐpıuƃ‬ ‮ɐƃɐıu‬.","err_ds_save_failure":"‮Ǝɹɹoɹ‬ ‮sɐʌıuƃ‬ ‮ɯǝpıɐ‬ ‮ɟıʅǝ‬.","err_db_store_failure":"‮Ǝɹɹoɹ‬ ‮sɐʌıuƃ‬ ‮ɯǝpıɐ‬ ‮ɟıʅǝ‬.","success_song":"‮Souƃ‬ ‮poʍuʅoɐpǝp‬ ‮ɐup‬ ‮ıusʇɐʅʅǝp‬. ‮∩sǝ‬ ‮ʇɥǝ‬ ‮Wnsıɔ‬ ‮ɐdd‬ ‮ʇo‬ ‮dʅɐʎ‬ ‮ıʇ‬.","success_ringtone":"‮ᴚıuƃʇouǝ‬ ‮poʍuʅoɐpǝp‬ ‮ɐup‬ ‮ıusʇɐʅʅǝp‬.","success_wallpaper":"‮Ｍɐʅʅdɐdǝɹ‬ ‮poʍuʅoɐpǝp‬ ‮ɐup‬ ‮ıusʇɐʅʅǝp‬.","ringtone-or-song-query":"‮po‬ ‮ʎon‬ ‮ʍɐuʇ‬ ‮ʇo‬ ‮poʍuʅoɐp‬ ‮ɐup‬ ‮ıusʇɐʅʅ‬ ‮ʇɥıs‬ ‮ɐnpıo‬ ‮ɟıʅǝ‬ ‮ɐs‬ ‮ɐ‬ ‮souƃ‬ ‮oɹ‬ ‮ɐs‬ ‮ɐ‬ ‮ɹıuƃʇouǝ‬?","ringtone-response":"‮ᴚıuƃʇouǝ‬","song-response":"‮Souƃ‬","download-confirmation-title-song":"‮poʍuʅoɐp‬ ‮souƃ‬?","download-confirmation-title-ringtone":"‮poʍuʅoɐp‬ ‮ɹıuƃʇouǝ‬?","download-confirmation-title-wallpaper":"‮poʍuʅoɐp‬ ‮ʍɐʅʅdɐdǝɹ‬?","downloading-song":"‮poʍuʅoɐpıuƃ‬ ‮souƃ‬…","downloading-ringtone":"‮poʍuʅoɐpıuƃ‬ ‮ɹıuƃʇouǝ‬…","downloading-wallpaper":"‮poʍuʅoɐpıuƃ‬ ‮ʍɐʅʅdɐdǝɹ‬…","locked-content-advisory":"{{vendor}} ‮ɥɐs‬ ‮ʅoɔʞǝp‬ ‮ʇɥıs‬ ‮ɯǝpıɐ‬ ‮ɟıʅǝ‬ ‮so‬ ‮ʇɥɐʇ‬ ‮ıʇ‬ ‮ɔɐuuoʇ‬ ‮qǝ‬ ‮sɥɐɹǝp‬ ‮ʍıʇɥ‬ ‮oʇɥǝɹs‬ ‮oɹ‬ ‮ʇɹɐusɟǝɹɹǝp‬ ‮ʇo‬ ‮ɐ‬ ‮uǝʍ‬ ‮pǝʌıɔǝ‬.","locked-content-advisory-generic":"‮⊥ɥǝ‬ ‮sǝʅʅǝɹ‬ ‮ɥɐs‬ ‮ʅoɔʞǝp‬ ‮ʇɥıs‬ ‮ɯǝpıɐ‬ ‮ɟıʅǝ‬ ‮so‬ ‮ʇɥɐʇ‬ ‮ıʇ‬ ‮ɔɐuuoʇ‬ ‮qǝ‬ ‮sɥɐɹǝp‬ ‮ʍıʇɥ‬ ‮oʇɥǝɹs‬ ‮oɹ‬ ‮ʇɹɐusɟǝɹɹǝp‬ ‮ʇo‬ ‮ɐ‬ ‮uǝʍ‬ ‮pǝʌıɔǝ‬.","download-confirmation-name":"‮Nɐɯǝ‬","download-confirmation-type":"‮⊥ʎdǝ‬","download-confirmation-size":"‮Sızǝ‬","download-confirmation-vendor":"‮Ʌǝupoɹ‬","download-confirmation-description":"‮Iuɟo‬","download-progress-title":"‮poʍuʅoɐpıuƃ‬","preview-image-title":"‮Ԁɹǝʌıǝʍ‬ ‮ıɯɐƃǝ‬","preview-audio-title":"‮Ԁɹǝʌıǝʍ‬ ‮ɐnpıo‬","byteUnit-B":"‮qʎʇǝs‬","byteUnit-KB":"‮ӼԐ‬","byteUnit-MB":"‮WԐ‬","byteUnit-GB":"‮פԐ‬"}