{"bluetooth":{"_":"بلوتوث"},"confirmation":{"_":"تأكيد"},"bluetooth-status-description":{"_":"البلوتوث غير مفعَل"},"turn-bluetooth-on":{"_":"هل تريد تفعيل البلوتوث؟"},"cancel":{"_":"ألغِ"},"turn-on":{"_":"فعّل"},"error-transfer-title":{"_":"فشل نقل الملف عبر البلوتوث"},"error-transfer-settings":{"_":"فشل نقل الملف عبر البلوتوث. تحقق من أن إعدادات البلوتوث صحيحة."},"ok":{"_":"موافق"},"bluetooth-paired-devices":{"_":"Paired devices"},"bluetooth-devices-in-area":{"_":"Devices in the area"},"device-status-tap-connect":{"_":"Tap to connect"},"device-status-pairing":{"_":"Pairing with device…"},"device-status-waiting":{"_":"Waiting for other device…"},"device-status-paired":{"_":"Paired"},"device-status-connecting":{"_":"Connecting…"},"device-status-connected":{"_":"Connected"},"search-for-device":{"_":"Searching for devices…"},"search-device":{"_":"Search for devices"},"unnamed-device":{"_":"Unknown device"},"error-pair-title":{"_":"Unable to pair devices"},"error-pair-pincode":{"_":"Unable to pair with the device. Check that the PIN is correct."},"error-pair-toofast":{"_":"Unable to pair with the device. Too many requests."}}