{"bluetooth":{"_":"Bluetooth"},"confirmation":{"_":"Confirmation"},"bluetooth-status-description":{"_":"Le Bluetooth est désactivé"},"turn-bluetooth-on":{"_":"Voulez-vous activer le Bluetooth ?"},"cancel":{"_":"Annuler"},"turn-on":{"_":"Activer"},"error-transfer-title":{"_":"Échec du transfert par Bluetooth"},"error-transfer-settings":{"_":"Échec du transfert du fichier par Bluetooth. Vérifiez que les paramètres Bluetooth sont corrects."},"ok":{"_":"OK"},"bluetooth-paired-devices":{"_":"Appareils associés"},"bluetooth-devices-in-area":{"_":"Appareils à proximité"},"device-status-tap-connect":{"_":"Appuyer pour établir la connexion"},"device-status-pairing":{"_":"Association avec l’appareil…"},"device-status-waiting":{"_":"En attente de l’autre appareil…"},"device-status-paired":{"_":"Associé"},"device-status-connecting":{"_":"Connexion…"},"device-status-connected":{"_":"Connecté"},"search-for-device":{"_":"Recherche d’appareils…"},"search-device":{"_":"Rechercher des appareils"},"unnamed-device":{"_":"Appareil inconnu"},"error-pair-title":{"_":"Impossible d’associer les appareils"},"error-pair-pincode":{"_":"Impossible de s’associer avec l’appareil. Vérifiez que le code PIN est correct."},"error-pair-toofast":{"_":"Impossible de s’associer avec l’appareil. Demandes trop nombreuses."}}