{"setup-app-name-header":{"_":"Courriel"},"setup-empty-account-prompt":{"_":"Votre compte n’est pas configuré pour envoyer ni recevoir des messages. Voulez-vous le configurer maintenant ?"},"setup-pick-service":{"_":"Pour envoyer et recevoir des messages, vous devez configurer un compte."},"setup-account-header3":{"_":"Nouveau compte"},"setup-info-name":{"placeholder":"Votre nom"},"setup-info-email":{"placeholder":"vous@exemple.com"},"setup-info-password":{"placeholder":"Mot de passe"},"setup-info-next":{"_":"Suivant"},"setup-progress-wait-msg":{"_":"Configuration du compte"},"setup-completed-header":{"_":"Configuration du compte"},"setup-completed-label":{"_":"C’est fini !"},"setup-add-another-account":{"_":"Ajouter un autre compte"},"setup-show-mail":{"_":"Continuer vers les messages"},"setup-error-offline":{"_":"Cet appareil est actuellement hors connexion. Veuillez vous connecter à un réseau puis réessayer."},"setup-error-bad-user-or-pass2":{"_":"Nom d’utilisateur ou mot de passe incorrect. Veuillez vérifier ces informations."},"setup-error-bad-address":{"_":"Invalid e-mail address. Check for typos."},"setup-error-not-authorized":{"_":"Le serveur répond que vous n’êtes pas autorisé à créer un compte"},"setup-error-pop-server-not-great":{"_":"Serveur non pris en charge. Le serveur POP3 ne possède pas les fonctionnalités requises."},"setup-error-unknown2":{"_":"Une erreur inconnue s’est produite. Veuillez vérifier votre connexion réseau ou essayer la configuration manuelle."},"setup-error-needs-app-pass":{"_":"Vous devez utiliser un mot de passe spécifique à l’application pour la validation en deux étapes de vos comptes Gmail"},"setup-error-imap-disabled":{"_":"Vous devez activer IMAP pour votre compte Gmail"},"setup-error-pop3-disabled":{"_":"Vous devez activer POP3 pour votre compte Gmail"},"setup-error-bad-security":{"_":"Impossible d’établir une connexion sécurisée avec « {{server}} ». Il y a peut-être un problème avec le serveur ou votre réseau."},"setup-error-unresponsive-server":{"_":"Impossible d’établir une connexion avec « {{server}} ». Il y a peut-être un problème réseau."},"setup-error-server-problem":{"_":"Il y a un problème avec le serveur « {{server}} ». Veuillez réessayer plus tard."},"setup-error-no-config-info":{"_":"Impossible de configurer automatiquement votre compte. Veuillez corriger votre adresse électronique ou essayer la configuration manuelle."},"setup-error-server-maintenance":{"_":"Le serveur « {{server}} » est hors connexion pour cause de maintenance. Veuillez réessayer plus tard."},"setup-error-account-already-exists":{"_":"Ce compte est déjà configuré."},"setup-manual-config2":{"_":"Configuration manuelle"},"setup-manual-config-header":{"_":"Config. manuelle"},"setup-manual-account-type":{"_":"Type de compte"},"setup-manual-imap-header":{"_":"Paramètres IMAP"},"setup-manual-pop3-header":{"_":"Paramètres POP3"},"setup-manual-smtp-header":{"_":"Paramètres SMTP"},"setup-manual-activesync-header":{"_":"Paramètres ActiveSync"},"setup-manual-next":{"_":"Suivant"},"setup-manual-socket":{"_":"Type de protocole"},"setup-manual-socket-ssl":{"_":"SSL"},"setup-manual-socket-starttls":{"_":"STARTTLS"},"setup-manual-hostname":{"placeholder":"Nom d’hôte"},"setup-manual-port":{"placeholder":"Numéro de port"},"setup-manual-username":{"placeholder":"Nom d’utilisateur"},"setup-bad-password-header":{"_":"Mauvais mot de passe"},"setup-bad-password":{"_":"Impossible de s’identifier sur le serveur. Peut-être le mot de passe est-il incorrect ?"},"setup-new-password":{"placeholder":"Nouveau mot de passe"},"setup-fix-password":{"_":"Réessayer avec ce mot de passe"},"setup-gmail-twofactor-header":{"_":"Validation en deux étapes activée"},"setup-gmail-twofactor-message":{"_":"Vous devez saisir ci-dessous un mot de passe spécifique à l’application."},"setup-gmail-twofactor-fix":{"_":"Utiliser mot de passe de l’application"},"setup-gmail-imap-header":{"_":"IMAP désactivé"},"setup-gmail-imap-message":{"_":"Vous devez activer IMAP sur votre compte Gmail"},"setup-gmail-imap-retry":{"_":"Réessayer"},"setup-gmail-pop3-header":{"_":"POP3 désactivé"},"setup-gmail-pop3-message":{"_":"Vous devez activer POP3 sur votre compte Gmail"},"setup-gmail-pop3-retry":{"_":"Réessayer"},"settings-main-header":{"_":"Paramètres"},"settings-sub-header-account":{"_":"Compte"},"settings-account-name":{"_":"Votre nom"},"settings-account-display-notifications":{"_":"Afficher notification à chaque message reçu"},"settings-sub-header-data":{"_":"Données"},"settings-account-check-mail":{"_":"Vérifier les nouveaux messages"},"settings-sub-header-server":{"_":"Paramètres du serveur"},"settings-account-userpass":{"_":"Nom d’utilisateur et mot de passe"},"fld-account-picker-last-sync":{"_":"Dernière sync. :"},"settings-done":{"_":"Fini"},"settings-account-section":{"_":"Comptes"},"settings-account-add":{"_":"Ajouter un compte"},"settings-account-delete":{"_":"Supprimer le compte"},"settings-account-delete-prompt":{"_":"Voulez-vous vraiment supprimer votre compte de messagerie {{account}} ? Vous devrez télécharger à nouveau vos messages si vous re-créez ce compte."},"settings-account-delete-cancel":{"_":"Annuler"},"settings-account-delete-confirm":{"_":"Supprimer"},"settings-about-section":{"_":"À propos"},"settings-general-section":{"_":"Paramètres généraux"},"settings-check-mail":{"_":"Relever les messages"},"settings-show-images":{"_":"Toujours afficher les images"},"settings-download-attachments":{"_":"Télécharger les pièces jointes"},"settings-notify-mail":{"_":"Signaler les nouveaux messages"},"settings-check-every-3min":{"_":"Toutes les 3 minutes"},"settings-check-every-5min":{"_":"Toutes les 5 minutes"},"settings-check-every-10min":{"_":"Toutes les 10 minutes"},"settings-check-every-15min":{"_":"Toutes les 15 minutes"},"settings-check-every-30min":{"_":"Toutes les 30 minutes"},"settings-check-every-60min":{"_":"Chaque heure"},"settings-check-every-manual":{"_":"Manuellement"},"settings-check-dynamic":{"_":"{[ plural(n) ]}","_[zero]":"secondes","_[one]":"{{ n }} seconde","_[two]":"{{ n }} secondes","_[few]":"{{ n }} secondes","_[many]":"{{ n }} secondes","_[other]":"{{ n }} secondes"},"settings-default-account":{"_":"Compte par défaut"},"settings-account-type":{"_":"Type de compte"},"settings-account-credentials":{"_":"Identifiants"},"settings-activesync-label":{"_":"Paramètres ActiveSync"},"settings-imap-label":{"_":"Paramètres IMAP"},"settings-pop3-label":{"_":"Paramètres POP3"},"settings-smtp-label":{"_":"Paramètres SMTP"},"settings-hostname":{"_":"Nom d’hôte"},"settings-port":{"_":"Port"},"settings-username":{"_":"Nom d’utilisateur"},"settings-password":{"_":"Mot de passe"},"settings-save":{"_":"Enregistrer"},"settings-password-empty":{"_":"Le champ mot de passe ne peut être vide"},"settings-account-synchronize-window":{"_":"Période à synchroniser"},"settings-synchronize-auto":{"_":"Automatiquement"},"settings-synchronize-one-day":{"_":"1 jour"},"settings-synchronize-three-days":{"_":"3 jours"},"settings-synchronize-one-week":{"_":"1 semaine"},"settings-synchronize-two-weeks":{"_":"2 semaines"},"settings-synchronize-one-month":{"_":"1 mois"},"settings-synchronize-all":{"_":"Tous les messages"},"accounts-header":{"_":"Comptes"},"accounts-button":{"_":"Comptes"},"envelope-from":{"_":"De "},"envelope-to":{"_":"À "},"envelope-cc":{"_":"Cc "},"envelope-bcc":{"_":"Cci "},"reader-header":{"_":"Lire"},"compose-header":{"_":"Écrire un message"},"compose-header-short":{"_":"Écrire"},"compose-send":{"_":"Envoyer"},"compose-to":{"_":"À "},"compose-cc":{"_":"Cc "},"compose-bcc":{"_":"Cci "},"compose-attachments":{"_":"{[ plural(n) ]}","_[zero]":"Pièces jointes","_[one]":"{{ n }} pièce jointe ","_[two]":"{{ n }} pièces jointes ","_[few]":"{{ n }} pièces jointes ","_[many]":"{{ n }} pièces jointes ","_[other]":"{{ n }} pièces jointes "},"compose-subject":{"_":"Objet "},"compose-draft-save":{"_":"Enregistrer dans Brouillons locaux"},"compose-discard-message":{"_":"Effacer le message ?"},"compose-discard-confirm":{"_":"Effacer"},"compose-sending-message":{"_":"Envoi du message"},"compose-send-message-failed":{"_":"Échec de l’envoi du message"},"composer-attachment-large":{"_":"Pièce jointe trop volumineuse"},"composer-attachments-large":{"_":"Pièces jointes trop volumineuses"},"compose-attchment-size-exceeded":{"_":"La pièce jointe sélectionnée est trop volumineuse pour être envoyée avec ce message."},"compose-attchments-size-exceeded":{"_":"Les pièces jointes sélectionnées sont trop volumineuses pour être envoyées avec ce message. Essayez de sélectionner moins de fichiers."},"dialog-button-ok":{"_":"OK"},"default-attachment-filename":{"_":"pièce jointe{{ n }}"},"attachment-size-kib":{"_":"{{kilobytes}} Ko"},"message-attachment-view":{"textContent":"Voir"},"message-no-subject":{"_":"(aucun objet)"},"message-edit-menu-star":{"_":"Favoris"},"message-edit-menu-unstar":{"_":"Non favoris"},"message-edit-menu-mark-read":{"_":"Marquer comme lu"},"message-edit-menu-mark-unread":{"_":"Marquer comme non lu"},"message-edit-menu-move":{"_":"Déplacer"},"message-edit-menu-delete":{"_":"Supprimer"},"message-edit-delete-confirm":{"_":"Supprimer le message ?"},"message-send-attachment-disabled-confirm":{"_":"Les pièces jointes ne peuvent pas être transférées."},"message-multiedit-header":{"_":"{[ plural(n) ]}","_[zero]":"Modifier","_[one]":"{{ n }} sélectionné","_[two]":"{{ n }} sélectionnés","_[few]":"{{ n }} sélectionnés","_[many]":"{{ n }} sélectionnés","_[other]":"{{ n }} sélectionnés"},"browse-to-url-prompt":{"_":"Ouvrir l’URL ? : {{ url }}"},"message-download-images":{"_":"{[ plural(n) ]}","_[one]":"Ce message contient une image. Cliquer pour la télécharger.","_[two]":"Ce message contient {{ n }} images. Cliquer pour les télécharger.","_[few]":"Ce message contient {{ n }} images. Cliquer pour les télécharger.","_[many]":"Ce message contient {{ n }} images. Cliquer pour les télécharger.","_[other]":"Ce message contient {{ n }} images. Cliquer pour les télécharger."},"message-show-external-images":{"_":"Afficher les images externes"},"message-multiedit-cancel":{"_":"Annuler"},"message-multiedit-delete-confirm":{"_":"{[ plural(n) ]}","_[one]":"Supprimer ce message ?","_[two]":"Supprimer {{ n }} messages ?","_[few]":"Supprimer {{ n }} messages ?","_[many]":"Supprimer {{ n }} messages ?","_[other]":"Supprimer {{ n }} messages ?"},"message-large-message-cancel":{"_":"Annuler"},"message-large-message-ok":{"_":"Continuer"},"message-large-message-confirm":{"_":"Ce message est volumineux et peut mettre du temps à charger."},"message-search-from":{"_":"De"},"message-search-to":{"_":"À"},"message-search-subject":{"_":"Objet"},"message-search-body":{"_":"Corps"},"message-search-all":{"_":"Tout"},"message-search-input":{"placeholder":"Rechercher dans les messages"},"message-search-cancel-accessible":{"_":"Annuler la recherche"},"messages-syncing":{"_":"Chargement des messages"},"messages-sync-more":{"_":"Charger davantage de messages"},"messages-folder-empty":{"_":"Aucun message dans ce dossier"},"messages-search-empty":{"_":"Aucun résultat parmi les messages du cache local"},"messages-folder-select":{"_":"Choisir un dossier"},"message-contact-menu-create":{"_":"Enregistrer comme nouveau contact"},"message-contact-menu-add-existing":{"_":"Ajouter à un contact existant"},"message-contact-menu-view":{"_":"Voir le contact"},"message-contact-menu-reply":{"_":"Répondre"},"message-contact-menu-new":{"_":"Envoyer un nouveau message"},"message-reply-menu-reply":{"_":"Répondre"},"message-reply-menu-reply-all":{"_":"Répondre à tous"},"message-reply-menu-forward":{"_":"Transférer"},"message-reply-menu-cancel":{"_":"Annuler"},"folder-list-header":{"_":"Dossiers"},"account-last-synced-label":{"_":"Dernière sync. : "},"account-never-synced":{"_":"jamais"},"reply-quoting-wrote":{"_":"{name} a écrit"},"forward-original-message":{"_":"Message d’origine"},"forward-header-subject":{"_":"Objet"},"forward-header-date":{"_":"Date"},"forward-header-from":{"_":"De"},"forward-header-reply-to":{"_":"Répondre à"},"forward-header-to":{"_":"Pour"},"forward-header-cc":{"_":"CC"},"folder-inbox":{"_":"Courrier entrant"},"folder-sent":{"_":"Envoyés"},"folder-drafts":{"_":"Brouillons"},"folder-trash":{"_":"Corbeille"},"folder-queue":{"_":"Messages en attente"},"folder-junk":{"_":"Indésirables"},"folder-archives":{"_":"Archives"},"folder-localdrafts":{"_":"Brouillons locaux"},"toaster-undo":{"_":"Annuler"},"toaster-retry":{"_":"Réessayer"},"toaster-message-star":{"_":"{[ plural(n) ]}","_[one]":"1 message marqué comme suivi","_[two]":"{{ n }} messages marqués comme suivis","_[few]":"{{ n }} messages marqués comme suivis","_[many]":"{{ n }} messages marqués comme suivis","_[other]":"{{ n }} messages marqués comme suivis"},"toaster-message-unstar":{"_":"{[ plural(n) ]}","_[one]":"1 message marqué comme non suivi","_[two]":"{{ n }} messages marqués comme non suivis","_[few]":"{{ n }} messages marqués comme non suivis","_[many]":"{{ n }} messages marqués comme non suivis","_[other]":"{{ n }} messages marqués comme non suivis"},"toaster-message-read":{"_":"{[ plural(n) ]}","_[one]":"1 message marqué comme lu","_[two]":"{{ n }} messages marqués comme lus","_[few]":"{{ n }} messages marqués comme lus","_[many]":"{{ n }} messages marqués comme lus","_[other]":"{{ n }} messages marqués comme lus"},"toaster-message-unread":{"_":"{[ plural(n) ]}","_[one]":"1 message marqué comme non lu","_[two]":"{{ n }} messages marqués comme non lus","_[few]":"{{ n }} messages marqués comme non lus","_[many]":"{{ n }} messages marqués comme non lus","_[other]":"{{ n }} messages marqués comme non lus"},"toaster-message-move":{"_":"{[ plural(n) ]}","_[one]":"1 message déplacé","_[two]":"{{ n }} messages déplacés","_[few]":"{{ n }} messages déplacés","_[many]":"{{ n }} messages déplacés","_[other]":"{{ n }} messages déplacés"},"toaster-message-delete":{"_":"{[ plural(n) ]}","_[one]":"1 message supprimé","_[two]":"{{ n }} messages supprimés","_[few]":"{{ n }} messages supprimés","_[many]":"{{ n }} messages supprimés","_[other]":"{{ n }} messages supprimés"},"toaster-retryable-syncfailed":{"_":"Connexion serveur impossible"},"form-clear-input":{"_":"Effacer le texte"},"confirm-dialog-title":{"_":"Confirmation"},"senders-separation-sign":{"_":", "},"new-emails":{"_":"{[ plural(n) ]}","_[one]":"1 nouveau message","_[two]":"{{ n }} nouveaux messages","_[few]":"{{ n }} nouveaux messages","_[many]":"{{ n }} nouveaux messages","_[other]":"{{ n }} nouveaux messages"},"new-emails-notify-one-account":{"_":"{[ plural(n) ]}","_[one]":"1 nouveau message","_[two]":"{{ n }} nouveaux messages","_[few]":"{{ n }} nouveaux messages","_[many]":"{{ n }} nouveaux messages","_[other]":"{{ n }} nouveaux messages"},"new-emails-notify-multiple-accounts":{"_":"{[ plural(n) ]}","_[one]":"1 nouveau message ({{ accountName }})","_[two]":"{{ n }} nouveaux messages ({{ accountName }})","_[few]":"{{ n }} nouveaux messages ({{ accountName }})","_[many]":"{{ n }} nouveaux messages ({{ accountName }})","_[other]":"{{ n }} nouveaux messages ({{ accountName }})"},"new-emails-notify-multiple-accounts-body":{"_":"{{ from }} « {{ subject }} »"},"setup-info-header":{"_":"Vos informations de connexion"},"weekday-0-long":{"_":"Dimanche"},"weekday-1-long":{"_":"Lundi"},"weekday-2-long":{"_":"Mardi"},"weekday-3-long":{"_":"Mercredi"},"weekday-4-long":{"_":"Jeudi"},"weekday-5-long":{"_":"Vendredi"},"weekday-6-long":{"_":"Samedi"},"weekday-0-short":{"_":"dim"},"weekday-1-short":{"_":"lun"},"weekday-2-short":{"_":"mar"},"weekday-3-short":{"_":"mer"},"weekday-4-short":{"_":"jeu"},"weekday-5-short":{"_":"ven"},"weekday-6-short":{"_":"sam"},"month-0-long":{"_":"Janvier"},"month-1-long":{"_":"Février"},"month-2-long":{"_":"Mars"},"month-3-long":{"_":"Avril"},"month-4-long":{"_":"Mai"},"month-5-long":{"_":"Juin"},"month-6-long":{"_":"Juillet"},"month-7-long":{"_":"Août"},"month-8-long":{"_":"Septembre"},"month-9-long":{"_":"Octobre"},"month-10-long":{"_":"Novembre"},"month-11-long":{"_":"Décembre"},"month-0-genitive":{"_":"janvier"},"month-1-genitive":{"_":"février"},"month-2-genitive":{"_":"mars"},"month-3-genitive":{"_":"avril"},"month-4-genitive":{"_":"mai"},"month-5-genitive":{"_":"juin"},"month-6-genitive":{"_":"juillet"},"month-7-genitive":{"_":"août"},"month-8-genitive":{"_":"septembre"},"month-9-genitive":{"_":"octobre"},"month-10-genitive":{"_":"novembre"},"month-11-genitive":{"_":"décembre"},"month-0-short":{"_":"jan."},"month-1-short":{"_":"fév."},"month-2-short":{"_":"mars"},"month-3-short":{"_":"avr."},"month-4-short":{"_":"mai"},"month-5-short":{"_":"juin"},"month-6-short":{"_":"juil."},"month-7-short":{"_":"août"},"month-8-short":{"_":"sep."},"month-9-short":{"_":"oct."},"month-10-short":{"_":"nov."},"month-11-short":{"_":"déc."},"minutes-ago-long":{"_":"{[ plural(value) ]}","_[zero]":"à l’instant","_[one]":"il y a {{value}} minute","_[two]":"il y a {{value}} minutes","_[few]":"il y a {{value}} minutes","_[many]":"il y a {{value}} minutes","_[other]":"il y a {{value}} minutes"},"hours-ago-long":{"_":"{[ plural(value) ]}","_[zero]":"à l’instant","_[one]":"il y a {{value}} heure","_[two]":"il y a {{value}} heures","_[few]":"il y a {{value}} heures","_[many]":"il y a {{value}} heures","_[other]":"il y a {{value}} heures"},"days-ago-long":{"_":"{[ plural(value) ]}","_[zero]":"aujourd’hui","_[one]":"hier","_[two]":"il y a {{value}} jours","_[few]":"il y a {{value}} jours","_[many]":"il y a {{value}} jours","_[other]":"il y a {{value}} jours"},"weeks-ago-long":{"_":"{[ plural(value) ]}","_[zero]":"cette semaine","_[one]":"la semaine dernière","_[two]":"il y a {{value}} semaines","_[few]":"il y a {{value}} semaines","_[many]":"il y a {{value}} semaines","_[other]":"il y a {{value}} semaines"},"months-ago-long":{"_":"{[ plural(value) ]}","_[zero]":"ce mois-ci","_[one]":"le mois dernier","_[two]":"il y a {{value}} mois","_[few]":"il y a {{value}} mois","_[many]":"il y a {{value}} mois","_[other]":"il y a {{value}} mois"},"years-ago-long":{"_":"{[ plural(value) ]}","_[zero]":"cette année","_[one]":"l’année dernière","_[two]":"il y a {{value}} ans","_[few]":"il y a {{value}} ans","_[many]":"il y a {{value}} ans","_[other]":"il y a {{value}} ans"},"minutes-until-long":{"_":"{[ plural(value) ]}","_[zero]":"maintenant","_[one]":"dans {{value}} minute","_[two]":"dans {{value}} minutes","_[few]":"dans {{value}} minutes","_[many]":"dans {{value}} minutes","_[other]":"dans {{value}} minutes"},"hours-until-long":{"_":"{[ plural(value) ]}","_[zero]":"maintenant","_[one]":"dans {{value}} heure","_[two]":"dans {{value}} heures","_[few]":"dans {{value}} heures","_[many]":"dans {{value}} heures","_[other]":"dans {{value}} heures"},"days-until-long":{"_":"{[ plural(value) ]}","_[zero]":"aujourd’hui","_[one]":"demain","_[two]":"dans {{value}} jours","_[few]":"dans {{value}} jours","_[many]":"dans {{value}} jours","_[other]":"dans {{value}} jours"},"weeks-until-long":{"_":"{[ plural(value) ]}","_[zero]":"cette semaine","_[one]":"la semaine prochaine","_[two]":"dans {{value}} semaines","_[few]":"dans {{value}} semaines","_[many]":"dans {{value}} semaines","_[other]":"dans {{value}} semaines"},"months-until-long":{"_":"{[ plural(value) ]}","_[zero]":"ce mois-ci","_[one]":"le mois prochain","_[two]":"dans {{value}} mois","_[few]":"dans {{value}} mois","_[many]":"dans {{value}} mois","_[other]":"dans {{value}} mois"},"years-until-long":{"_":"{[ plural(value) ]}","_[zero]":"cette année","_[one]":"l’année prochaine","_[two]":"dans {{value}} ans","_[few]":"dans {{value}} ans","_[many]":"dans {{value}} ans","_[other]":"dans {{value}} ans"},"minutes-ago-short":{"_":"{[ plural(value) ]}","_[zero]":"à l’instant","_[other]":"il y a {{value}} min"},"hours-ago-short":{"_":"{[ plural(value) ]}","_[zero]":"à l’instant","_[other]":"il y a {{value}}h"},"days-ago-short":{"_":"{[ plural(value) ]}","_[zero]":"aujourd’hui","_[other]":"il y a {{value}}j"},"minutes-until-short":{"_":"{[ plural(value) ]}","_[zero]":"maintenant","_[other]":"dans {{value}}m"},"hours-until-short":{"_":"{[ plural(value) ]}","_[zero]":"maintenant","_[other]":"dans {{value}}h"},"days-until-short":{"_":"{[ plural(value) ]}","_[zero]":"aujourd’hui","_[other]":"dans {{value}}j"},"incorrectDate":{"_":"(date incorrecte)"},"dateTimeFormat_%c":{"_":"%a %e %b %Y %H:%M:%S"},"dateTimeFormat_%x":{"_":"%d/%m/%Y"},"dateTimeFormat_%X":{"_":"%H:%M:%S"},"shortTimeFormat":{"_":"%H:%M"},"shortDateTimeFormat":{"_":"%x %H:%M"},"weekStartsOnMonday":{"_":"1"},"time_am":{"_":"AM"},"time_pm":{"_":"PM"}}