{"addToExistingContact":{"_":"Ajouter à un contact existant"},"all":{"_":"Tous"},"callLog":{"_":"Journal d’appels"},"connecting":{"_":"Appel"},"cancel":{"_":"Annuler"},"cf-async":{"_":"Asynchrone : {{ async }}\n"},"cf-data":{"_":"Données : {{ data }}\n"},"cf-error":{"_":"Une erreur s’est produite lors de la récupération de l’état du transfert d’appel."},"cf-fax":{"_":"FAX : {{ fax }}\n"},"cf-inactive":{"_":"Inactif"},"cf-packet":{"_":"Paquets : {{ packet }}\n"},"cf-pad":{"_":"PAD : {{ pad }}\n"},"cf-sms":{"_":"SMS : {{ sms }}\n"},"cf-status":{"_":"État du renvoi d’appels\n"},"cf-sync":{"_":"Synchrone : {{ sync }}\n"},"cf-voice":{"_":"Voix : {{ voice }}\n"},"confirm-deletion":{"_":"Effacer les appels sélectionnés ?"},"createNewContact":{"_":"Créer un nouveau contact"},"delete":{"_":"Supprimer"},"deselectAll":{"_":"Tout désélectionner"},"edit-selected":{"_":"{[ plural(n) ]}","_[one]":"{{ n }} sélectionné","_[two]":"{{ n }} sélectionnés","_[few]":"{{ n }} sélectionnés","_[many]":"{{ n }} sélectionnés","_[other]":"{{ n }} sélectionnés"},"edit":{"_":"Modifier"},"ignore":{"_":"Ignorer l’appel"},"incoming":{"_":"Entrant"},"missed":{"_":"Manqués"},"missedCall":{"_":"Appel manqué"},"missedCallMultiSims":{"_":"(SIM {{ n }}) Missed call"},"mmi-error":{"_":"Une erreur s’est produite lors de l’envoi du message"},"mmi-session-expired":{"_":"Session expirée"},"mmi-successfully-sent":{"_":"Message envoyé avec succès"},"no-logs-msg-1":{"_":"Aucun appel enregistré"},"no-logs-msg-2":{"_":"Vous pouvez dès à présent passer un appel"},"no-logs-msg-3":{"_":"Aucun appel manqué"},"reply":{"_":"Répondre"},"selectAll":{"_":"Tout sélectionner"},"send":{"_":"Envoyer"},"switch-calls":{"_":"Basculer sur un autre appel"},"today":{"_":"Aujourd’hui,"},"withheld-number":{"_":"Numéro masqué"},"from-contact":{"_":"De {{ contact }}"},"from-number":{"_":"Du {{ number }}"},"from-withheld-number":{"_":"D’un numéro masqué"},"yesterday":{"_":"Hier,"},"sending":{"_":"Envoi en cours…"},"ussd-services":{"_":"Services {{ operator }}"},"type-your-response":{"placeholder":"Saisissez votre réponse…"},"clear-all-text":{"_":"Effacer tout le texte"},"hide":{"_":"Masquer"},"call":{"_":"Appeler"},"hold":{"_":"En attente"},"resume":{"_":"Reprendre"},"sendSms":{"_":"Envoyer un message"},"callEnded":{"_":"Appel terminé"},"via-sim":{"_":"via SIM{{ n }}"},"sim-number":{"_":"SIM{{ n }}"},"hangup-a11y-button":{"aria-label":"Raccrocher"},"pickup-a11y-button":{"aria-label":"Répondre"},"unlock-a11y-button":{"aria-label":"Bouton à faire glisser"},"settings":{"_":"Paramètres"},"delete-n-log?":{"_":"{[ plural(n) ]}","_[zero]":"Aucune entrée sélectionnée","_[one]":"Supprimer l’entrée sélectionnée ?","_[two]":"Supprimer {{ n }} entrées ?","_[few]":"Supprimer {{ n }} entrées ?","_[many]":"Supprimer {{ n }} entrées ?","_[other]":"Supprimer {{ n }} entrées ?"},"callDurationMinutes":{"_":"{{ m }}:{{ s }}"},"callDurationHours":{"_":"{{ h }}:{{ m }}:{{ s}}"},"suggestionMatches":{"_":"{[ plural(n) ]}","_[one]":"{{ n }} correspondance pour « {{ matchNumber }} »","_[two]":"{{ n }} correspondances pour « {{ matchNumber }} »","_[few]":"{{ n }} correspondances pour « {{ matchNumber }} »","_[many]":"{{ n }} correspondances pour « {{ matchNumber }} »","_[other]":"{{ n }} correspondances pour « {{ matchNumber }} »"},"scCallBarring":{"_":"Restrictions d’appels"},"scCallForwarding":{"_":"Transfert d’appel"},"scClip":{"_":"Présentation du numéro entrant"},"scClir":{"_":"Présentation du numéro sortant"},"scPwd":{"_":"Modifier mot de passe"},"scCallWaiting":{"_":"Double appel"},"scPin":{"_":"Modifier PIN"},"scPin2":{"_":"Modifier PIN2"},"scPuk":{"_":"Débloquer PIN"},"scPuk2":{"_":"Débloquer PIN2"},"scImei":{"_":"IMEI"},"scUssd":{"_":"USSD"},"serviceClassVoice":{"_":"Voix"},"serviceClassData":{"_":"Données"},"serviceClassFax":{"_":"FAX"},"serviceClassSms":{"_":"SMS"},"serviceClassDataSync":{"_":"Synchrone"},"serviceClassDataAsync":{"_":"Asynchrone"},"serviceClassPacket":{"_":"Paquets"},"serviceClassPad":{"_":"PAD"},"smServiceEnabled":{"_":"Le service était activé"},"smServiceDisabled":{"_":"Le service a été désactivé"},"smServiceRegistered":{"_":"Échec de l’enregistrement"},"smServiceErased":{"_":"L’effacement a réussi"},"smServiceInterrogated":{"_":"La requête a réussi"},"smServiceNotProvisioned":{"_":"Service non provisionné"},"smClirPermanent":{"_":"Vous ne pouvez pas modifier le paramètre de présentation du numéro"},"smClirDefaultOnNextCallOn":{"_":"Présentation du numéro désactivée par défaut. Prochain appel : masqué"},"smClirDefaultOnNextCallOff":{"_":"Présentation du numéro désactivée par défaut. Prochain appel : affiché"},"smClirDefaultOffNextCallOn":{"_":"Présentation du numéro activée par défaut. Prochain appel : masqué"},"smClirDefaultOffNextCallOff":{"_":"Présentation du numéro activée par défaut. Prochain appel : affiché"},"smServiceEnabledFor":{"_":"Le service était activé pour :"},"smPinChanged":{"_":"Changement PIN réussi"},"smPinUnblocked":{"_":"Déblocage PIN réussi"},"smPin2Changed":{"_":"Changement PIN2 réussi"},"smPin2Unblocked":{"_":"Déblocage PIN2 réussi"},"emMmiError":{"_":"Problème de connexion ou code MMI non valide"},"emMmiErrorPasswordIncorrect":{"_":"Mot de passe incorrect"},"emMmiErrorNotSupported":{"_":"Code MMI non valide ou non pris en charge"},"emMmiErrorInvalidAction":{"_":"Action non valide"},"emMmiErrorInvalidScCode":{"_":"Code de service non valide"},"emMmiErrorBadPuk":{"_":"Le PUK saisi n’est pas correct"},"emMmiErrorBadPin":{"_":"L’ancien PIN saisi n’est pas correct."},"emMmiErrorNeedPuk2":{"_":"Saisissez le PUK2 pour déverrouiller la carte SIM"},"emMmiErrorMismatchPin":{"_":"Les PIN saisis ne correspondent pas"},"emMmiErrorInvalidPin":{"_":"Saisissez un PIN de 4 à 8 chiffres"},"emMmiErrorNeedsPuk":{"_":"Votre carte SIM est verrouillée par code PUK"},"emMmiErrorEnablePin":{"_":"Échec. Activer SIM/RUIM LOCK"},"emMmiErrorMmiFdn":{"_":"Opération restreinte à la liste de numéros autorisés (FDN)"},"emMmiErrorStkCcUssdDial":{"_":"Requête USSD modifiée en requête DIAL"},"emMmiErrorStkCcUssdSs":{"_":"Requête USSD modifiée en requête SS"},"emMmiErrorStkCcUssdUssd":{"_":"Requête USSD modifiée en nouvelle requête USSD"},"emMmiErrorStkCcSsDial":{"_":"Requête SS modifiée en requête DIAL"},"emMmiErrorStkCcSsUssd":{"_":"Requête SS modifiée en requête USSD"},"emMmiErrorStkCcSsSs":{"_":"Requête SS modifiée en nouvelle requête SS"},"emMmiErrorPinPukAttempts":{"_":"{[ plural(n) ]}","_[one]":"Dernier essai","_[two]":"{{ n }} essais restants","_[few]":"{{ n }} essais restants","_[many]":"{{ n }} essais restants","_[other]":"{{ n }} essais restants"},"emMmiErrorSimBlocked":{"_":"Nombre maximal d’essais dépassé. SIM bloquée"},"RadioNotAvailable":{"_":"Radio indisponible"},"GenericFailure":{"_":"Échec générique"},"PasswordIncorrect":{"_":"Mot de passe incorrect"},"SimPin2":{"_":"PIN2 carte SIM"},"SimPuk2":{"_":"PUK2 carte SIM"},"RequestNotSupported":{"_":"Requête non prise en charge"},"OpNotAllowedDuringVoiceCall":{"_":"Opération non permise durant un appel"},"SmsSendFailRetry":{"_":"Échec de l’envoi du SMS, réessayer"},"SimAbsent":{"_":"SIM absente"},"SubscriptionNotAvailable":{"_":"Abonnement non disponible"},"ModeNotSupported":{"_":"Mode non pris en charge"},"FdnCheckFailure":{"_":"Échec de la vérification de la liste de numéros autorisés (FDN)"},"IllegalSimOrMe":{"_":"SIM ou ME illégal"},"DialModifiedToUssd":{"_":"Dial modifiée en USSD"},"DialModifiedToSs":{"_":"Dial modifiée en SS"},"DialModifiedToDial":{"_":"Dial modifiée en dial"},"UssdModifiedToDial":{"_":"USSD modifiée en dial"},"UssdModifiedToSs":{"_":"USSD modifiée en SS"},"UssdModifiedToUssd":{"_":"USSD modifiée en USSD"},"SsModifiedToDial":{"_":"SS modifiée en dial"},"SsModifiedToUssd":{"_":"SS modifiée en USSD"},"SsModifiedToSs":{"_":"SS modifiée en SS"},"SubscriptionNotSupported":{"_":"Abonnement non pris en charge"},"InvalidParameter":{"_":"Paramètre non valide"},"RejectedByRemote":{"_":"Rejeté par l’équipement distant"},"group-call":{"_":"{[ plural(n) ]}","_[one]":"Appel de groupe ({{ n }})","_[two]":"Appel de groupe ({{ n }})","_[few]":"Appel de groupe ({{ n }})","_[many]":"Appel de groupe ({{ n }})","_[other]":"Appel de groupe ({{ n }})"},"caller-left-call":{"_":"{{ caller }} a quitté l’appel."},"conferenceAddError":{"_":"Impossible de regrouper les appels"},"conferenceRemoveError":{"_":"Impossible de séparer les appels"},"longDateFormat":{"_":"%A %e %Eb"},"select-audio-sources":{"_":"Choisir les sources audio"},"bluetooth-handsfree-device":{"_":"Kit mains libres Bluetooth"},"receiver":{"_":"Écouteur"},"speaker":{"_":"Haut-parleur"},"add":{"_":"Ajouter"},"back":{"_":"Retour"},"done":{"_":"Fini"},"ok":{"_":"OK"},"update":{"_":"Enreg."},"retry":{"_":"Réessayer"},"contacts":{"_":"Contacts"},"addContact":{"_":"Ajouter un contact"},"deleteContact":{"_":"Supprimer le contact"},"selectContact":{"_":"Choisir un contact"},"editContact":{"_":"Modifier contact"},"deleteConfirmMsg":{"_":"Supprimer le contact ?"},"remove":{"_":"Supprimer"},"comments":{"_":"Commentaires"},"no_contact_phones":{"_":"Ce contact ne possède pas de numéro de téléphone"},"no_contact_email":{"_":"Ce contact ne possède pas d’adresse électronique"},"removePhotoConfirm":{"_":"Supprimer la photo du contact ?"},"loadingContacts":{"_":"Chargement des contacts…"},"noContactsActivity":{"_":"Ajout contact impossible car votre liste de contacts est vide"},"noName":{"_":"Pas de nom"},"givenName":{"placeholder":"Prénom"},"familyName":{"placeholder":"Nom"},"tel":{"placeholder":"Téléphone"},"carrier":{"_":"Opérateur","placeholder":"Opérateur"},"separator":{"_":","},"email":{"_":"Courriel","placeholder":"Courriel"},"streetAddress":{"placeholder":"Rue"},"postalCode":{"placeholder":"Code postal"},"locality":{"placeholder":"Ville"},"countryName":{"placeholder":"Pays"},"comment":{"placeholder":"Commentaire"},"org":{"placeholder":"Entreprise"},"custom":{"placeholder":"Personnalisé","_":"Personnalisé"},"date":{"_":"Date","placeholder":"Date"},"birthday":{"_":"Anniversaire"},"dateFormat":{"_":"%B %e"},"dateOutput":{"_":"{{dayMonthFormatted}} {{year}}"},"anniversary":{"_":"Centenaire"},"addPhoto":{"_":"Ajouter photo"},"addPhone":{"_":"Ajouter un numéro"},"addEmail":{"_":"Ajouter un courriel"},"addAddress":{"_":"Ajouter une adresse"},"addDate":{"_":"Ajouter une date"},"addComment":{"_":"Ajouter un commentaire"},"addFavorite":{"_":"Ajouter aux favoris"},"removeFavorite":{"_":"Retirer des favoris"},"label":{"_":"Type de contact"},"mobile":{"_":"Mobile"},"home":{"_":"Domicile"},"work":{"_":"Bureau"},"personal":{"_":"Personnel"},"faxHome":{"_":"Fax domicile"},"faxOffice":{"_":"Fax bureau"},"faxOther":{"_":"Autre fax"},"another":{"_":"Autre"},"other":{"_":"Autre"},"current":{"_":"Courante"},"itemWithLabel":{"_":"{{label}}, {{item}}"},"exit":{"_":"Quitter"},"expand":{"_":"Dérouler"},"labelName":{"_":"Nom :"},"labelLastName":{"_":"Prénom :"},"labelPhoneNumber":{"_":"Numéro de tél. :"},"labelCarrier":{"_":"Opérateur :"},"labelEmail":{"_":"Courriel :"},"labelStreet":{"_":"Rue :"},"labelZip":{"_":"Code postal :"},"labelCity":{"_":"Ville :"},"labelCountry":{"_":"Pays :"},"labelComment":{"_":"Commentaire :"},"legendTitleMain":{"_":"Information principale"},"legendPhones":{"_":"Numéros de tél."},"legendEmail":{"_":"Adresse courriel"},"legendAddress":{"_":"Adresse"},"search-contact":{"placeholder":"Rechercher"},"noResults":{"_":"Aucun contact trouvé"},"transferContactsTitle":{"_":"Transférer des contacts"},"importContactsTitle":{"_":"Importer des contacts"},"importContactsButton":{"_":"Importer des contacts"},"exportContactsTitle":{"_":"Exporter des contacts"},"exportContactsButton":{"_":"Exporter des contacts"},"exportContactsAction":{"_":"Exporter"},"simExport-title":{"_":"Exportation vers la SIM"},"sdExport-title":{"_":"Exportation vers la carte SD"},"btExport-title":{"_":"Exportation par Bluetooth"},"sdUMSEnabled":{"_":"Impossible d’utiliser la carte SD car le stockage USB est activé"},"exportErrorTitle":{"_":"Erreur d’exportation"},"contactsExported2":{"_":"{[ plural(exported) ]}","_[zero]":"Aucun contact exporté","_[one]":"Un contact exporté (sur {{total}})","_[two]":"{{exported}}/{{total}} contacts exportés","_[few]":"{{exported}}/{{total}} contacts exportés","_[many]":"{{exported}}/{{total}} contacts exportés","_[other]":"{{exported}}/{{total}} contacts exportés"},"exportError-general":{"_":"Une erreur s’est produite lors de l’exportation"},"exportError-SD-shared":{"_":"Impossible d’accéder à la carte mémoire tant que le partage est activé"},"exportError-SD-unavailable":{"_":"Carte mémoire indisponible"},"exportError-SD-noSpace":{"_":"L’espace disponible sur la carte mémoire est insuffisant pour exporter les contacts"},"exportError-SIM-unavailable":{"_":"Carte SIM indisponible"},"exportError-BT-shared":{"_":"Impossible d’accéder à la carte mémoire tant que le partage est activé"},"exportError-BT-unavailable":{"_":"Carte mémoire indisponible"},"exportError-BT-noSpace":{"_":"L’espace disponible sur la carte mémoire est insuffisant pour exporter les contacts"},"simContacts-import":{"_":"Importer les contacts de la SIM"},"simContacts-importing":{"_":"Importation des contacts de la SIM…"},"simContacts-reading":{"_":"Lecture de la SIM…"},"simContacts-error":{"_":"Impossible d’importer les contacts de la SIM"},"simContacts-imported3":{"_":"{[ plural(n) ]}","_[zero]":"Aucun contact à importer n’a été détecté sur la SIM","_[one]":"Un contact importé","_[two]":"{{n}} contacts importés","_[few]":"{{n}} contacts importés","_[many]":"{{n}} contacts importés","_[other]":"{{n}} contacts importés"},"noSimMsg":{"_":"Pour importer des contacts, insérez ou débloquez votre carte SIM"},"noSimMsgExport":{"_":"Pour exporter des contacts, insérez ou débloquez votre carte SIM"},"simNumber":{"_":"SIM {{number}} "},"memoryCardContacts-import":{"_":"Importer des contacts depuis la carte mémoire"},"memoryCardContacts-importing":{"_":"Importation des contacts de la carte mémoire…"},"memoryCardContacts-reading":{"_":"Lecture de la carte mémoire…"},"memoryCardContacts-error":{"_":"Impossible d’importer les contacts de la carte mémoire"},"memoryCardContacts-imported3":{"_":"{[ plural(n) ]}","_[zero]":"Aucun contact à importer n’a été détecté sur la carte mémoire","_[one]":"Un contact importé","_[two]":"{{n}} contacts importés","_[few]":"{{n}} contacts importés","_[many]":"{{n}} contacts importés","_[other]":"{{n}} contacts importés"},"noMemoryCardMsg":{"_":"Pour importer des contacts, insérez une carte mémoire"},"noMemoryCardMsgExport":{"_":"Pour exporter des contacts, insérez une carte mémoire"},"genericProgress":{"_":"{{current}}/{{total}}"},"social-network":{"_":"Réseaux sociaux"},"social-link":{"_":"Ajouter le contact"},"social-unlink":{"_":"Retirer le contact"},"social-unlink-confirm-title":{"_":"Voulez-vous retirer cet ami ?"},"social-unlink-confirm-accept":{"_":"Retirer"},"facebook-import":{"_":"Importer des amis Facebook"},"show-fb-profile":{"_":"Voir le profil Facebook"},"msg-send":{"_":"Message"},"wall-post":{"_":"Statut"},"facebook":{"_":"Facebook"},"facebook-import-msg":{"_":"{[ plural(imported) ]}","_[zero]":"Aucun ami importé (sur {{total}})","_[one]":"Un ami importé (sur {{total}})","_[two]":"{{imported}}/{{total}} amis importés","_[few]":"{{imported}}/{{total}} amis importés","_[many]":"{{imported}}/{{total}} amis importés","_[other]":"{{imported}}/{{total}} amis importés"},"otherAccount":{"_":"Autres comptes"},"facebookSwitchMsg":{"_":"Synchroniser amis"},"select_mobile":{"_":"Choisir le mobile"},"select_email":{"_":"Choisir le courriel"},"contactsOrderBy":{"_":"Trier par nom de famille"},"importSim2":{"_":"Carte SIM"},"importMemoryCard":{"_":"Carte mémoire"},"importGmail":{"_":"Gmail"},"bluetooth":{"_":"Bluetooth"},"importOutlook":{"_":"Outlook"},"fbUpdateFriends":{"_":"Mettre à jour les amis importés"},"cleaningFbData":{"_":"Suppression des données Facebook"},"loggingOutFb":{"_":"Déconnexion de Facebook"},"cleanFbConfirmMsg":{"_":"Supprimer toutes les données Facebook ?"},"renewPwdMsg":{"_":"Votre mot de passe a changé sur Facebook. Veuillez le mettre à jour."},"noConnection11":{"_":"Pour importer vos amis Facebook ou vos contacts, connectez-vous à un réseau Wi-Fi ou à un réseau de données mobiles"},"notEnabledYet":{"_":"Pas encore activé"},"genericNoConnection":{"_":"Pour importer des contacts, connectez-vous à un réseau Wi-Fi ou à un réseau de données mobiles"},"simCard":{"_":"Carte SIM"},"memoryCard":{"_":"Carte mémoire"},"create-new":{"_":"Créer un nouveau contact"},"import-now":{"_":"Importer vos contacts depuis la carte SIM ou Facebook"},"no-contacts":{"_":"Aucun contact"},"start-adding":{"_":"Vous pouvez dès à présent commencer à en ajouter"},"notImported":{"_":"Pas importé"},"imported":{"_":"Importé"},"messageCanceling":{"_":"Veuillez patienter, nous annulons l’opération en cours."},"organise-contacts":{"_":"Organiser les contacts"},"find-merge-contacts":{"_":"Rechercher des doublons"},"preparing-contacts":{"_":"Préparation des contacts"},"exportError-SIM-NoFreeRecordFound":{"_":"La carte SIM est pleine"},"exportError-SIM-CannotAccessPhoneBook":{"_":"Impossible d’accéder au carnet d’adresses de la carte SIM"},"exportError-SIM-Unavailable":{"_":"Aucune SIM détectée"},"exportError-SIM-GenericError":{"_":"Une erreur s’est produite lors de l’exportation d’un contact."},"callAirplaneModeMessage":{"_":"Afin de passer un appel vous devez désactiver le mode avion dans les paramètres."},"callAirplaneModeBtnOk":{"_":"OK"},"callAirplaneModeTitle":{"_":"Mode avion activé"},"numberIsBusyTitle":{"_":"Numéro occupé"},"numberIsBusyMessage":{"_":"Le numéro est actuellement occupé. Veuillez réessayer plus tard."},"fdnIsEnabledTitle":{"_":"Numérotation fixe activée"},"fdnIsEnabledMessage":{"_":"Ce numéro est bloqué car il n’est pas présent dans votre liste de numéros autorisés."},"voiceMail":{"_":"Messagerie vocale"},"emergencyNumber":{"_":"Numéro d’urgence"},"emergencyDialogBodyBadNumber":{"_":"Afin d’appeler, vous devez d’abord avoir une couverture réseau."},"emergencyDialogBodyDeviceNotAccepted":{"_":"Appels d’urgence non autorisés par le réseau."},"emergencyDialogBtnOk":{"_":"OK"},"emergencyDialogTitle":{"_":"Pas de réseau"},"invalidNumberToDialTitle":{"_":"Numéro de téléphone non valide"},"invalidNumberToDialMessage":{"_":"Le numéro de téléphone que vous essayez de joindre n’est pas valide."},"unableToCallTitle":{"_":"Impossible de passer un appel maintenant"},"unableToCallMessage":{"_":"Impossible de passer un appel. Si vous êtes déjà en communication, veuillez d’abord raccrocher."},"otherConnectionInUseTitle":{"_":"Other connection in use"},"otherConnectionInUseMessage":{"_":"You have an active call on another connection. You can only use one connection at a time."},"weekday-0-long":{"_":"Dimanche"},"weekday-1-long":{"_":"Lundi"},"weekday-2-long":{"_":"Mardi"},"weekday-3-long":{"_":"Mercredi"},"weekday-4-long":{"_":"Jeudi"},"weekday-5-long":{"_":"Vendredi"},"weekday-6-long":{"_":"Samedi"},"weekday-0-short":{"_":"dim"},"weekday-1-short":{"_":"lun"},"weekday-2-short":{"_":"mar"},"weekday-3-short":{"_":"mer"},"weekday-4-short":{"_":"jeu"},"weekday-5-short":{"_":"ven"},"weekday-6-short":{"_":"sam"},"month-0-long":{"_":"Janvier"},"month-1-long":{"_":"Février"},"month-2-long":{"_":"Mars"},"month-3-long":{"_":"Avril"},"month-4-long":{"_":"Mai"},"month-5-long":{"_":"Juin"},"month-6-long":{"_":"Juillet"},"month-7-long":{"_":"Août"},"month-8-long":{"_":"Septembre"},"month-9-long":{"_":"Octobre"},"month-10-long":{"_":"Novembre"},"month-11-long":{"_":"Décembre"},"month-0-genitive":{"_":"janvier"},"month-1-genitive":{"_":"février"},"month-2-genitive":{"_":"mars"},"month-3-genitive":{"_":"avril"},"month-4-genitive":{"_":"mai"},"month-5-genitive":{"_":"juin"},"month-6-genitive":{"_":"juillet"},"month-7-genitive":{"_":"août"},"month-8-genitive":{"_":"septembre"},"month-9-genitive":{"_":"octobre"},"month-10-genitive":{"_":"novembre"},"month-11-genitive":{"_":"décembre"},"month-0-short":{"_":"jan."},"month-1-short":{"_":"fév."},"month-2-short":{"_":"mars"},"month-3-short":{"_":"avr."},"month-4-short":{"_":"mai"},"month-5-short":{"_":"juin"},"month-6-short":{"_":"juil."},"month-7-short":{"_":"août"},"month-8-short":{"_":"sep."},"month-9-short":{"_":"oct."},"month-10-short":{"_":"nov."},"month-11-short":{"_":"déc."},"minutes-ago-long":{"_":"{[ plural(value) ]}","_[zero]":"à l’instant","_[one]":"il y a {{value}} minute","_[two]":"il y a {{value}} minutes","_[few]":"il y a {{value}} minutes","_[many]":"il y a {{value}} minutes","_[other]":"il y a {{value}} minutes"},"hours-ago-long":{"_":"{[ plural(value) ]}","_[zero]":"à l’instant","_[one]":"il y a {{value}} heure","_[two]":"il y a {{value}} heures","_[few]":"il y a {{value}} heures","_[many]":"il y a {{value}} heures","_[other]":"il y a {{value}} heures"},"days-ago-long":{"_":"{[ plural(value) ]}","_[zero]":"aujourd’hui","_[one]":"hier","_[two]":"il y a {{value}} jours","_[few]":"il y a {{value}} jours","_[many]":"il y a {{value}} jours","_[other]":"il y a {{value}} jours"},"weeks-ago-long":{"_":"{[ plural(value) ]}","_[zero]":"cette semaine","_[one]":"la semaine dernière","_[two]":"il y a {{value}} semaines","_[few]":"il y a {{value}} semaines","_[many]":"il y a {{value}} semaines","_[other]":"il y a {{value}} semaines"},"months-ago-long":{"_":"{[ plural(value) ]}","_[zero]":"ce mois-ci","_[one]":"le mois dernier","_[two]":"il y a {{value}} mois","_[few]":"il y a {{value}} mois","_[many]":"il y a {{value}} mois","_[other]":"il y a {{value}} mois"},"years-ago-long":{"_":"{[ plural(value) ]}","_[zero]":"cette année","_[one]":"l’année dernière","_[two]":"il y a {{value}} ans","_[few]":"il y a {{value}} ans","_[many]":"il y a {{value}} ans","_[other]":"il y a {{value}} ans"},"minutes-until-long":{"_":"{[ plural(value) ]}","_[zero]":"maintenant","_[one]":"dans {{value}} minute","_[two]":"dans {{value}} minutes","_[few]":"dans {{value}} minutes","_[many]":"dans {{value}} minutes","_[other]":"dans {{value}} minutes"},"hours-until-long":{"_":"{[ plural(value) ]}","_[zero]":"maintenant","_[one]":"dans {{value}} heure","_[two]":"dans {{value}} heures","_[few]":"dans {{value}} heures","_[many]":"dans {{value}} heures","_[other]":"dans {{value}} heures"},"days-until-long":{"_":"{[ plural(value) ]}","_[zero]":"aujourd’hui","_[one]":"demain","_[two]":"dans {{value}} jours","_[few]":"dans {{value}} jours","_[many]":"dans {{value}} jours","_[other]":"dans {{value}} jours"},"weeks-until-long":{"_":"{[ plural(value) ]}","_[zero]":"cette semaine","_[one]":"la semaine prochaine","_[two]":"dans {{value}} semaines","_[few]":"dans {{value}} semaines","_[many]":"dans {{value}} semaines","_[other]":"dans {{value}} semaines"},"months-until-long":{"_":"{[ plural(value) ]}","_[zero]":"ce mois-ci","_[one]":"le mois prochain","_[two]":"dans {{value}} mois","_[few]":"dans {{value}} mois","_[many]":"dans {{value}} mois","_[other]":"dans {{value}} mois"},"years-until-long":{"_":"{[ plural(value) ]}","_[zero]":"cette année","_[one]":"l’année prochaine","_[two]":"dans {{value}} ans","_[few]":"dans {{value}} ans","_[many]":"dans {{value}} ans","_[other]":"dans {{value}} ans"},"minutes-ago-short":{"_":"{[ plural(value) ]}","_[zero]":"à l’instant","_[other]":"il y a {{value}} min"},"hours-ago-short":{"_":"{[ plural(value) ]}","_[zero]":"à l’instant","_[other]":"il y a {{value}}h"},"days-ago-short":{"_":"{[ plural(value) ]}","_[zero]":"aujourd’hui","_[other]":"il y a {{value}}j"},"minutes-until-short":{"_":"{[ plural(value) ]}","_[zero]":"maintenant","_[other]":"dans {{value}}m"},"hours-until-short":{"_":"{[ plural(value) ]}","_[zero]":"maintenant","_[other]":"dans {{value}}h"},"days-until-short":{"_":"{[ plural(value) ]}","_[zero]":"aujourd’hui","_[other]":"dans {{value}}j"},"incorrectDate":{"_":"(date incorrecte)"},"dateTimeFormat_%c":{"_":"%a %e %b %Y %H:%M:%S"},"dateTimeFormat_%x":{"_":"%d/%m/%Y"},"dateTimeFormat_%X":{"_":"%H:%M:%S"},"shortTimeFormat":{"_":"%H:%M"},"shortDateTimeFormat":{"_":"%x %H:%M"},"weekStartsOnMonday":{"_":"1"},"time_am":{"_":"AM"},"time_pm":{"_":"PM"}}