{"addToExistingContact":{"_":"新增到現有聯絡人資料"},"all":{"_":"全部"},"callLog":{"_":"通話紀錄"},"connecting":{"_":"撥號中"},"cancel":{"_":"取消"},"cf-async":{"_":"非同步: {{ async }}\n"},"cf-data":{"_":"資料：{{ data }}\n"},"cf-error":{"_":"取得通話轉接狀態時發生錯誤"},"cf-fax":{"_":"傳真: {{ fax }}\n"},"cf-inactive":{"_":"停用"},"cf-packet":{"_":"封包: {{ packet }}\n"},"cf-pad":{"_":"PAD: {{ pad }}\n"},"cf-sms":{"_":"簡訊：{{ sms }}\n"},"cf-status":{"_":"通話轉接狀態\n"},"cf-sync":{"_":"同步: {{ sync }}\n"},"cf-voice":{"_":"語音：{{ voice }}\n"},"confirm-deletion":{"_":"清除所選的來電？"},"createNewContact":{"_":"建立新聯絡人"},"delete":{"_":"刪除"},"deselectAll":{"_":"全部不選"},"edit-selected":{"_":"{[ plural(n) ]}","_[one]":"已選擇 {{ n }} 筆","_[two]":"已選擇 {{ n }} 筆","_[few]":"已選擇 {{ n }} 筆","_[many]":"已選擇 {{ n }} 筆","_[other]":"已選擇 {{ n }} 筆"},"edit":{"_":"編輯"},"ignore":{"_":"忽略通話"},"incoming":{"_":"來電"},"missed":{"_":"未接"},"missedCall":{"_":"未接來電"},"missedCallMultiSims":{"_":"(SIM {{ n }}) Missed call"},"mmi-error":{"_":"傳送訊息時發生錯誤"},"mmi-session-expired":{"_":"Session 已過期"},"mmi-successfully-sent":{"_":"訊息已成功送出"},"no-logs-msg-1":{"_":"未紀錄來電"},"no-logs-msg-2":{"_":"立刻開始通訊"},"no-logs-msg-3":{"_":"無未接來電"},"reply":{"_":"回覆"},"selectAll":{"_":"全部選擇"},"send":{"_":"傳送"},"switch-calls":{"_":"切換通話"},"today":{"_":"今天"},"withheld-number":{"_":"隱藏發話號碼"},"from-contact":{"_":"來自 {{ contact }}"},"from-number":{"_":"來自 {{ number }}"},"from-withheld-number":{"_":"來電號碼隱藏"},"yesterday":{"_":"昨天"},"sending":{"_":"傳送中…"},"ussd-services":{"_":"{{ operator }} 服務"},"type-your-response":{"placeholder":"輸入您的回應…"},"clear-all-text":{"_":"清除所有文字"},"hide":{"_":"隱藏"},"call":{"_":"撥號"},"hold":{"_":"保留"},"resume":{"_":"繼續"},"sendSms":{"_":"寄送郵件"},"callEnded":{"_":"通話已結束"},"via-sim":{"_":"via SIM{{ n }}"},"sim-number":{"_":"SIM{{ n }}"},"hangup-a11y-button":{"aria-label":"掛斷"},"pickup-a11y-button":{"aria-label":"接聽"},"unlock-a11y-button":{"aria-label":"滑塊"},"settings":{"_":"設定"},"delete-n-log?":{"_":"{[ plural(n) ]}","_[zero]":"未選取項目","_[one]":"要刪除所選的紀錄？","_[two]":"要刪除 {{ n }} 筆紀錄？","_[few]":"要刪除 {{ n }} 筆紀錄？","_[many]":"要刪除 {{ n }} 筆紀錄？","_[other]":"要刪除 {{ n }} 筆紀錄？"},"callDurationMinutes":{"_":"{{ m }}:{{ s }}"},"callDurationHours":{"_":"{{ h }}:{{ m }}:{{ s }}"},"suggestionMatches":{"_":"{[ plural(n) ]}","_[one]":"「{{ matchNumber }}」找到 {{ n }} 筆","_[two]":"「{{ matchNumber }}」找到 {{ n }} 筆","_[few]":"「{{ matchNumber }}」找到 {{ n }} 筆","_[many]":"「{{ matchNumber }}」找到 {{ n }} 筆","_[other]":"「{{ matchNumber }}」找到 {{ n }} 筆"},"scCallBarring":{"_":"通話限制"},"scCallForwarding":{"_":"通話轉接"},"scClip":{"_":"來電號碼"},"scClir":{"_":"去話號碼"},"scPwd":{"_":"修改密碼"},"scCallWaiting":{"_":"來電等待"},"scPin":{"_":"修改 PIN 碼"},"scPin2":{"_":"修改 PIN2 碼"},"scPuk":{"_":"解鎖 PIN 碼"},"scPuk2":{"_":"解鎖 PIN2 碼"},"scImei":{"_":"IMEI"},"scUssd":{"_":"USSD"},"serviceClassVoice":{"_":"語音"},"serviceClassData":{"_":"數據"},"serviceClassFax":{"_":"傳真"},"serviceClassSms":{"_":"簡訊"},"serviceClassDataSync":{"_":"同步"},"serviceClassDataAsync":{"_":"非同步"},"serviceClassPacket":{"_":"封包"},"serviceClassPad":{"_":"PAD"},"smServiceEnabled":{"_":"服務已啟用"},"smServiceDisabled":{"_":"服務已停用"},"smServiceRegistered":{"_":"已成功註冊"},"smServiceErased":{"_":"已成功解除註冊"},"smServiceInterrogated":{"_":"已成功完成請求"},"smServiceNotProvisioned":{"_":"服務未開通"},"smClirPermanent":{"_":"您無法修改通話號碼選項"},"smClirDefaultOnNextCallOn":{"_":"通話號碼預設不顯示。下次通話：不顯示"},"smClirDefaultOnNextCallOff":{"_":"通話號碼預設不顯示。下次通話：顯示"},"smClirDefaultOffNextCallOn":{"_":"通話號碼預設顯示。下次通話：不顯示"},"smClirDefaultOffNextCallOff":{"_":"通話號碼預設顯示。下次通話：顯示"},"smServiceEnabledFor":{"_":"已啟用下列服務:"},"smPinChanged":{"_":"成功更改 PIN 碼"},"smPinUnblocked":{"_":"成功解鎖 PIN 碼"},"smPin2Changed":{"_":"成功更改 PIN2 碼"},"smPin2Unblocked":{"_":"成功解鎖 PIN2 碼"},"emMmiError":{"_":"連線問題或無效的 MMI 碼"},"emMmiErrorPasswordIncorrect":{"_":"密碼不正確"},"emMmiErrorNotSupported":{"_":"無效或未支援的 MMI 碼"},"emMmiErrorInvalidAction":{"_":"無效行為"},"emMmiErrorInvalidScCode":{"_":"服務碼無效"},"emMmiErrorBadPuk":{"_":"您輸入的 PUK 碼不正確"},"emMmiErrorBadPin":{"_":"您輸入的舊 PIN 碼不正確。"},"emMmiErrorNeedPuk2":{"_":"輸入 PUK2 碼以解除封鎖 SIM 卡"},"emMmiErrorMismatchPin":{"_":"您輸入的 PIN 碼不相同"},"emMmiErrorInvalidPin":{"_":"輸入 4 到 8 位數的 PIN 碼"},"emMmiErrorNeedsPuk":{"_":"您的 SIM 卡已被鎖定，需要輸入 PUK 碼"},"emMmiErrorEnablePin":{"_":"未成功，啟用 SIM/RUIM 鎖定"},"emMmiErrorMmiFdn":{"_":"操作被限制為僅能撥打固定號碼"},"emMmiErrorStkCcUssdDial":{"_":"USSD 請求被修改為撥號請求"},"emMmiErrorStkCcUssdSs":{"_":"USSD 請求被修改為 SS 請求"},"emMmiErrorStkCcUssdUssd":{"_":"USSD 請求被修改為新的 USSD 請求"},"emMmiErrorStkCcSsDial":{"_":"SS 請求被修改為撥號請求"},"emMmiErrorStkCcSsUssd":{"_":"SS 請求被修改為 USSD 請求"},"emMmiErrorStkCcSsSs":{"_":"SS 請求被修改為新的 SS 請求"},"emMmiErrorPinPukAttempts":{"_":"{[ plural(n) ]}","_[one]":"僅剩下 {{ n }} 次重試機會","_[two]":"剩下 {{ n }} 次重試機會","_[few]":"剩下 {{ n }} 次重試機會","_[many]":"剩下 {{ n }} 次重試機會","_[other]":"剩下 {{ n }} 次重試機會"},"emMmiErrorSimBlocked":{"_":"已達最大重試次數，SIM 卡已被封鎖"},"RadioNotAvailable":{"_":"無法使用無線訊號"},"GenericFailure":{"_":"一般失敗"},"PasswordIncorrect":{"_":"密碼不正確"},"SimPin2":{"_":"SIM PIN2"},"SimPuk2":{"_":"SIM PUK2"},"RequestNotSupported":{"_":"請求未支援"},"OpNotAllowedDuringVoiceCall":{"_":"語音通話時不允許進行操作"},"SmsSendFailRetry":{"_":"簡訊傳送失敗重試"},"SimAbsent":{"_":"SIM 卡不存在"},"SubscriptionNotAvailable":{"_":"訂閱無法使用"},"ModeNotSupported":{"_":"模式未支援"},"FdnCheckFailure":{"_":"Fdn 檢查失敗"},"IllegalSimOrMe":{"_":"無效的 SIM 卡或 ME"},"DialModifiedToUssd":{"_":"撥號請求被修改為 USSD 請求"},"DialModifiedToSs":{"_":"撥號請求被修改為 SS 請求"},"DialModifiedToDial":{"_":"撥號請求被修改為新的撥號請求"},"UssdModifiedToDial":{"_":"USSD 請求被修改為撥號請求"},"UssdModifiedToSs":{"_":"USSD 請求被修改為 SS 請求"},"UssdModifiedToUssd":{"_":"USSD 請求被修改為新的 USSD 請求"},"SsModifiedToDial":{"_":"SS 請求被修改為撥號請求"},"SsModifiedToUssd":{"_":"SS 請求被修改為 USSD 請求"},"SsModifiedToSs":{"_":"SS 請求被修改為新的 SS 請求"},"SubscriptionNotSupported":{"_":"訂閱不被支援"},"InvalidParameter":{"_":"參數無效"},"RejectedByRemote":{"_":"被遠端拒絕"},"group-call":{"_":"{[ plural(n) ]}","_[one]":"群組通話 ({{ n }})","_[two]":"群組通話 ({{ n }})","_[few]":"群組通話 ({{ n }})","_[many]":"群組通話 ({{ n }})","_[other]":"群組通話 ({{ n }})"},"caller-left-call":{"_":"{{ caller }} 已離開通話。"},"conferenceAddError":{"_":"無法合併通話"},"conferenceRemoveError":{"_":"無法取消合併通話"},"longDateFormat":{"_":"%b %e 日 %A"},"select-audio-sources":{"_":"選擇音訊來源"},"bluetooth-handsfree-device":{"_":"藍牙免持裝置"},"receiver":{"_":"接收器"},"speaker":{"_":"擴音"},"add":{"_":"新增"},"back":{"_":"上一頁"},"done":{"_":"完成"},"ok":{"_":"確定"},"update":{"_":"更新"},"retry":{"_":"重試"},"contacts":{"_":"聯絡人"},"addContact":{"_":"新增聯絡人"},"deleteContact":{"_":"刪除聯絡人"},"selectContact":{"_":"選擇聯絡人"},"editContact":{"_":"編輯聯絡人"},"deleteConfirmMsg":{"_":"要刪除聯絡人？"},"remove":{"_":"移除"},"comments":{"_":"附註"},"no_contact_phones":{"_":"此聯絡人沒有電話號碼"},"no_contact_email":{"_":"此聯絡人沒有電子郵件地址"},"removePhotoConfirm":{"_":"移除聯絡人大頭照？"},"loadingContacts":{"_":"正在載入聯絡人…"},"noContactsActivity":{"_":"因為您的聯絡人清單是空的，無法新增至聯絡人"},"noName":{"_":"無名"},"givenName":{"placeholder":"名字"},"familyName":{"placeholder":"姓氏"},"tel":{"placeholder":"電話"},"carrier":{"_":"電信業者","placeholder":"電信業者"},"separator":{"_":","},"email":{"_":"電子郵件","placeholder":"電子郵件"},"streetAddress":{"placeholder":"街道"},"postalCode":{"placeholder":"郵遞區號"},"locality":{"placeholder":"城市"},"countryName":{"placeholder":"國家"},"comment":{"placeholder":"附註"},"org":{"placeholder":"公司"},"custom":{"placeholder":"自訂","_":"自訂標籤"},"date":{"_":"Date","placeholder":"Date"},"birthday":{"_":"生日"},"dateFormat":{"_":"%B %e"},"dateOutput":{"_":"{{dayMonthFormatted}} {{year}}"},"anniversary":{"_":"Anniversary"},"addPhoto":{"_":"新增大頭照"},"addPhone":{"_":"新增電話號碼"},"addEmail":{"_":"新增電子郵件地址"},"addAddress":{"_":"新增地址"},"addDate":{"_":"Add Date"},"addComment":{"_":"新增附註"},"addFavorite":{"_":"加入我的最愛"},"removeFavorite":{"_":"自我的最愛移除"},"label":{"_":"標籤"},"mobile":{"_":"行動電話"},"home":{"_":"住家"},"work":{"_":"商務"},"personal":{"_":"私人"},"faxHome":{"_":"家用傳真"},"faxOffice":{"_":"公司傳真"},"faxOther":{"_":"其他傳真"},"another":{"_":"另一個"},"other":{"_":"Other"},"current":{"_":"Current"},"itemWithLabel":{"_":"{{label}}, {{item}}"},"exit":{"_":"結束"},"expand":{"_":"展開"},"labelName":{"_":"名字:"},"labelLastName":{"_":"姓氏:"},"labelPhoneNumber":{"_":"電話號碼:"},"labelCarrier":{"_":"電信業者:"},"labelEmail":{"_":"電子郵件:"},"labelStreet":{"_":"街道:"},"labelZip":{"_":"郵遞區號:"},"labelCity":{"_":"縣／市:"},"labelCountry":{"_":"國家:"},"labelComment":{"_":"附註:"},"legendTitleMain":{"_":"主要資訊"},"legendPhones":{"_":"電話號碼"},"legendEmail":{"_":"電子郵件地址"},"legendAddress":{"_":"住址"},"search-contact":{"placeholder":"搜尋"},"noResults":{"_":"找不到聯絡人"},"transferContactsTitle":{"_":"轉移聯絡人"},"importContactsTitle":{"_":"匯入聯絡人"},"importContactsButton":{"_":"匯入聯絡人"},"exportContactsTitle":{"_":"匯出聯絡人"},"exportContactsButton":{"_":"匯出聯絡人"},"exportContactsAction":{"_":"匯出"},"simExport-title":{"_":"匯出至 SIM 卡"},"sdExport-title":{"_":"匯出至 SD 卡"},"btExport-title":{"_":"匯出至藍牙"},"sdUMSEnabled":{"_":"因為已啟用 USB 儲存空間，無法使用 SD 卡"},"exportErrorTitle":{"_":"匯出錯誤"},"contactsExported2":{"_":"{{ plural(exported) }}","_[zero]":"未匯出聯絡人","_[one]":"已匯出 {{exported}}/{{total}}  聯絡人","_[two]":"已匯出 {{exported}}/{{total}}  聯絡人","_[few]":"已匯出 {{exported}}/{{total}}  聯絡人","_[many]":"已匯出 {{exported}}/{{total}}  聯絡人","_[other]":"已匯出 {{exported}}/{{total}}  聯絡人"},"exportError-general":{"_":"匯出時發生錯誤"},"exportError-SD-shared":{"_":"因為已共享，無法存取記憶卡"},"exportError-SD-unavailable":{"_":"無法使用記憶卡"},"exportError-SD-noSpace":{"_":"記憶卡剩餘空間不足，無法匯出聯絡人"},"exportError-SIM-unavailable":{"_":"無法使用 SIM 卡"},"exportError-BT-shared":{"_":"因為已共享，無法存取記憶卡"},"exportError-BT-unavailable":{"_":"無法使用記憶卡"},"exportError-BT-noSpace":{"_":"記憶卡剩餘空間不足，無法匯出聯絡人"},"simContacts-import":{"_":"匯入 SIM 卡中的聯絡人"},"simContacts-importing":{"_":"正在匯入 SIM 卡中的聯絡人…"},"simContacts-reading":{"_":"正在讀取 SIM 卡…"},"simContacts-error":{"_":"無法自 SIM 卡中匯入聯絡人"},"simContacts-imported3":{"_":"{[ plural(n) ]}","_[zero]":"SIM 卡上找不到可匯入的聯絡人","_[one]":"已匯入 1 位聯絡人","_[two]":"已匯入 {{n}} 位聯絡人","_[few]":"已匯入 {{n}} 位聯絡人","_[many]":"已匯入 {{n}} 位聯絡人","_[other]":"已匯入 {{n}} 位聯絡人"},"noSimMsg":{"_":"請插入或解鎖 SIM 卡以匯入聯絡人"},"noSimMsgExport":{"_":"要匯出聯絡人，請插入或解鎖您的 SIM 卡"},"simNumber":{"_":"SIM {{number}}"},"memoryCardContacts-import":{"_":"自記憶卡中匯入聯絡人"},"memoryCardContacts-importing":{"_":"正在自記憶卡中匯入聯絡人…"},"memoryCardContacts-reading":{"_":"正在讀取記憶卡…"},"memoryCardContacts-error":{"_":"無法自記憶卡中匯入聯絡人"},"memoryCardContacts-imported3":{"_":"{[ plural(n) ]}","_[zero]":"記憶卡中偵測不到聯絡人","_[one]":"已匯入 1 位聯絡人","_[two]":"已匯入 {{n}} 位聯絡人","_[few]":"已匯入 {{n}} 位聯絡人","_[many]":"已匯入 {{n}} 位聯絡人","_[other]":"已匯入 {{n}} 位聯絡人"},"noMemoryCardMsg":{"_":"請插入記憶卡以匯入聯絡人"},"noMemoryCardMsgExport":{"_":"請插入記憶卡以匯出聯絡人"},"genericProgress":{"_":"{{current}}/{{total}}"},"social-network":{"_":"社群網路"},"social-link":{"_":"連結聯絡人"},"social-unlink":{"_":"解除連結聯絡人"},"social-unlink-confirm-title":{"_":"您是否想要取消您朋友的連結？"},"social-unlink-confirm-accept":{"_":"解除連結"},"facebook-import":{"_":"匯入 Facebook 上的朋友"},"show-fb-profile":{"_":"檢視 Facebook 個人資訊"},"msg-send":{"_":"訊息"},"wall-post":{"_":"動態時報貼文"},"facebook":{"_":"Facebook"},"facebook-import-msg":{"_":"{[ plural(imported) ]}","_[zero]":"未匯入朋友 (全部有 {{total}} 位)","_[one]":"已匯入一位朋友 (全部有 {{total}} 位)","_[two]":"已匯入 {{imported}}/{{total}} 位朋友","_[few]":"已匯入 {{imported}}/{{total}} 位朋友","_[many]":"已匯入 {{imported}}/{{total}} 位朋友","_[other]":"已匯入 {{imported}}/{{total}} 位朋友"},"otherAccount":{"_":"其他帳號"},"facebookSwitchMsg":{"_":"同步朋友"},"select_mobile":{"_":"選擇行動電話號碼"},"select_email":{"_":"選擇電子郵件地址"},"contactsOrderBy":{"_":"依照姓氏排序"},"importSim2":{"_":"SIM 卡"},"importMemoryCard":{"_":"記憶卡"},"importGmail":{"_":"Gmail"},"bluetooth":{"_":"藍牙"},"importOutlook":{"_":"Outlook"},"fbUpdateFriends":{"_":"更新匯入的朋友"},"cleaningFbData":{"_":"移除 Facebook 資料"},"loggingOutFb":{"_":"自 Facebook 登出"},"cleanFbConfirmMsg":{"_":"移除所有 Facebook 資料？"},"renewPwdMsg":{"_":"您的 Facebook 密碼已更動。請更新。"},"noConnection11":{"_":"請先連線到 Wi-Fi 或數據網路以匯入 Facebook 朋友或聯絡人"},"notEnabledYet":{"_":"未啟用"},"genericNoConnection":{"_":"請連線至 Wi-Fi 或數據網路以匯入聯絡人"},"simCard":{"_":"SIM 卡"},"memoryCard":{"_":"記憶卡"},"create-new":{"_":"建立新聯絡人"},"import-now":{"_":"自您的 SIM 卡或 Facebook 帳號匯入聯絡人"},"no-contacts":{"_":"無聯絡人"},"start-adding":{"_":"開始新增聯絡人吧"},"notImported":{"_":"未匯入"},"imported":{"_":"已匯入"},"messageCanceling":{"_":"請稍候，我們正在取消目前的操作。"},"organise-contacts":{"_":"管理聯絡人"},"find-merge-contacts":{"_":"搜尋重複的聯絡人"},"preparing-contacts":{"_":"正在整理聯絡人"},"exportError-SIM-NoFreeRecordFound":{"_":"SIM 卡已滿"},"exportError-SIM-CannotAccessPhoneBook":{"_":"無法存取 SIM 卡通訊錄"},"exportError-SIM-Unavailable":{"_":"未偵測到 SIM 卡"},"exportError-SIM-GenericError":{"_":"匯出聯絡人時發生錯誤"},"callAirplaneModeMessage":{"_":"若要撥打電話，您需要在設定畫面停用飛航模式。"},"callAirplaneModeBtnOk":{"_":"確定"},"callAirplaneModeTitle":{"_":"已啟用飛航模式"},"numberIsBusyTitle":{"_":"號碼忙線中"},"numberIsBusyMessage":{"_":"您所撥的號碼忙線中，請稍候再撥。"},"fdnIsEnabledTitle":{"_":"固定撥號已啟用"},"fdnIsEnabledMessage":{"_":"因為此號碼不在您的固定撥號清單中，通話已被封鎖。"},"voiceMail":{"_":"語音信箱"},"emergencyNumber":{"_":"緊急號碼"},"emergencyDialogBodyBadNumber":{"_":"手機必須連線到通訊網路才能撥打電話。"},"emergencyDialogBodyDeviceNotAccepted":{"_":"通訊網路不允許撥打緊急電話。"},"emergencyDialogBtnOk":{"_":"確定"},"emergencyDialogTitle":{"_":"無網路連線"},"invalidNumberToDialTitle":{"_":"無效的電話號碼"},"invalidNumberToDialMessage":{"_":"您撥打的電話號碼無效。"},"unableToCallTitle":{"_":"目前無法撥號"},"unableToCallMessage":{"_":"無法撥號，若您正在撥號請先掛斷。"},"otherConnectionInUseTitle":{"_":"Other connection in use"},"otherConnectionInUseMessage":{"_":"You have an active call on another connection. You can only use one connection at a time."},"birthdayDateFormat":{"_":"%b %e 日"},"weekday-0-long":{"_":"星期日"},"weekday-1-long":{"_":"星期一"},"weekday-2-long":{"_":"星期二"},"weekday-3-long":{"_":"星期三"},"weekday-4-long":{"_":"星期四"},"weekday-5-long":{"_":"星期五"},"weekday-6-long":{"_":"星期六"},"weekday-0-short":{"_":"日"},"weekday-1-short":{"_":"一"},"weekday-2-short":{"_":"二"},"weekday-3-short":{"_":"三"},"weekday-4-short":{"_":"四"},"weekday-5-short":{"_":"五"},"weekday-6-short":{"_":"六"},"month-0-long":{"_":"一月"},"month-1-long":{"_":"二月"},"month-2-long":{"_":"三月"},"month-3-long":{"_":"四月"},"month-4-long":{"_":"五月"},"month-5-long":{"_":"六月"},"month-6-long":{"_":"七月"},"month-7-long":{"_":"八月"},"month-8-long":{"_":"九月"},"month-9-long":{"_":"十月"},"month-10-long":{"_":"十一月"},"month-11-long":{"_":"十二月"},"month-0-genitive":{"_":"1 月"},"month-1-genitive":{"_":"2 月"},"month-2-genitive":{"_":"3 月"},"month-3-genitive":{"_":"4 月"},"month-4-genitive":{"_":"5 月"},"month-5-genitive":{"_":"6 月"},"month-6-genitive":{"_":"7 月"},"month-7-genitive":{"_":"8 月"},"month-8-genitive":{"_":"9 月"},"month-9-genitive":{"_":"10 月"},"month-10-genitive":{"_":"11 月"},"month-11-genitive":{"_":"12 月"},"month-0-short":{"_":"1 月"},"month-1-short":{"_":"2 月"},"month-2-short":{"_":"3 月"},"month-3-short":{"_":"4 月"},"month-4-short":{"_":"5 月"},"month-5-short":{"_":"6 月"},"month-6-short":{"_":"7 月"},"month-7-short":{"_":"8 月"},"month-8-short":{"_":"9 月"},"month-9-short":{"_":"10 月"},"month-10-short":{"_":"11 月"},"month-11-short":{"_":"12 月"},"minutes-ago-long":{"_":"{[ plural(value) ]}","_[zero]":"剛剛","_[one]":"1 分鐘前","_[two]":"{{value}} 分鐘前","_[few]":"{{value}} 分鐘前","_[many]":"{{value}} 分鐘前","_[other]":"{{value}} 分鐘前"},"hours-ago-long":{"_":"{[ plural(value) ]}","_[zero]":"剛剛","_[one]":"1 小時前","_[two]":"{{value}} 小時前","_[few]":"{{value}} 小時前","_[many]":"{{value}} 小時前","_[other]":"{{value}} 小時前"},"days-ago-long":{"_":"{[ plural(value) ]}","_[zero]":"今天","_[one]":"昨天","_[two]":"{{value}} 天前","_[few]":"{{value}} 天前","_[many]":"{{value}} 天前","_[other]":"{{value}} 天前"},"weeks-ago-long":{"_":"{[ plural(value) ]}","_[zero]":"本週","_[one]":"上週","_[two]":"{{value}} 週前","_[few]":"{{value}} 週前","_[many]":"{{value}} 週前","_[other]":"{{value}} 週前"},"months-ago-long":{"_":"{[ plural(value) ]}","_[zero]":"本月","_[one]":"上月","_[two]":"{{value}} 月前","_[few]":"{{value}} 月前","_[many]":"{{value}} 月前","_[other]":"{{value}} 月前"},"years-ago-long":{"_":"{[ plural(value) ]}","_[zero]":"今年","_[one]":"去年","_[two]":"{{value}} 年前","_[few]":"{{value}} 年前","_[many]":"{{value}} 年前","_[other]":"{{value}} 年前"},"minutes-until-long":{"_":"{[ plural(value) ]}","_[zero]":"現在","_[one]":"1 分鐘內","_[two]":"{{value}} 分鐘內","_[few]":"{{value}} 分鐘內","_[many]":"{{value}} 分鐘內","_[other]":"{{value}} 分鐘內"},"hours-until-long":{"_":"{[ plural(value) ]}","_[zero]":"現在","_[one]":"1 小時內","_[two]":"{{value}} 小時前","_[few]":"{{value}} 小時前","_[many]":"{{value}} 小時前","_[other]":"{{value}} 小時前"},"days-until-long":{"_":"{[ plural(value) ]}","_[zero]":"今天","_[one]":"明天","_[two]":"{{value}} 天內","_[few]":"{{value}} 天內","_[many]":"{{value}} 天內","_[other]":"{{value}} 天內"},"weeks-until-long":{"_":"{[ plural(value) ]}","_[zero]":"本週","_[one]":"下週","_[two]":"{{value}} 週內","_[few]":"{{value}} 週內","_[many]":"{{value}} 週內","_[other]":"{{value}} 週內"},"months-until-long":{"_":"{[ plural(value) ]}","_[zero]":"本月","_[one]":"下月","_[two]":"{{value}} 月內","_[few]":"{{value}} 月內","_[many]":"{{value}} 月內","_[other]":"{{value}} 月內"},"years-until-long":{"_":"{[ plural(value) ]}","_[zero]":"今年","_[one]":"明年","_[two]":"{{value}} 年內","_[few]":"{{value}} 年內","_[many]":"{{value}} 年內","_[other]":"{{value}} 年內"},"minutes-ago-short":{"_":"{[ plural(value) ]}","_[zero]":"剛剛","_[other]":"{{value}} 分前"},"hours-ago-short":{"_":"{[ plural(value) ]}","_[zero]":"剛剛","_[other]":"{{value}} 時前"},"days-ago-short":{"_":"{[ plural(value) ]}","_[zero]":"今天","_[other]":"{{value}} 天前"},"minutes-until-short":{"_":"{[ plural(value) ]}","_[zero]":"現在","_[other]":"{{value}} 分內"},"hours-until-short":{"_":"{[ plural(value) ]}","_[zero]":"現在","_[other]":"{{value}} 時內"},"days-until-short":{"_":"{[ plural(value) ]}","_[zero]":"今天","_[other]":"{{value}} 天內"},"incorrectDate":{"_":"（日期不正確）"},"dateTimeFormat_%c":{"_":"%Y年%b%d日 %a %p %I:%M:%S"},"dateTimeFormat_%x":{"_":"%Y/%m/%d"},"dateTimeFormat_%X":{"_":"%p %I:%M:%S"},"shortTimeFormat":{"_":"%p %I:%M"},"shortDateTimeFormat":{"_":"%x %p %I:%M"},"weekStartsOnMonday":{"_":"1"},"time_am":{"_":"AM"},"time_pm":{"_":"PM"}}