{"weekday-0-long":{"_":"Sunday"},"weekday-1-long":{"_":"Monday"},"weekday-2-long":{"_":"Tuesday"},"weekday-3-long":{"_":"Wednesday"},"weekday-4-long":{"_":"Thursday"},"weekday-5-long":{"_":"Friday"},"weekday-6-long":{"_":"Saturday"},"weekday-0-short":{"_":"Sun"},"weekday-1-short":{"_":"Mon"},"weekday-2-short":{"_":"Tue"},"weekday-3-short":{"_":"Wed"},"weekday-4-short":{"_":"Thu"},"weekday-5-short":{"_":"Fri"},"weekday-6-short":{"_":"Sat"},"month-0-long":{"_":"January"},"month-1-long":{"_":"February"},"month-2-long":{"_":"March"},"month-3-long":{"_":"April"},"month-4-long":{"_":"May"},"month-5-long":{"_":"June"},"month-6-long":{"_":"July"},"month-7-long":{"_":"August"},"month-8-long":{"_":"September"},"month-9-long":{"_":"October"},"month-10-long":{"_":"November"},"month-11-long":{"_":"December"},"month-0-genitive":{"_":"January"},"month-1-genitive":{"_":"February"},"month-2-genitive":{"_":"March"},"month-3-genitive":{"_":"April"},"month-4-genitive":{"_":"May"},"month-5-genitive":{"_":"June"},"month-6-genitive":{"_":"July"},"month-7-genitive":{"_":"August"},"month-8-genitive":{"_":"September"},"month-9-genitive":{"_":"October"},"month-10-genitive":{"_":"November"},"month-11-genitive":{"_":"December"},"month-0-short":{"_":"Jan"},"month-1-short":{"_":"Feb"},"month-2-short":{"_":"Mar"},"month-3-short":{"_":"Apr"},"month-4-short":{"_":"May"},"month-5-short":{"_":"Jun"},"month-6-short":{"_":"Jul"},"month-7-short":{"_":"Aug"},"month-8-short":{"_":"Sep"},"month-9-short":{"_":"Oct"},"month-10-short":{"_":"Nov"},"month-11-short":{"_":"Dec"},"minutes-ago-long":{"_":"{[ plural(value) ]}","_[zero]":"just now","_[one]":"a minute ago","_[two]":"{{value}} minutes ago","_[few]":"{{value}} minutes ago","_[many]":"{{value}} minutes ago","_[other]":"{{value}} minutes ago"},"hours-ago-long":{"_":"{[ plural(value) ]}","_[zero]":"just now","_[one]":"an hour ago","_[two]":"{{value}} hours ago","_[few]":"{{value}} hours ago","_[many]":"{{value}} hours ago","_[other]":"{{value}} hours ago"},"days-ago-long":{"_":"{[ plural(value) ]}","_[zero]":"today","_[one]":"yesterday","_[two]":"{{value}} days ago","_[few]":"{{value}} days ago","_[many]":"{{value}} days ago","_[other]":"{{value}} days ago"},"weeks-ago-long":{"_":"{[ plural(value) ]}","_[zero]":"this week","_[one]":"last week","_[two]":"{{value}} weeks ago","_[few]":"{{value}} weeks ago","_[many]":"{{value}} weeks ago","_[other]":"{{value}} weeks ago"},"months-ago-long":{"_":"{[ plural(value) ]}","_[zero]":"this month","_[one]":"last month","_[two]":"{{value}} months ago","_[few]":"{{value}} months ago","_[many]":"{{value}} months ago","_[other]":"{{value}} months ago"},"years-ago-long":{"_":"{[ plural(value) ]}","_[zero]":"this year","_[one]":"last year","_[two]":"{{value}} years ago","_[few]":"{{value}} years ago","_[many]":"{{value}} years ago","_[other]":"{{value}} years ago"},"minutes-until-long":{"_":"{[ plural(value) ]}","_[zero]":"now","_[one]":"in a minute","_[two]":"in {{value}} minutes","_[few]":"in {{value}} minutes","_[many]":"in {{value}} minutes","_[other]":"in {{value}} minutes"},"hours-until-long":{"_":"{[ plural(value) ]}","_[zero]":"now","_[one]":"in an hour","_[two]":"in {{value}} hours","_[few]":"in {{value}} hours","_[many]":"in {{value}} hours","_[other]":"in {{value}} hours"},"days-until-long":{"_":"{[ plural(value) ]}","_[zero]":"today","_[one]":"tomorrow","_[two]":"in {{value}} days","_[few]":"in {{value}} days","_[many]":"in {{value}} days","_[other]":"in {{value}} days"},"weeks-until-long":{"_":"{[ plural(value) ]}","_[zero]":"this week","_[one]":"next week","_[two]":"in {{value}} weeks","_[few]":"in {{value}} weeks","_[many]":"in {{value}} weeks","_[other]":"in {{value}} weeks"},"months-until-long":{"_":"{[ plural(value) ]}","_[zero]":"this month","_[one]":"next month","_[two]":"in {{value}} months","_[few]":"in {{value}} months","_[many]":"in {{value}} months","_[other]":"in {{value}} months"},"years-until-long":{"_":"{[ plural(value) ]}","_[zero]":"this year","_[one]":"next year","_[two]":"in {{value}} years","_[few]":"in {{value}} years","_[many]":"in {{value}} years","_[other]":"in {{value}} years"},"minutes-ago-short":{"_":"{[ plural(value) ]}","_[zero]":"just now","_[other]":"{{value}}m ago"},"hours-ago-short":{"_":"{[ plural(value) ]}","_[zero]":"just now","_[other]":"{{value}}h ago"},"days-ago-short":{"_":"{[ plural(value) ]}","_[zero]":"today","_[other]":"{{value}}d ago"},"minutes-until-short":{"_":"{[ plural(value) ]}","_[zero]":"now","_[other]":"in {{value}}m"},"hours-until-short":{"_":"{[ plural(value) ]}","_[zero]":"now","_[other]":"in {{value}}h"},"days-until-short":{"_":"{[ plural(value) ]}","_[zero]":"today","_[other]":"in {{value}}d"},"incorrectDate":{"_":"(incorrect date)"},"dateTimeFormat_%c":{"_":"%a %b %e %Y %I:%M:%S %p"},"dateTimeFormat_%x":{"_":"%m/%d/%Y"},"dateTimeFormat_%X":{"_":"%I:%M:%S %p"},"shortTimeFormat":{"_":"%I:%M %p"},"shortDateTimeFormat":{"_":"%x %I:%M %p"},"weekStartsOnMonday":{"_":"0"},"time_am":{"_":"AM"},"time_pm":{"_":"PM"},"ac_classic_clock_alarm_opus":{"_":"طنين كلاسيكي"},"ac_classic_clock_alarm_prog_opus2":{"_":"Pulse Progressive"},"ac_classic_clock_radio_opus":{"_":"نبض كلاسيكي"},"ac_normal_gem_echoes_opus":{"_":"جوهرة الاصداء"},"ac_soft_smooth_strings_opus":{"_":"Smooth Strings"},"ac_soft_humming_waves_opus":{"_":"موجات متلألئه"},"ac_normal_ringing_strings_opus":{"_":"Ringing Strings"},"ac_soft_into_the_void_opus":{"_":"في الفراغ"},"reset":{"_":"إعادة ضبط"},"start":{"_":"بدء"},"stop":{"_":"إيقاف"},"cancel":{"_":"إلغاء"},"hour":{"_":"ساعة"},"hours":{"_":"Hours"},"minute":{"_":"دقيقة"},"minutes":{"_":"Minutes"},"enable":{"_":"تفعيل"},"back":{"_":"رجوع"},"label":{"_":"مُلصق"},"alarm":{"_":"المنبه"},"timer":{"_":"Timer"},"stopwatch":{"_":"Stopwatch"},"alarmName":{"placeholder":"Alarm name"},"newAlarm":{"_":"إضافة منبه"},"editAlarm":{"_":"تعديل منبه"},"pause":{"_":"Pause"},"resume":{"_":"Resume"},"lap":{"_":"Lap"},"lap-number":{"_":"Lap {{n}}"},"delete":{"_":"حذف"},"time":{"_":"الوقت"},"snooze-label":{"_":"Snooze"},"snooze-button":{"_":"Snooze"},"repeat":{"_":"تكرار"},"vibrate":{"_":"إهتزاز"},"close":{"_":"إغلاق"},"save":{"_":"حِفظ"},"done":{"_":"تم"},"default":{"_":"إفتراضي"},"color":{"_":"اللون"},"sound":{"_":"الصوت"},"noSound":{"_":"No Sound"},"everyday":{"_":"كل يوم"},"weekdays":{"_":"أيام الأسبوع"},"weekends":{"_":"أيام نهاية الأسبوع"},"never":{"_":"أبداً"},"vibrateOn":{"_":"On"},"vibrateOff":{"_":"Off"},"plusMinute":{"_":"+1 Min"},"dateFormat":{"_":"%A, %B %e"},"countdown-lessThanAnHour":{"_":"تم ضبط المنبه خلال <strong>{{minutes}}</strong> من الآن ."},"countdown-moreThanAnHour":{"_":"تم ضبط المنبه خلال {{hours}} {{minutes}} من الآن ."},"countdown-moreThanADay":{"_":"The alarm is set for {{days}} {{hours}} from now."},"nMinutes":{"_":"{[ plural(n) ]}","_[zero]":"أقل من دقيقة","_[one]":"دقيقة واحدة","_[two]":"{{n}} دقائق .","_[few]":"{{n}} دقائق .","_[many]":"{{n}} دقائق .","_[other]":"{{n}} دقائق ."},"nHours":{"_":"{[ plural(n) ]}","_[one]":"<strong>{{n}} ساعة</strong>","_[two]":"<strong>{{n}} hours</strong>","_[few]":"<strong>{{n}} hours</strong>","_[many]":"<strong>{{n}} hours</strong>","_[other]":"<strong>{{n}} hours</strong>"},"nAndRemainHours":{"_":"{[ plural(n) ]}","_[one]":"and <strong>{{n}} hour</strong>","_[two]":"and <strong>{{n}} hours</strong>","_[few]":"and <strong>{{n}} hours</strong>","_[many]":"and <strong>{{n}} hours</strong>","_[other]":"and <strong>{{n}} hours</strong>"},"nRemainDays":{"_":"{[ plural(n) ]}","_[one]":"<strong>{{n}} day</strong>","_[two]":"<strong>{{n}} days</strong>","_[few]":"<strong>{{n}} days</strong>","_[many]":"<strong>{{n}} days</strong>","_[other]":"<strong>{{n}} days</strong>"},"nRemainMinutes":{"_":"{[ plural(n) ]}","_[one]":"و <strong>{{n}} دقيقة</strong>","_[two]":"و <strong>{{n}} دقائق</strong>","_[few]":"و <strong>{{n}} دقائق</strong>","_[many]":"و <strong>{{n}} دقائق</strong>","_[other]":"و <strong>{{n}} دقائق</strong>"},"ac_classic_clock_alarm_prog_opus":{"_":"نبض كلاسيكي تقدمي"},"snooze":{"_":"غفوة"}}