[{"$i":"back-button","ariaLabel":"‮Ԑɐɔʞ‬"},{"$i":"close-button","ariaLabel":"‮Ↄʅosǝ‬"},{"$i":"setup-app-name-header","$v":"‮Wɐıʅ‬"},{"$i":"setup-empty-account-message","$v":"‮ʎon‬ ‮ɐɹǝ‬ ‮uoʇ‬ ‮sǝʇ‬ ‮nd‬ ‮ʇo‬ ‮sǝup‬ ‮oɹ‬ ‮ɹǝɔǝıʌǝ‬ ‮ǝɯɐıʅ‬. ‮Sǝʇ‬ ‮nd‬ ‮ɐu‬ ‮ɐɔɔonuʇ‬ ‮ʇo‬ ‮ɔoɯdʅǝʇǝ‬ ‮ʇɥǝ‬ ‮ɐɔʇıou‬."},{"$i":"setup-pick-service","$v":"‮⊥o‬ ‮sǝup‬ ‮ɐup‬ ‮ɹǝɔǝıʌǝ‬ ‮ǝɯɐıʅ‬, ‮ʎon‬ ‮ʍıʅʅ‬ ‮uǝǝp‬ ‮ʇo‬ ‮sǝʇ‬ ‮nd‬ ‮ɐu‬ ‮ɐɔɔonuʇ‬."},{"$i":"setup-account-header3","$v":"‮Nǝʍ‬ ‮∀ɔɔonuʇ‬"},{"$i":"setup-account-enter-password","$v":"‮Ǝuʇǝɹ‬ ‮Ԁɐssʍoɹp‬ ‮ɟoɹ‬:"},{"$i":"setup-info-name","placeholder":"‮ʎonɹ‬ ‮uɐɯǝ‬"},{"$i":"setup-info-email","placeholder":"‮soɯǝouǝ‬@‮ǝxɐɯdʅǝ‬.‮ɔoɯ‬"},{"$i":"setup-info-password","placeholder":"‮Ԁɐssʍoɹp‬"},{"$i":"setup-info-next","$v":"‮Nǝxʇ‬"},{"$i":"setup-progress-wait-msg","$v":"‮Sǝʇʇıuƃ‬ ‮nd‬ ‮ɐɔɔonuʇ‬"},{"$i":"setup-completed-header","$v":"‮Wɐıʅ‬ ‮ɐɔɔonuʇ‬ ‮sǝʇnd‬"},{"$i":"setup-completed-label","$v":"‮∀ʅʅ‬ ‮pouǝ‬!"},{"$i":"setup-add-another-account","$v":"‮∀pp‬ ‮ɐuoʇɥǝɹ‬ ‮ɐɔɔonuʇ‬"},{"$i":"setup-show-mail","$v":"‮Ↄouʇıunǝ‬ ‮ʇo‬ ‮Wɐıʅ‬"},{"$i":"setup-error-offline","$v":"‮⊥ɥıs‬ ‮pǝʌıɔǝ‬ ‮ıs‬ ‮ɔnɹɹǝuʇʅʎ‬ ‮oɟɟʅıuǝ‬. ‮Ↄouuǝɔʇ‬ ‮ʇo‬ ‮ɐ‬ ‮uǝʇʍoɹʞ‬ ‮ɐup‬ ‮ʇɹʎ‬ ‮ɐƃɐıu‬."},{"$i":"setup-error-bad-user-or-pass2","$v":"‮Iuʌɐʅıp‬ ‮nsǝɹuɐɯǝ‬ ‮oɹ‬ ‮dɐssʍoɹp‬. ‮Ↄɥǝɔʞ‬ ‮ɟoɹ‬ ‮ʇʎdos‬."},{"$i":"setup-error-bad-address","$v":"‮Iuʌɐʅıp‬ ‮ǝ‬-‮ɯɐıʅ‬ ‮ɐppɹǝss‬. ‮Ↄɥǝɔʞ‬ ‮ɟoɹ‬ ‮ʇʎdos‬."},{"$i":"setup-error-not-authorized","$v":"‮⊥ɥǝ‬ ‮sǝɹʌǝɹ‬ ‮sɐıp‬ ‮ʎon‬’‮ɹǝ‬ ‮uoʇ‬ ‮ɐnʇɥoɹızǝp‬ ‮ʇo‬ ‮ɔɹǝɐʇǝ‬ ‮ɐu‬ ‮ɐɔɔonuʇ‬"},{"$i":"setup-error-pop-server-not-great","$v":"‮Sǝɹʌǝɹ‬ ‮nusnddoɹʇǝp‬. ‮⊥ɥǝ‬ ‮ԀOԀ‬3 ‮sǝɹʌǝɹ‬ ‮poǝs‬ ‮uoʇ‬ ‮ıɯdʅǝɯǝuʇ‬ ‮ɹǝbnıɹǝp‬ ‮ɟǝɐʇnɹǝs‬."},{"$i":"setup-error-unknown2","$v":"‮∀u‬ ‮nuʞuoʍu‬ ‮ǝɹɹoɹ‬ ‮oɔɔnɹɹǝp‬. ‮Ↄɥǝɔʞ‬ ‮ʎonɹ‬ ‮uǝʇʍoɹʞ‬ ‮ɔouuǝɔʇıou‬ ‮oɹ‬ ‮ʇɹʎ‬ ‮ʇɥǝ‬ ‮ɯɐunɐʅ‬ ‮ɔouɟıƃnɹɐʇıou‬ ‮odʇıou‬."},{"$i":"setup-error-needs-app-pass","$v":"‮ʎon‬ ‮ɯnsʇ‬ ‮nsǝ‬ ‮ɐu‬ ‮ɐddʅıɔɐʇıou‬ ‮sdǝɔıɟıɔ‬ ‮dɐssʍoɹp‬ ‮ɟoɹ‬ ‮ʇʍo‬-‮ɟɐɔʇoɹ‬ ‮פɯɐıʅ‬ ‮ɐɔɔonuʇs‬"},{"$i":"setup-error-imap-disabled","$v":"‮ʎon‬ ‮ɯnsʇ‬ ‮ǝuɐqʅǝ‬ ‮IW∀Ԁ‬ ‮ɟoɹ‬ ‮ʎonɹ‬ ‮פɯɐıʅ‬ ‮ɐɔɔonuʇ‬"},{"$i":"setup-error-pop3-disabled","$v":"‮ʎon‬ ‮ɯnsʇ‬ ‮ǝuɐqʅǝ‬ ‮ԀOԀ‬3 ‮ɟoɹ‬ ‮ʎonɹ‬ ‮פɯɐıʅ‬ ‮ɐɔɔonuʇ‬"},{"$i":"setup-error-bad-security","$v":["‮∩uɐqʅǝ‬ ‮ʇo‬ ‮ǝsʇɐqʅısɥ‬ ‮ɐ‬ ‮sǝɔnɹǝ‬ ‮ɔouuǝɔʇıou‬ ‮ʍıʇɥ‬ \"",{"t":"idOrVar","v":"server"},"\". ‮⊥ɥǝɹǝ‬ ‮ɯɐʎ‬ ‮qǝ‬ ‮ɐ‬ ‮dɹoqʅǝɯ‬ ‮ʍıʇɥ‬ ‮ʎonɹ‬ ‮uǝʇʍoɹʞ‬ ‮oɹ‬ ‮ʇɥǝ‬ ‮sǝɹʌǝɹ‬."]},{"$i":"setup-error-unresponsive-server","$v":["‮∩uɐqʅǝ‬ ‮ʇo‬ ‮ǝsʇɐqʅısɥ‬ ‮ɐ‬ ‮ɔouuǝɔʇıou‬ ‮ʍıʇɥ‬ \"",{"t":"idOrVar","v":"server"},"\". ‮⊥ɥǝɹǝ‬ ‮ɯɐʎ‬ ‮qǝ‬ ‮ɐ‬ ‮dɹoqʅǝɯ‬ ‮ʍıʇɥ‬ ‮ʇɥǝ‬ ‮uǝʇʍoɹʞ‬."]},{"$i":"setup-error-server-problem","$v":["‮⊥ɥǝɹǝ‬ ‮ıs‬ ‮ɐ‬ ‮dɹoqʅǝɯ‬ ‮ʍıʇɥ‬ ‮ʇɥǝ‬ ‮sǝɹʌǝɹ‬ \"",{"t":"idOrVar","v":"server"},"\". ‮⊥ɹʎ‬ ‮ɐƃɐıu‬ ‮ʅɐʇǝɹ‬."]},{"$i":"setup-error-no-config-info","$v":"‮∩uɐqʅǝ‬ ‮ʇo‬ ‮ɐnʇoɯɐʇıɔɐʅʅʎ‬ ‮ɔouɟıƃnɹǝ‬ ‮ʎonɹ‬ ‮ɐɔɔonuʇ‬. ‮Ↄoɹɹǝɔʇ‬ ‮ʎonɹ‬ ‮ǝ‬-‮ɯɐıʅ‬ ‮ɐppɹǝss‬ ‮oɹ‬ ‮ʇɹʎ‬ ‮ʇɥǝ‬ ‮ɯɐunɐʅ‬ ‮ɔouɟıƃnɹɐʇıou‬ ‮odʇıou‬."},{"$i":"setup-error-server-maintenance","$v":["‮⊥ɥǝ‬ ‮sǝɹʌǝɹ‬ \"",{"t":"idOrVar","v":"server"},"\" ‮ıs‬ ‮oɟɟʅıuǝ‬ ‮ɟoɹ‬ ‮ɯɐıuʇǝuɐuɔǝ‬. ‮⊥ɹʎ‬ ‮ɐƃɐıu‬ ‮ʅɐʇǝɹ‬."]},{"$i":"setup-error-account-already-exists","$v":"‮⊥ɥıs‬ ‮ɐɔɔonuʇ‬ ‮ıs‬ ‮ɐʅɹǝɐpʎ‬ ‮ɔouɟıƃnɹǝp‬."},{"$i":"setup-manual-config2","$v":"‮Wɐunɐʅ‬ ‮sǝʇnd‬"},{"$i":"setup-manual-config-header","$v":"‮Wɐunɐʅ‬ ‮Sǝʇnd‬"},{"$i":"setup-manual-account-type","$v":"‮∀ɔɔonuʇ‬ ‮ʇʎdǝ‬"},{"$i":"setup-manual-account-type-select","ariaLabel":"‮∀ɔɔonuʇ‬ ‮ʇʎdǝ‬"},{"$i":"setup-manual-imap-header","$v":"‮IW∀Ԁ‬ ‮sǝʇʇıuƃs‬"},{"$i":"setup-manual-pop3-header","$v":"‮ԀOԀ‬3 ‮sǝʇʇıuƃs‬"},{"$i":"setup-manual-smtp-header","$v":"‮SW⊥Ԁ‬ ‮sǝʇʇıuƃs‬"},{"$i":"setup-manual-activesync-header","$v":"‮∀ɔʇıʌǝSʎuɔ‬ ‮sǝʇʇıuƃs‬"},{"$i":"setup-manual-next","$v":"‮Nǝxʇ‬"},{"$i":"setup-manual-socket","$v":"‮Soɔʞǝʇ‬ ‮⊥ʎdǝ‬"},{"$i":"setup-manual-socket-ssl","$v":"‮SS˥‬"},{"$i":"setup-manual-socket-starttls","$v":"‮S⊥∀ᴚ⊥⊥˥S‬"},{"$i":"setup-manual-socket-select","ariaLabel":"‮Ↄouuǝɔʇıou‬ ‮sǝɔnɹıʇʎ‬"},{"$i":"setup-manual-socket-plain","$v":"‮∩uǝuɔɹʎdʇǝp‬ (‮ıusǝɔnɹǝ‬)"},{"$i":"setup-manual-hostname","placeholder":"‮Hosʇuɐɯǝ‬"},{"$i":"setup-manual-port","placeholder":"‮Ԁoɹʇ‬ ‮Nnɯqǝɹ‬"},{"$i":"setup-manual-username","placeholder":"‮∩sǝɹuɐɯǝ‬"},{"$i":"setup-manual-activesync-username","placeholder":"‮poɯɐıu‬\\‮∩sǝɹuɐɯǝ‬"},{"$i":"setup-bad-password-header","$v":"‮Ԑɐp‬ ‮dɐssʍoɹp‬!"},{"$i":"setup-bad-password","$v":"‮Ｍǝ‬ ‮ɔonʅp‬ ‮uoʇ‬ ‮sıƃu‬ ‮ıu‬ ‮ʇo‬ ‮ʇɥǝ‬ ‮sǝɹʌǝɹ‬. ‮Wɐʎqǝ‬ ‮ʎonɹ‬ ‮dɐssʍoɹp‬ ‮ıs‬ ‮ʍɹouƃ‬?"},{"$i":"setup-new-password","placeholder":"‮Nǝʍ‬ ‮dɐssʍoɹp‬"},{"$i":"setup-fix-password","$v":"‮ᴚǝʇɹʎ‬ ‮ʍıʇɥ‬ ‮uǝʍ‬ ‮dɐssʍoɹp‬"},{"$i":"setup-gmail-twofactor-header","$v":"‮⊥ʍo‬-‮ɟɐɔʇoɹ‬ ‮Ǝuɐqʅǝp‬"},{"$i":"setup-gmail-twofactor-message","$v":"‮ʎon‬ ‮uǝǝp‬ ‮ʇo‬ ‮ǝuʇǝɹ‬ ‮ɐu‬ ‮ɐddʅıɔɐʇıou‬-‮sdǝɔıɟıɔ‬ ‮dɐssʍoɹp‬ ‮qǝʅoʍ‬."},{"$i":"setup-gmail-twofactor-fix","$v":"‮∩sǝ‬ ‮ɐddʅıɔɐʇıou‬ ‮dɐssʍoɹp‬"},{"$i":"setup-gmail-imap-header","$v":"‮IW∀Ԁ‬ ‮pısɐqʅǝp‬"},{"$i":"setup-gmail-imap-message","$v":"‮ʎon‬ ‮ɯnsʇ‬ ‮ǝuɐqʅǝ‬ ‮IW∀Ԁ‬ ‮ou‬ ‮ʎonɹ‬ ‮פɯɐıʅ‬ ‮ɐɔɔonuʇ‬"},{"$i":"setup-gmail-imap-retry","$v":"‮ᴚǝʇɹʎ‬"},{"$i":"setup-gmail-pop3-header","$v":"‮ԀOԀ‬3 ‮pısɐqʅǝp‬"},{"$i":"setup-gmail-pop3-message","$v":"‮ʎon‬ ‮ɯnsʇ‬ ‮ǝuɐqʅǝ‬ ‮ԀOԀ‬3 ‮ou‬ ‮ʎonɹ‬ ‮פɯɐıʅ‬ ‮ɐɔɔonuʇ‬"},{"$i":"setup-gmail-pop3-retry","$v":"‮ᴚǝʇɹʎ‬"},{"$i":"setup-fix-oauth2-header","$v":"‮ᴚǝɐnʇɥoɹızǝ‬ ‮Ǝɯɐıʅ‬"},{"$i":"setup-fix-oauth2-description","$v":"‮Ǝɯɐıʅ‬ ‮uǝǝps‬ ‮ʇo‬ ‮qǝ‬ ‮ɹǝɐnʇɥoɹızǝp‬ ‮ʇo‬ ‮ɐɔɔǝss‬ ‮ʇɥǝ‬ ‮ɟoʅʅoʍıuƃ‬ ‮ɐɔɔonuʇ‬:"},{"$i":"setup-fix-oauth2-reauthorize","$v":"‮ᴚǝɐnʇɥoɹızǝ‬"},{"$i":"settings-main-header","$v":"‮Wɐıʅ‬ ‮Sǝʇʇıuƃs‬"},{"$i":"settings-sub-header-account","$v":"‮∀ɔɔonuʇ‬"},{"$i":"settings-account-group","ariaLabel":"‮∀ɔɔonuʇ‬"},{"$i":"settings-account-name","$v":"‮ʎonɹ‬ ‮uɐɯǝ‬"},{"$i":"settings-account-display-notifications","$v":"‮pısdʅɐʎ‬ ‮uoʇıɟıɔɐʇıous‬ ‮ɟoɹ‬ ‮uǝʍ‬ ‮ɯǝssɐƃǝs‬"},{"$i":"settings-account-play-sound-onsend","$v":"‮Ԁʅɐʎ‬ ‮sonup‬ ‮ɐɟʇǝɹ‬ ‮ɯǝssɐƃǝ‬ ‮ıs‬ ‮sǝuʇ‬"},{"$i":"settings-empty-signature-label","$v":"‮⊥ɐd‬ ‮ʇo‬ ‮Ǝpıʇ‬"},{"$i":"settings-account-signature-label","$v":"‮Sıƃuɐʇnɹǝ‬"},{"$i":"settings-account-signature-textbox","ariaLabel":"‮Sıƃuɐʇnɹǝ‬"},{"$i":"signature-save","$v":"‮Sɐʌǝ‬ ‮Sıƃuɐʇnɹǝ‬"},{"$i":"signature-discard-confirm","$v":"‮pısɔɐɹp‬"},{"$i":"settings-sub-header-data","$v":"‮pɐʇɐ‬"},{"$i":"settings-data-group","ariaLabel":"‮pɐʇɐ‬"},{"$i":"settings-account-check-mail","$v":"‮Ↄɥǝɔʞ‬ ‮ɟoɹ‬ ‮uǝʍ‬ ‮ɯǝssɐƃǝs‬"},{"$i":"settings-account-check-mail-select","ariaLabel":"‮Ↄɥǝɔʞ‬ ‮ɟoɹ‬ ‮uǝʍ‬ ‮ɯǝssɐƃǝs‬"},{"$i":"settings-sub-header-server","$v":"‮Sǝɹʌǝɹ‬ ‮sǝʇʇıuƃs‬"},{"$i":"settings-server-group","ariaLabel":"‮Sǝɹʌǝɹ‬ ‮sǝʇʇıuƃs‬"},{"$i":"settings-account-userpass","$v":"‮∩sǝɹuɐɯǝ‬ ‮ɐup‬ ‮dɐssʍoɹp‬"},{"$i":"settings-account-useroauth2","$v":"‮∩sǝɹuɐɯǝ‬"},{"$i":"settings-default-signature-2","$v":"‮Sǝuʇ‬ ‮∩sıuƃ‬ ‮ɟıɹǝɟox‬ ‮OS‬"},{"$i":"settings-done","$v":"‮pouǝ‬"},{"$i":"settings-account-section","$v":"‮∀ɔɔonuʇs‬"},{"$i":"settings-account-listbox","ariaLabel":"‮∀ɔɔonuʇs‬"},{"$i":"settings-account-add","$v":"‮∀pp‬ ‮∀ɔɔonuʇ‬"},{"$i":"settings-account-delete","$v":"‮pǝʅǝʇǝ‬ ‮ɐɔɔonuʇ‬"},{"$i":"settings-account-delete-prompt","$v":["‮∀ɹǝ‬ ‮ʎon‬ ‮snɹǝ‬ ‮ʎon‬ ‮ʍɐuʇ‬ ‮ʇo‬ ‮pǝʅǝʇǝ‬ ‮ʎonɹ‬ ",{"t":"idOrVar","v":"account"}," ‮ɯɐıʅ‬ ‮ɐɔɔonuʇ‬? ‮ʎon‬ ‮ʍıʅʅ‬ ‮ɥɐʌǝ‬ ‮ʇo‬ ‮ɹǝ‬-‮poʍuʅoɐp‬ ‮ʎonɹ‬ ‮ɯɐıʅ‬ ‮ıɟ‬ ‮ʎon‬ ‮ɹǝ‬-‮ɔɹǝɐʇǝ‬ ‮ʇɥǝ‬ ‮ɐɔɔonuʇ‬."]},{"$i":"settings-account-delete-cancel","$v":"‮Ↄɐuɔǝʅ‬"},{"$i":"settings-account-delete-confirm","$v":"‮pǝʅǝʇǝ‬"},{"$i":"settings-account-clarify-imap","$v":[{"t":"idOrVar","v":"account-name"}," (‮IW∀Ԁ‬)"]},{"$i":"settings-account-clarify-pop3","$v":[{"t":"idOrVar","v":"account-name"}," (‮ԀOԀ‬3)"]},{"$i":"settings-account-clarify-smtp","$v":[{"t":"idOrVar","v":"account-name"}," (‮SW⊥Ԁ‬)"]},{"$i":"settings-general-section","$v":"‮פǝuǝɹɐʅ‬ ‮sǝʇʇıuƃs‬"},{"$i":"settings-show-images","$v":"‮∀ʅʍɐʎs‬ ‮sɥoʍ‬ ‮ıɯɐƃǝs‬"},{"$i":"settings-download-attachments","$v":"‮poʍuʅoɐp‬ ‮ɐʇʇɐɔɥɯǝuʇs‬"},{"$i":"settings-check-every-5min","$v":"‮Ǝʌǝɹʎ‬ 5 ‮ɯıunʇǝs‬"},{"$i":"settings-check-every-10min","$v":"‮Ǝʌǝɹʎ‬ 10 ‮ɯıunʇǝs‬"},{"$i":"settings-check-every-15min","$v":"‮Ǝʌǝɹʎ‬ 15 ‮ɯıunʇǝs‬"},{"$i":"settings-check-every-30min","$v":"‮Ǝʌǝɹʎ‬ 30 ‮ɯıunʇǝs‬"},{"$i":"settings-check-every-60min","$v":"‮Ǝʌǝɹʎ‬ ‮ɥonɹ‬"},{"$i":"settings-check-every-manual","$v":"‮Wɐunɐʅʅʎ‬"},{"$i":"settings-check-dynamic","$v":{"zero":"‮pısɐqʅǝp‬","one":[{"t":"idOrVar","v":"n"}," ‮sǝɔoup‬"],"two":[{"t":"idOrVar","v":"n"}," ‮sǝɔoups‬"],"few":[{"t":"idOrVar","v":"n"}," ‮sǝɔoups‬"],"many":[{"t":"idOrVar","v":"n"}," ‮sǝɔoups‬"],"other":[{"t":"idOrVar","v":"n"}," ‮sǝɔoups‬"]},"$x":[{"t":"idOrVar","v":"plural"},"n"]},{"$i":"settings-default-account","$v":"‮Sǝʇ‬ ‮ɐs‬ ‮pǝɟɐnʅʇ‬ ‮ǝɯɐıʅ‬"},{"$i":"settings-account-type","$v":"‮∀ɔɔonuʇ‬ ‮ʇʎdǝ‬"},{"$i":"settings-account-credentials","$v":"‮Ↄɹǝpǝuʇıɐʅs‬"},{"$i":"settings-activesync-label","$v":"‮∀ɔʇıʌǝSʎuɔ‬ ‮sǝʇʇıuƃs‬"},{"$i":"settings-imap-label","$v":"‮IW∀Ԁ‬ ‮sǝʇʇıuƃs‬"},{"$i":"settings-pop3-label","$v":"‮ԀOԀ‬3 ‮sǝʇʇıuƃs‬"},{"$i":"settings-smtp-label","$v":"‮SW⊥Ԁ‬ ‮sǝʇʇıuƃs‬"},{"$i":"settings-hostname","$v":"‮Hosʇuɐɯǝ‬"},{"$i":"settings-port","$v":"‮Ԁoɹʇ‬"},{"$i":"settings-username","$v":"‮∩sǝɹuɐɯǝ‬"},{"$i":"settings-password","$v":"‮Ԁɐssʍoɹp‬"},{"$i":"settings-save","$v":"‮Sɐʌǝ‬"},{"$i":"settings-password-empty","$v":"‮Ԁɐssʍoɹp‬ ‮ɟıǝʅp‬ ‮sɥonʅp‬ ‮uoʇ‬ ‮qǝ‬ ‮ǝɯdʇʎ‬"},{"$i":"settings-reauth","$v":"‮ᴚǝɐnʇɥoɹızǝ‬"},{"$i":"settings-account-synchronize-window","$v":"‮pɐʎs‬ ‮ʇo‬ ‮sʎuɔ‬"},{"$i":"settings-account-synchronize-window-select","ariaLabel":"‮pɐʎs‬ ‮ʇo‬ ‮sʎuɔ‬"},{"$i":"settings-synchronize-auto","$v":"‮∀nʇoɯɐʇıɔ‬"},{"$i":"settings-synchronize-one-day","$v":"1 ‮pɐʎ‬"},{"$i":"settings-synchronize-three-days","$v":"3 ‮pɐʎs‬"},{"$i":"settings-synchronize-one-week","$v":"1 ‮ʍǝǝʞ‬"},{"$i":"settings-synchronize-two-weeks","$v":"2 ‮ʍǝǝʞs‬"},{"$i":"settings-synchronize-one-month","$v":"1 ‮ɯouʇɥ‬"},{"$i":"settings-synchronize-all","$v":"‮∀ʅʅ‬ ‮ɯǝssɐƃǝs‬"},{"$i":"envelope-from","$v":"‮ɟɹoɯ‬"},{"$i":"envelope-to","$v":"‮⊥o‬"},{"$i":"envelope-cc","$v":"‮Ↄɔ‬"},{"$i":"envelope-bcc","$v":"‮Ԑɔɔ‬"},{"$i":"message-header-state-sending","ariaLabel":"‮Sǝupıuƃ‬"},{"$i":"message-header-state-error","ariaLabel":"‮Ǝɹɹoɹ‬ ‮sǝupıuƃ‬"},{"$i":"message-header-unread","ariaLabel":"‮∩uɹǝɐp‬"},{"$i":"message-header-starred","ariaLabel":"‮Hɐs‬ ‮sʇɐɹ‬"},{"$i":"message-header-attachments","ariaLabel":"‮Hɐs‬ ‮ɐʇʇɐɔɥɯǝuʇs‬"},{"$i":"message-body-container","ariaLabel":"‮Wǝssɐƃǝ‬ ‮qopʎ‬"},{"$i":"message-body-container-progress","ariaValueText":"‮˥oɐpıuƃ‬"},{"$i":"subject","ariaLabel":"‮Snqɾǝɔʇ‬"},{"$i":"message-delete-button","ariaLabel":"‮pǝʅǝʇǝ‬"},{"$i":"message-star-button","ariaLabel":"‮∀pp‬ ‮sʇɐɹ‬"},{"$i":"message-unstar-button","ariaLabel":"‮ᴚǝɯoʌǝ‬ ‮sʇɐɹ‬"},{"$i":"message-mark-read-button","ariaLabel":"‮Wɐɹʞ‬ ‮ɹǝɐp‬"},{"$i":"message-mark-unread-button","ariaLabel":"‮Wɐɹʞ‬ ‮nuɹǝɐp‬"},{"$i":"message-move-button","ariaLabel":"‮Woʌǝ‬"},{"$i":"message-reply-forward-button","ariaLabel":"‮ᴚǝdʅʎ‬ ‮oɹ‬ ‮ɟoɹʍɐɹp‬"},{"$i":"download-button","ariaLabel":"‮poʍuʅoɐp‬"},{"$i":"downloading-progress","ariaValueText":"‮poʍuʅoɐpıuƃ‬"},{"$i":"view-button","ariaLabel":"‮Ʌıǝʍ‬"},{"$i":"attachments-container","ariaLabel":"‮∀ʇʇɐɔɥɯǝuʇs‬"},{"$i":"from-group","ariaLabel":"‮ɟɹoɯ‬"},{"$i":"to-group","ariaLabel":"‮⊥o‬"},{"$i":"cc-group","ariaLabel":"‮ɔɔ‬"},{"$i":"bcc-group","ariaLabel":"‮qɔɔ‬"},{"$i":"compose-header","$v":"‮Ↄoɯdosǝ‬ ‮ɯǝssɐƃǝ‬"},{"$i":"compose-header-short","$v":"‮Ↄoɯdosǝ‬"},{"$i":"compose-send","$v":"‮Sǝup‬"},{"$i":"compose-send-button","ariaLabel":"‮Sǝup‬"},{"$i":"compose-to","$v":"‮⊥o‬"},{"$i":"compose-cc","$v":"‮ɔɔ‬"},{"$i":"compose-bcc","$v":"‮qɔɔ‬"},{"$i":"compose-autocomplete-match","ariaLabel":{"$v":[{"t":"idOrVar","v":"name"}," ",{"t":"idOrVar","v":"address"}]}},{"$i":"compose-contact-add-recipient","ariaLabel":"‮∀pp‬ ‮ɹǝɔıdıǝuʇ‬"},{"$i":"compose-attachments-container","ariaLabel":{"$v":{"zero":"‮∀ʇʇɐɔɥɯǝuʇs‬","one":["‮∀ʇʇɐɔɥɯǝuʇs‬: ",{"t":"idOrVar","v":"kilobytes"},"‮Ӽ‬"],"two":["‮∀ʇʇɐɔɥɯǝuʇs‬: ",{"t":"idOrVar","v":"kilobytes"},"‮Ӽ‬"],"few":["‮∀ʇʇɐɔɥɯǝuʇs‬: ",{"t":"idOrVar","v":"kilobytes"},"‮Ӽ‬"],"many":["‮∀ʇʇɐɔɥɯǝuʇs‬: ",{"t":"idOrVar","v":"kilobytes"},"‮Ӽ‬"],"other":["‮∀ʇʇɐɔɥɯǝuʇs‬: ",{"t":"idOrVar","v":"kilobytes"},"‮Ӽ‬"]},"$x":[{"t":"idOrVar","v":"plural"},"kilobytes"]}},{"$i":"compose-attachment-remove","ariaLabel":"‮ᴚǝɯoʌǝ‬"},{"$i":"compose-attachment-button","ariaLabel":"‮∀ʇʇɐɔɥ‬"},{"$i":"compose-attachments","$v":{"zero":"‮∀ʇʇɐɔɥɯǝuʇs‬","one":[{"t":"idOrVar","v":"n"}," ‮ɐʇʇɐɔɥɯǝuʇ‬"],"two":[{"t":"idOrVar","v":"n"}," ‮ɐʇʇɐɔɥɯǝuʇs‬"],"few":[{"t":"idOrVar","v":"n"}," ‮ɐʇʇɐɔɥɯǝuʇs‬"],"many":[{"t":"idOrVar","v":"n"}," ‮ɐʇʇɐɔɥɯǝuʇs‬"],"other":[{"t":"idOrVar","v":"n"}," ‮ɐʇʇɐɔɥɯǝuʇs‬"]},"$x":[{"t":"idOrVar","v":"plural"},"n"]},{"$i":"compose-text","ariaLabel":"‮Ǝpıʇ‬"},{"$i":"compose-attachment-still-working","$v":"‮Ouǝ‬ ‮ɯoɯǝuʇ‬, ‮sʇıʅʅ‬ ‮ʍoɹʞıuƃ‬ ‮ou‬ ‮ʇɥǝ‬ ‮dɹǝʌıons‬ ‮ɐʇʇɐɔɥɯǝuʇ‬..."},{"$i":"compose-subject","$v":"‮Snqɾǝɔʇ‬"},{"$i":"compose-draft-save","$v":"‮Sɐʌǝ‬ ‮ʇo‬ ‮˥oɔɐʅ‬ ‮pɹɐɟʇs‬"},{"$i":"compose-delete-confirm","$v":"‮pǝʅǝʇǝ‬ ‮ʇɥǝ‬ ‮pɹɐɟʇ‬"},{"$i":"compose-send-message-failed","$v":"‮Sǝupıuƃ‬ ‮ǝɯɐıʅ‬ ‮ɟɐıʅǝp‬"},{"$i":"composer-attachment-large","$v":"‮∀ʇʇɐɔɥɯǝuʇ‬ ‮ʇoo‬ ‮ʅɐɹƃǝ‬"},{"$i":"composer-attachments-large","$v":"‮∀ʇʇɐɔɥɯǝuʇs‬ ‮ʇoo‬ ‮ʅɐɹƃǝ‬"},{"$i":"compose-attchment-size-exceeded","$v":"‮⊥ɥǝ‬ ‮sǝʅǝɔʇǝp‬ ‮ɐʇʇɐɔɥɯǝuʇ‬ ‮ıs‬ ‮ʇoo‬ ‮ʅɐɹƃǝ‬ ‮ʇo‬ ‮sǝup‬ ‮ʍıʇɥ‬ ‮ʇɥıs‬ ‮ɯǝssɐƃǝ‬."},{"$i":"compose-attchments-size-exceeded","$v":"‮⊥ɥǝ‬ ‮sǝʅǝɔʇǝp‬ ‮ɐʇʇɐɔɥɯǝuʇs‬ ‮ɐɹǝ‬ ‮ʇoo‬ ‮ʅɐɹƃǝ‬ ‮ʇo‬ ‮sǝup‬ ‮ʍıʇɥ‬ ‮ʇɥıs‬ ‮ɯǝssɐƃǝ‬. ‮⊥ɹʎ‬ ‮sǝʅǝɔʇıuƃ‬ ‮ɟǝʍǝɹ‬ ‮ɟıʅǝs‬."},{"$i":"dialog-button-ok","$v":"‮OӼ‬"},{"$i":"default-attachment-filename","$v":["‮ɐʇʇɐɔɥɯǝuʇ‬",{"t":"idOrVar","v":"n"}]},{"$i":"attachment-size-kib","$v":[{"t":"idOrVar","v":"kilobytes"},"‮Ӽ‬"]},{"$i":"message-attachment-view","$v":"‮Ʌıǝʍ‬"},{"$i":"message-attachment-did-not-open-label","$v":"‮∩uɐqʅǝ‬ ‮ʇo‬ ‮odǝu‬"},{"$i":"message-attachment-did-not-open-body","$v":"‮⊥ɥǝ‬ ‮pǝʌıɔǝ‬ ‮poǝs‬ ‮uoʇ‬ ‮ɥɐʌǝ‬ ‮ɐu‬ ‮ɐdd‬ ‮ʇɥɐʇ‬ ‮ɔɐu‬ ‮odǝu‬ ‮ʇɥǝ‬ ‮ɐʇʇɐɔɥɯǝuʇ‬."},{"$i":"message-attachment-too-large","$v":"‮⊥ɥıs‬ ‮ɟıʅǝ‬ ‮ıs‬ ‮ʇoo‬ ‮ʅɐɹƃǝ‬ ‮ʇo‬ ‮poʍuʅoɐp‬."},{"$i":"message-no-subject","$v":"(‮uo‬ ‮snqɾǝɔʇ‬)"},{"$i":"message-edit-menu-edit","$v":"‮Ǝpıʇ‬"},{"$i":"message-edit-menu-delete","$v":"‮pǝʅǝʇǝ‬"},{"$i":"message-edit-delete-confirm","$v":"‮pǝʅǝʇǝ‬ ‮ǝɯɐıʅ‬ ‮ɯǝssɐƃǝ‬?"},{"$i":"message-send-attachment-disabled-confirm","$v":"‮∀ʇʇɐɔɥɯǝuʇs‬ ‮ɔɐu‬ ‮uoʇ‬ ‮qǝ‬ ‮ɟoɹʍɐɹpǝp‬."},{"$i":"message-multiedit-header","$v":{"zero":"‮Ǝpıʇ‬","one":[{"t":"idOrVar","v":"n"}," ‮sǝʅǝɔʇǝp‬"],"two":[{"t":"idOrVar","v":"n"}," ‮sǝʅǝɔʇǝp‬"],"few":[{"t":"idOrVar","v":"n"}," ‮sǝʅǝɔʇǝp‬"],"many":[{"t":"idOrVar","v":"n"}," ‮sǝʅǝɔʇǝp‬"],"other":[{"t":"idOrVar","v":"n"}," ‮sǝʅǝɔʇǝp‬"]},"$x":[{"t":"idOrVar","v":"plural"},"n"]},{"$i":"browse-to-url-prompt","$v":["‮Ԑɹoʍsǝ‬ ‮ʇo‬ ‮∩ᴚ˥‬?: ",{"t":"idOrVar","v":"url"}]},{"$i":"message-download-images-tap","$v":{"one":"‮⊥ɥıs‬ ‮ǝɯɐıʅ‬ ‮ɔouʇɐıus‬ ‮ouǝ‬ ‮ıɯɐƃǝ‬. ‮⊥ɐd‬ ‮ʇo‬ ‮poʍuʅoɐp‬.","two":["‮⊥ɥıs‬ ‮ǝɯɐıʅ‬ ‮ɔouʇɐıus‬ ",{"t":"idOrVar","v":"n"}," ‮ıɯɐƃǝs‬. ‮⊥ɐd‬ ‮ʇo‬ ‮poʍuʅoɐp‬."],"few":["‮⊥ɥıs‬ ‮ǝɯɐıʅ‬ ‮ɔouʇɐıus‬ ",{"t":"idOrVar","v":"n"}," ‮ıɯɐƃǝs‬. ‮⊥ɐd‬ ‮ʇo‬ ‮poʍuʅoɐp‬."],"many":["‮⊥ɥıs‬ ‮ǝɯɐıʅ‬ ‮ɔouʇɐıus‬ ",{"t":"idOrVar","v":"n"}," ‮ıɯɐƃǝs‬. ‮⊥ɐd‬ ‮ʇo‬ ‮poʍuʅoɐp‬."],"other":["‮⊥ɥıs‬ ‮ǝɯɐıʅ‬ ‮ɔouʇɐıus‬ ",{"t":"idOrVar","v":"n"}," ‮ıɯɐƃǝs‬. ‮⊥ɐd‬ ‮ʇo‬ ‮poʍuʅoɐp‬."]},"$x":[{"t":"idOrVar","v":"plural"},"n"]},{"$i":"message-show-external-images","$v":"‮Sɥoʍ‬ ‮ǝxʇǝɹuɐʅ‬ ‮ıɯɐƃǝs‬"},{"$i":"message-multiedit-cancel","$v":"‮Ↄɐuɔǝʅ‬"},{"$i":"message-multiedit-delete-confirm","$v":{"one":"‮pǝʅǝʇǝ‬ ‮ʇɥıs‬ ‮ǝɯɐıʅ‬ ‮ɯǝssɐƃǝ‬?","two":["‮pǝʅǝʇǝ‬ ",{"t":"idOrVar","v":"n"}," ‮ǝɯɐıʅ‬ ‮ɯǝssɐƃǝs‬?"],"few":["‮pǝʅǝʇǝ‬ ",{"t":"idOrVar","v":"n"}," ‮ǝɯɐıʅ‬ ‮ɯǝssɐƃǝs‬?"],"many":["‮pǝʅǝʇǝ‬ ",{"t":"idOrVar","v":"n"}," ‮ǝɯɐıʅ‬ ‮ɯǝssɐƃǝs‬?"],"other":["‮pǝʅǝʇǝ‬ ",{"t":"idOrVar","v":"n"}," ‮ǝɯɐıʅ‬ ‮ɯǝssɐƃǝs‬?"]},"$x":[{"t":"idOrVar","v":"plural"},"n"]},{"$i":"message-large-message-cancel","$v":"‮Ↄɐuɔǝʅ‬"},{"$i":"message-large-message-ok","$v":"‮Ↄouʇıunǝ‬"},{"$i":"message-large-message-confirm","$v":"‮⊥ɥıs‬ ‮ɯǝssɐƃǝ‬ ‮ıs‬ ‮ʅɐɹƃǝ‬ ‮ɐup‬ ‮ɯɐʎ‬ ‮ʇɐʞǝ‬ ‮soɯǝ‬ ‮ʇıɯǝ‬ ‮ʇo‬ ‮poʍuʅoɐp‬."},{"$i":"message-search-from","$v":"‮ɟɹoɯ‬"},{"$i":"message-search-to","$v":"‮⊥o‬"},{"$i":"message-search-subject","$v":"‮Snqɾǝɔʇ‬"},{"$i":"message-search-body","$v":"‮Ԑopʎ‬"},{"$i":"message-search-all","$v":"‮∀ʅʅ‬"},{"$i":"message-search-input","placeholder":"‮Sǝɐɹɔɥ‬ ‮Wɐıʅ‬"},{"$i":"message-search-cancel","$v":"‮Ↄɐuɔǝʅ‬"},{"$i":"messages-syncing","$v":"‮˥oɐpıuƃ‬ ‮Wǝssɐƃǝs‬"},{"$i":"messages-syncing-progressbar","ariaValueText":"‮˥oɐpıuƃ‬ ‮Wǝssɐƃǝs‬"},{"$i":"messages-load-more","$v":"‮˥oɐp‬ ‮Woɹǝ‬ ‮Wǝssɐƃǝs‬"},{"$i":"messages-folder-empty","$v":"‮No‬ ‮ɯɐıʅ‬ ‮ıu‬ ‮ʇɥıs‬ ‮ɟoʅpǝɹ‬"},{"$i":"messages-search-empty","$v":"‮No‬ ‮ɯɐʇɔɥǝs‬ ‮ıu‬ ‮ʅoɔɐʅʅʎ‬ ‮ɔɐɔɥǝp‬ ‮ɯǝssɐƃǝs‬"},{"$i":"messages-folder-select","$v":"‮Sǝʅǝɔʇ‬ ‮ɟoʅpǝɹ‬"},{"$i":"messages-folder-unread-max","$v":"999+"},{"$i":"message-contact-menu-create","$v":"‮Sɐʌǝ‬ ‮uǝʍ‬ ‮ɔouʇɐɔʇ‬"},{"$i":"message-contact-menu-add-existing","$v":"‮∀pp‬ ‮ʇo‬ ‮ǝxısʇıuƃ‬ ‮ɔouʇɐɔʇ‬"},{"$i":"message-contact-menu-view","$v":"‮Ʌıǝʍ‬ ‮ɔouʇɐɔʇ‬"},{"$i":"message-contact-menu-reply","$v":"‮ᴚǝdʅʎ‬"},{"$i":"message-contact-menu-new","$v":"‮Sǝup‬ ‮uǝʍ‬ ‮ɯɐıʅ‬"},{"$i":"message-reply-menu-reply","$v":"‮ᴚǝdʅʎ‬"},{"$i":"message-reply-menu-reply-all","$v":"‮ᴚǝdʅʎ‬ ‮∀ʅʅ‬"},{"$i":"message-reply-menu-forward","$v":"‮ɟoɹʍɐɹp‬"},{"$i":"message-reply-menu-cancel","$v":"‮Ↄɐuɔǝʅ‬"},{"$i":"reply-quoting-wrote","$v":"{name} ‮ʍɹoʇǝ‬"},{"$i":"forward-original-message","$v":"‮Oɹıƃıuɐʅ‬ ‮ɯǝssɐƃǝ‬"},{"$i":"forward-header-subject","$v":"‮Snqɾǝɔʇ‬"},{"$i":"forward-header-date","$v":"‮pɐʇǝ‬"},{"$i":"forward-header-from","$v":"‮ɟɹoɯ‬"},{"$i":"forward-header-reply-to","$v":"‮ᴚǝdʅʎ‬-‮⊥o‬"},{"$i":"forward-header-to","$v":"‮⊥o‬"},{"$i":"forward-header-cc","$v":"‮Ↄɔ‬"},{"$i":"folder-inbox","$v":"‮Iuqox‬"},{"$i":"folder-sent","$v":"‮Sǝuʇ‬"},{"$i":"folder-drafts","$v":"‮pɹɐɟʇs‬"},{"$i":"folder-trash","$v":"‮⊥ɹɐsɥ‬"},{"$i":"folder-queue","$v":"‮∩usǝuʇ‬"},{"$i":"folder-junk","$v":"‮ſnuʞ‬"},{"$i":"folder-archives","$v":"‮∀ɹɔɥıʌǝs‬"},{"$i":"folder-localdrafts","$v":"‮˥oɔɐʅ‬ ‮pɹɐɟʇs‬"},{"$i":"folder-outbox","$v":"‮Onʇqox‬"},{"$i":"drawer-back","$v":"‮Ԑɐɔʞ‬"},{"$i":"drawer-accounts-header","$v":"‮∀ɔɔonuʇs‬"},{"$i":"drawer-settings-link","$v":"‮Sǝʇʇıuƃs‬"},{"$i":"folder-last-synced-label","$v":"‮˥ɐsʇ‬ ‮sʎuɔ‬:"},{"$i":"messages-refresh-button","ariaLabel":"‮ᴚǝɟɹǝsɥ‬"},{"$i":"messages-refresh-progress","ariaValueText":"‮ᴚǝɟɹǝsɥıuƃ‬"},{"$i":"edit-button","ariaLabel":"‮Ǝpıʇ‬"},{"$i":"message-list-top-action","$v":"‮⊥od‬"},{"$i":"message-list-menu","ariaLabel":"‮ɟoʅpǝɹs‬ ‮ɐup‬ ‮sǝʇʇıuƃs‬"},{"$i":"message-list-compose","ariaLabel":"‮Ↄoɯdosǝ‬"},{"$i":"toaster-undo","$v":"‮∩upo‬"},{"$i":"toaster-message-star","$v":{"one":"1 ‮ɯǝssɐƃǝ‬ ‮ɟʅɐƃ‬ ‮sǝʇ‬","two":[{"t":"idOrVar","v":"n"}," ‮ɯǝssɐƃǝ‬ ‮ɟʅɐƃs‬ ‮sǝʇ‬"],"few":[{"t":"idOrVar","v":"n"}," ‮ɯǝssɐƃǝ‬ ‮ɟʅɐƃs‬ ‮sǝʇ‬"],"many":[{"t":"idOrVar","v":"n"}," ‮ɯǝssɐƃǝ‬ ‮ɟʅɐƃs‬ ‮sǝʇ‬"],"other":[{"t":"idOrVar","v":"n"}," ‮ɯǝssɐƃǝ‬ ‮ɟʅɐƃs‬ ‮sǝʇ‬"]},"$x":[{"t":"idOrVar","v":"plural"},"n"]},{"$i":"toaster-message-unstar","$v":{"one":"1 ‮ɯǝssɐƃǝ‬ ‮ɟʅɐƃ‬ ‮ɹǝɯoʌǝp‬","two":[{"t":"idOrVar","v":"n"}," ‮ɯǝssɐƃǝ‬ ‮ɟʅɐƃs‬ ‮ɹǝɯoʌǝp‬"],"few":[{"t":"idOrVar","v":"n"}," ‮ɯǝssɐƃǝ‬ ‮ɟʅɐƃs‬ ‮ɹǝɯoʌǝp‬"],"many":[{"t":"idOrVar","v":"n"}," ‮ɯǝssɐƃǝ‬ ‮ɟʅɐƃs‬ ‮ɹǝɯoʌǝp‬"],"other":[{"t":"idOrVar","v":"n"}," ‮ɯǝssɐƃǝ‬ ‮ɟʅɐƃs‬ ‮ɹǝɯoʌǝp‬"]},"$x":[{"t":"idOrVar","v":"plural"},"n"]},{"$i":"toaster-message-read","$v":{"one":"1 ‮ɯǝssɐƃǝ‬ ‮ɯɐɹʞǝp‬ ‮ɐs‬ ‮ɹǝɐp‬","two":[{"t":"idOrVar","v":"n"}," ‮ɯǝssɐƃǝs‬ ‮ɯɐɹʞǝp‬ ‮ɐs‬ ‮ɹǝɐp‬"],"few":[{"t":"idOrVar","v":"n"}," ‮ɯǝssɐƃǝs‬ ‮ɯɐɹʞǝp‬ ‮ɐs‬ ‮ɹǝɐp‬"],"many":[{"t":"idOrVar","v":"n"}," ‮ɯǝssɐƃǝs‬ ‮ɯɐɹʞǝp‬ ‮ɐs‬ ‮ɹǝɐp‬"],"other":[{"t":"idOrVar","v":"n"}," ‮ɯǝssɐƃǝs‬ ‮ɯɐɹʞǝp‬ ‮ɐs‬ ‮ɹǝɐp‬"]},"$x":[{"t":"idOrVar","v":"plural"},"n"]},{"$i":"toaster-message-unread","$v":{"one":"1 ‮ɯǝssɐƃǝ‬ ‮ɯɐɹʞǝp‬ ‮ɐs‬ ‮nuɹǝɐp‬","two":[{"t":"idOrVar","v":"n"}," ‮ɯǝssɐƃǝs‬ ‮ɯɐɹʞǝp‬ ‮ɐs‬ ‮nuɹǝɐp‬"],"few":[{"t":"idOrVar","v":"n"}," ‮ɯǝssɐƃǝs‬ ‮ɯɐɹʞǝp‬ ‮ɐs‬ ‮nuɹǝɐp‬"],"many":[{"t":"idOrVar","v":"n"}," ‮ɯǝssɐƃǝs‬ ‮ɯɐɹʞǝp‬ ‮ɐs‬ ‮nuɹǝɐp‬"],"other":[{"t":"idOrVar","v":"n"}," ‮ɯǝssɐƃǝs‬ ‮ɯɐɹʞǝp‬ ‮ɐs‬ ‮nuɹǝɐp‬"]},"$x":[{"t":"idOrVar","v":"plural"},"n"]},{"$i":"toaster-message-move","$v":{"one":"1 ‮ɯǝssɐƃǝ‬ ‮ɯoʌǝp‬","two":[{"t":"idOrVar","v":"n"}," ‮ɯǝssɐƃǝs‬ ‮ɯoʌǝp‬"],"few":[{"t":"idOrVar","v":"n"}," ‮ɯǝssɐƃǝs‬ ‮ɯoʌǝp‬"],"many":[{"t":"idOrVar","v":"n"}," ‮ɯǝssɐƃǝs‬ ‮ɯoʌǝp‬"],"other":[{"t":"idOrVar","v":"n"}," ‮ɯǝssɐƃǝs‬ ‮ɯoʌǝp‬"]},"$x":[{"t":"idOrVar","v":"plural"},"n"]},{"$i":"toaster-message-delete","$v":{"one":"1 ‮ɯǝssɐƃǝ‬ ‮pǝʅǝʇǝp‬","two":[{"t":"idOrVar","v":"n"}," ‮ɯǝssɐƃǝs‬ ‮pǝʅǝʇǝp‬"],"few":[{"t":"idOrVar","v":"n"}," ‮ɯǝssɐƃǝs‬ ‮pǝʅǝʇǝp‬"],"many":[{"t":"idOrVar","v":"n"}," ‮ɯǝssɐƃǝs‬ ‮pǝʅǝʇǝp‬"],"other":[{"t":"idOrVar","v":"n"}," ‮ɯǝssɐƃǝs‬ ‮pǝʅǝʇǝp‬"]},"$x":[{"t":"idOrVar","v":"plural"},"n"]},{"$i":"toaster-retryable-syncfailed","$v":"‮∩uɐqʅǝ‬ ‮ʇo‬ ‮ɔouuǝɔʇ‬ ‮ʇo‬ ‮sǝɹʌǝɹ‬"},{"$i":"compose-invalid-addresses-title","$v":"‮Iuʌɐʅıp‬ ‮∀ppɹǝssǝs‬"},{"$i":"compose-invalid-addresses-description","$v":"‮ʎonɹ‬ ‮ɯǝssɐƃǝ‬ ‮ɔouʇɐıus‬ ‮ouǝ‬ ‮oɹ‬ ‮ɯoɹǝ‬ ‮ıuʌɐʅıp‬ ‮ǝɯɐıʅ‬ ‮ɐppɹǝssǝs‬. ‮Ԁʅǝɐsǝ‬ ‮ɔoɹɹǝɔʇ‬ ‮ʇɥǝɯ‬ ‮qǝɟoɹǝ‬ ‮sǝupıuƃ‬."},{"$i":"background-send-pending","$v":"‮Nǝʇʍoɹʞ‬ ‮nuɐʌɐıʅɐqʅǝ‬. ‮Ǝɯɐıʅ‬ ‮sɐʌǝp‬ ‮ʇo‬ ‮onʇqox‬."},{"$i":"background-send-sending","$v":"‮Sǝupıuƃ‬ ‮ɯɐıʅ‬…"},{"$i":"background-send-success","$v":"‮Ǝɯɐıʅ‬ ‮sǝuʇ‬."},{"$i":"background-send-error","$v":"‮Ǝɹɹoɹ‬ ‮oɔɔnɹɹǝp‬. ‮Ǝɯɐıʅ‬ ‮sɐʌǝp‬ ‮ʇo‬ ‮onʇqox‬."},{"$i":"background-send-error-recipients","$v":"‮ᴚǝɔıdıǝuʇ‬ ‮ǝɹɹoɹ‬. ‮Ǝɯɐıʅ‬ ‮sɐʌǝp‬ ‮ʇo‬ ‮onʇqox‬."},{"$i":"background-send-error-title","$v":"‮Wɐıʅ‬ ‮ɟɐıʅǝp‬ ‮ʇo‬ ‮sǝup‬"},{"$i":"send-failure-recipients","$v":"‮Ↄɥǝɔʞ‬ ‮ʇɥǝ‬ ‮sdǝʅʅıuƃ‬ ‮oɟ‬ ‮ʇɥǝ‬ ‮ɐppɹǝssǝs‬ ‮ɐqoʌǝ‬. ‮ʎonɹ‬ ‮ɯɐıʅ‬ ‮sǝɹʌǝɹ‬ ‮ıupıɔɐʇǝp‬ ‮ouǝ‬ ‮oɹ‬ ‮ɯoɹǝ‬ ‮oɟ‬ ‮ʇɥǝ‬ ‮ɐppɹǝssǝs‬ ‮ɐqoʌǝ‬ ‮ɐɹǝ‬ ‮ıuɔoɹɹǝɔʇ‬."},{"$i":"send-failure-unknown","$v":"‮⊥ɥǝ‬ ‮ɯǝssɐƃǝ‬ ‮ɔonʅp‬ ‮uoʇ‬ ‮qǝ‬ ‮sǝuʇ‬."},{"$i":"form-clear-input","$v":"‮ᴚǝɯoʌǝ‬ ‮ʇǝxʇ‬"},{"$i":"confirm-dialog-title","$v":"‮Ↄouɟıɹɯɐʇıou‬"},{"$i":"senders-separation-sign","$v":", "},{"$i":"new-messages","$v":{"one":"1 ‮Nǝʍ‬ ‮Wǝssɐƃǝ‬","two":[{"t":"idOrVar","v":"n"}," ‮Nǝʍ‬ ‮Wǝssɐƃǝs‬"],"few":[{"t":"idOrVar","v":"n"}," ‮Nǝʍ‬ ‮Wǝssɐƃǝs‬"],"many":[{"t":"idOrVar","v":"n"}," ‮Nǝʍ‬ ‮Wǝssɐƃǝs‬"],"other":[{"t":"idOrVar","v":"n"}," ‮Nǝʍ‬ ‮Wǝssɐƃǝs‬"]},"$x":[{"t":"idOrVar","v":"plural"},"n"]},{"$i":"notification-no-subject","$v":"(‮uo‬ ‮snqɾǝɔʇ‬)"},{"$i":"new-emails-notify-one-account","$v":{"one":"1 ‮Nǝʍ‬ ‮Ǝɯɐıʅ‬","two":[{"t":"idOrVar","v":"n"}," ‮Nǝʍ‬ ‮Ǝɯɐıʅs‬"],"few":[{"t":"idOrVar","v":"n"}," ‮Nǝʍ‬ ‮Ǝɯɐıʅs‬"],"many":[{"t":"idOrVar","v":"n"}," ‮Nǝʍ‬ ‮Ǝɯɐıʅs‬"],"other":[{"t":"idOrVar","v":"n"}," ‮Nǝʍ‬ ‮Ǝɯɐıʅs‬"]},"$x":[{"t":"idOrVar","v":"plural"},"n"]},{"$i":"new-emails-notify-multiple-accounts","$v":{"one":["1 ‮Nǝʍ‬ ‮Ǝɯɐıʅ‬ (",{"t":"idOrVar","v":"accountName"},")"],"two":[{"t":"idOrVar","v":"n"}," ‮Nǝʍ‬ ‮Ǝɯɐıʅs‬ (",{"t":"idOrVar","v":"accountName"},")"],"few":[{"t":"idOrVar","v":"n"}," ‮Nǝʍ‬ ‮Ǝɯɐıʅs‬ (",{"t":"idOrVar","v":"accountName"},")"],"many":[{"t":"idOrVar","v":"n"}," ‮Nǝʍ‬ ‮Ǝɯɐıʅs‬ (",{"t":"idOrVar","v":"accountName"},")"],"other":[{"t":"idOrVar","v":"n"}," ‮Nǝʍ‬ ‮Ǝɯɐıʅs‬ (",{"t":"idOrVar","v":"accountName"},")"]},"$x":[{"t":"idOrVar","v":"plural"},"n"]},{"$i":"new-emails-notify-multiple-accounts-body","$v":[{"t":"idOrVar","v":"from"}," “",{"t":"idOrVar","v":"subject"},"”"]},{"$i":"tng-plain-socket-warning-title","$v":"‮∀ɹǝ‬ ‮ʎon‬ ‮snɹǝ‬?"},{"$i":"tng-plain-socket-warning-message","$v":"‮Oʇɥǝɹ‬ ‮dǝodʅǝ‬ ‮ɯɐʎ‬ ‮qǝ‬ ‮ɐqʅǝ‬ ‮ʇo‬ ‮sǝǝ‬ ‮ʎonɹ‬ ‮dɐssʍoɹps‬ ‮ɐup‬ ‮ǝɯɐıʅs‬ ‮oɹ‬ ‮ɔouʇɹoʅ‬ ‮ʎonɹ‬ ‮ɐɔɔonuʇ‬."},{"$i":"tng-plain-socket-warning-message-options","$v":"‮⊥ɥǝɹǝ‬ ‮ɐɹǝ‬ ‮ɯnʅʇıdʅǝ‬, ‮ɟɹǝǝ‬ ‮ǝɯɐıʅ‬ ‮dɹoʌıpǝɹs‬ ‮ʇɥɐʇ‬ ‮oɟɟǝɹ‬ ‮ɯoɹǝ‬ ‮sǝɔnɹǝ‬, ‮ǝuɔɹʎdʇǝp‬ ‮ɔouuǝɔʇıous‬."},{"$i":"tng-plain-socket-learn-more","$v":"‮˥ǝɐɹu‬ ‮ɯoɹǝ‬"},{"$i":"tng-plain-socket-warning-ok","$v":"‮I‬ ‮nupǝɹsʇɐup‬"},{"$i":"message-reader-next-button","ariaLabel":"‮Nǝxʇ‬"},{"$i":"message-reader-previous-button","ariaLabel":"‮Ԁɹǝʌıons‬"},{"$i":"message-reader-date-received","ariaLabel":"‮ᴚǝɔǝıʌǝp‬"},{"$i":"weekday-0-long","$v":"‮Snupɐʎ‬"},{"$i":"weekday-1-long","$v":"‮Woupɐʎ‬"},{"$i":"weekday-2-long","$v":"‮⊥nǝspɐʎ‬"},{"$i":"weekday-3-long","$v":"‮Ｍǝpuǝspɐʎ‬"},{"$i":"weekday-4-long","$v":"‮⊥ɥnɹspɐʎ‬"},{"$i":"weekday-5-long","$v":"‮ɟɹıpɐʎ‬"},{"$i":"weekday-6-long","$v":"‮Sɐʇnɹpɐʎ‬"},{"$i":"weekday-0-short","$v":"‮Snu‬"},{"$i":"weekday-1-short","$v":"‮Wou‬"},{"$i":"weekday-2-short","$v":"‮⊥nǝ‬"},{"$i":"weekday-3-short","$v":"‮Ｍǝp‬"},{"$i":"weekday-4-short","$v":"‮⊥ɥn‬"},{"$i":"weekday-5-short","$v":"‮ɟɹı‬"},{"$i":"weekday-6-short","$v":"‮Sɐʇ‬"},{"$i":"month-0-long","$v":"‮ſɐunɐɹʎ‬"},{"$i":"month-1-long","$v":"‮ɟǝqɹnɐɹʎ‬"},{"$i":"month-2-long","$v":"‮Wɐɹɔɥ‬"},{"$i":"month-3-long","$v":"‮∀dɹıʅ‬"},{"$i":"month-4-long","$v":"‮Wɐʎ‬"},{"$i":"month-5-long","$v":"‮ſnuǝ‬"},{"$i":"month-6-long","$v":"‮ſnʅʎ‬"},{"$i":"month-7-long","$v":"‮∀nƃnsʇ‬"},{"$i":"month-8-long","$v":"‮Sǝdʇǝɯqǝɹ‬"},{"$i":"month-9-long","$v":"‮Oɔʇoqǝɹ‬"},{"$i":"month-10-long","$v":"‮Noʌǝɯqǝɹ‬"},{"$i":"month-11-long","$v":"‮pǝɔǝɯqǝɹ‬"},{"$i":"month-0-genitive","$v":"‮ſɐunɐɹʎ‬"},{"$i":"month-1-genitive","$v":"‮ɟǝqɹnɐɹʎ‬"},{"$i":"month-2-genitive","$v":"‮Wɐɹɔɥ‬"},{"$i":"month-3-genitive","$v":"‮∀dɹıʅ‬"},{"$i":"month-4-genitive","$v":"‮Wɐʎ‬"},{"$i":"month-5-genitive","$v":"‮ſnuǝ‬"},{"$i":"month-6-genitive","$v":"‮ſnʅʎ‬"},{"$i":"month-7-genitive","$v":"‮∀nƃnsʇ‬"},{"$i":"month-8-genitive","$v":"‮Sǝdʇǝɯqǝɹ‬"},{"$i":"month-9-genitive","$v":"‮Oɔʇoqǝɹ‬"},{"$i":"month-10-genitive","$v":"‮Noʌǝɯqǝɹ‬"},{"$i":"month-11-genitive","$v":"‮pǝɔǝɯqǝɹ‬"},{"$i":"month-0-short","$v":"‮ſɐu‬"},{"$i":"month-1-short","$v":"‮ɟǝq‬"},{"$i":"month-2-short","$v":"‮Wɐɹ‬"},{"$i":"month-3-short","$v":"‮∀dɹ‬"},{"$i":"month-4-short","$v":"‮Wɐʎ‬"},{"$i":"month-5-short","$v":"‮ſnu‬"},{"$i":"month-6-short","$v":"‮ſnʅ‬"},{"$i":"month-7-short","$v":"‮∀nƃ‬"},{"$i":"month-8-short","$v":"‮Sǝd‬"},{"$i":"month-9-short","$v":"‮Oɔʇ‬"},{"$i":"month-10-short","$v":"‮Noʌ‬"},{"$i":"month-11-short","$v":"‮pǝɔ‬"},{"$i":"minutes-ago-long","$v":{"zero":"‮ɾnsʇ‬ ‮uoʍ‬","one":"‮ɐ‬ ‮ɯıunʇǝ‬ ‮ɐƃo‬","two":[{"t":"idOrVar","v":"value"}," ‮ɯıunʇǝs‬ ‮ɐƃo‬"],"few":[{"t":"idOrVar","v":"value"}," ‮ɯıunʇǝs‬ ‮ɐƃo‬"],"many":[{"t":"idOrVar","v":"value"}," ‮ɯıunʇǝs‬ ‮ɐƃo‬"],"other":[{"t":"idOrVar","v":"value"}," ‮ɯıunʇǝs‬ ‮ɐƃo‬"]},"$x":[{"t":"idOrVar","v":"plural"},"value"]},{"$i":"hours-ago-long","$v":{"zero":"‮ɾnsʇ‬ ‮uoʍ‬","one":"‮ɐu‬ ‮ɥonɹ‬ ‮ɐƃo‬","two":[{"t":"idOrVar","v":"value"}," ‮ɥonɹs‬ ‮ɐƃo‬"],"few":[{"t":"idOrVar","v":"value"}," ‮ɥonɹs‬ ‮ɐƃo‬"],"many":[{"t":"idOrVar","v":"value"}," ‮ɥonɹs‬ ‮ɐƃo‬"],"other":[{"t":"idOrVar","v":"value"}," ‮ɥonɹs‬ ‮ɐƃo‬"]},"$x":[{"t":"idOrVar","v":"plural"},"value"]},{"$i":"days-ago-long","$v":{"zero":"‮ʇopɐʎ‬","one":"‮ʎǝsʇǝɹpɐʎ‬","two":[{"t":"idOrVar","v":"value"}," ‮pɐʎs‬ ‮ɐƃo‬"],"few":[{"t":"idOrVar","v":"value"}," ‮pɐʎs‬ ‮ɐƃo‬"],"many":[{"t":"idOrVar","v":"value"}," ‮pɐʎs‬ ‮ɐƃo‬"],"other":[{"t":"idOrVar","v":"value"}," ‮pɐʎs‬ ‮ɐƃo‬"]},"$x":[{"t":"idOrVar","v":"plural"},"value"]},{"$i":"weeks-ago-long","$v":{"zero":"‮ʇɥıs‬ ‮ʍǝǝʞ‬","one":"‮ʅɐsʇ‬ ‮ʍǝǝʞ‬","two":[{"t":"idOrVar","v":"value"}," ‮ʍǝǝʞs‬ ‮ɐƃo‬"],"few":[{"t":"idOrVar","v":"value"}," ‮ʍǝǝʞs‬ ‮ɐƃo‬"],"many":[{"t":"idOrVar","v":"value"}," ‮ʍǝǝʞs‬ ‮ɐƃo‬"],"other":[{"t":"idOrVar","v":"value"}," ‮ʍǝǝʞs‬ ‮ɐƃo‬"]},"$x":[{"t":"idOrVar","v":"plural"},"value"]},{"$i":"months-ago-long","$v":{"zero":"‮ʇɥıs‬ ‮ɯouʇɥ‬","one":"‮ʅɐsʇ‬ ‮ɯouʇɥ‬","two":[{"t":"idOrVar","v":"value"}," ‮ɯouʇɥs‬ ‮ɐƃo‬"],"few":[{"t":"idOrVar","v":"value"}," ‮ɯouʇɥs‬ ‮ɐƃo‬"],"many":[{"t":"idOrVar","v":"value"}," ‮ɯouʇɥs‬ ‮ɐƃo‬"],"other":[{"t":"idOrVar","v":"value"}," ‮ɯouʇɥs‬ ‮ɐƃo‬"]},"$x":[{"t":"idOrVar","v":"plural"},"value"]},{"$i":"years-ago-long","$v":{"zero":"‮ʇɥıs‬ ‮ʎǝɐɹ‬","one":"‮ʅɐsʇ‬ ‮ʎǝɐɹ‬","two":[{"t":"idOrVar","v":"value"}," ‮ʎǝɐɹs‬ ‮ɐƃo‬"],"few":[{"t":"idOrVar","v":"value"}," ‮ʎǝɐɹs‬ ‮ɐƃo‬"],"many":[{"t":"idOrVar","v":"value"}," ‮ʎǝɐɹs‬ ‮ɐƃo‬"],"other":[{"t":"idOrVar","v":"value"}," ‮ʎǝɐɹs‬ ‮ɐƃo‬"]},"$x":[{"t":"idOrVar","v":"plural"},"value"]},{"$i":"minutes-until-long","$v":{"zero":"‮uoʍ‬","one":"‮ıu‬ ‮ɐ‬ ‮ɯıunʇǝ‬","two":["‮ıu‬ ",{"t":"idOrVar","v":"value"}," ‮ɯıunʇǝs‬"],"few":["‮ıu‬ ",{"t":"idOrVar","v":"value"}," ‮ɯıunʇǝs‬"],"many":["‮ıu‬ ",{"t":"idOrVar","v":"value"}," ‮ɯıunʇǝs‬"],"other":["‮ıu‬ ",{"t":"idOrVar","v":"value"}," ‮ɯıunʇǝs‬"]},"$x":[{"t":"idOrVar","v":"plural"},"value"]},{"$i":"hours-until-long","$v":{"zero":"‮uoʍ‬","one":"‮ıu‬ ‮ɐu‬ ‮ɥonɹ‬","two":["‮ıu‬ ",{"t":"idOrVar","v":"value"}," ‮ɥonɹs‬"],"few":["‮ıu‬ ",{"t":"idOrVar","v":"value"}," ‮ɥonɹs‬"],"many":["‮ıu‬ ",{"t":"idOrVar","v":"value"}," ‮ɥonɹs‬"],"other":["‮ıu‬ ",{"t":"idOrVar","v":"value"}," ‮ɥonɹs‬"]},"$x":[{"t":"idOrVar","v":"plural"},"value"]},{"$i":"days-until-long","$v":{"zero":"‮ʇopɐʎ‬","one":"‮ʇoɯoɹɹoʍ‬","two":["‮ıu‬ ",{"t":"idOrVar","v":"value"}," ‮pɐʎs‬"],"few":["‮ıu‬ ",{"t":"idOrVar","v":"value"}," ‮pɐʎs‬"],"many":["‮ıu‬ ",{"t":"idOrVar","v":"value"}," ‮pɐʎs‬"],"other":["‮ıu‬ ",{"t":"idOrVar","v":"value"}," ‮pɐʎs‬"]},"$x":[{"t":"idOrVar","v":"plural"},"value"]},{"$i":"weeks-until-long","$v":{"zero":"‮ʇɥıs‬ ‮ʍǝǝʞ‬","one":"‮uǝxʇ‬ ‮ʍǝǝʞ‬","two":["‮ıu‬ ",{"t":"idOrVar","v":"value"}," ‮ʍǝǝʞs‬"],"few":["‮ıu‬ ",{"t":"idOrVar","v":"value"}," ‮ʍǝǝʞs‬"],"many":["‮ıu‬ ",{"t":"idOrVar","v":"value"}," ‮ʍǝǝʞs‬"],"other":["‮ıu‬ ",{"t":"idOrVar","v":"value"}," ‮ʍǝǝʞs‬"]},"$x":[{"t":"idOrVar","v":"plural"},"value"]},{"$i":"months-until-long","$v":{"zero":"‮ʇɥıs‬ ‮ɯouʇɥ‬","one":"‮uǝxʇ‬ ‮ɯouʇɥ‬","two":["‮ıu‬ ",{"t":"idOrVar","v":"value"}," ‮ɯouʇɥs‬"],"few":["‮ıu‬ ",{"t":"idOrVar","v":"value"}," ‮ɯouʇɥs‬"],"many":["‮ıu‬ ",{"t":"idOrVar","v":"value"}," ‮ɯouʇɥs‬"],"other":["‮ıu‬ ",{"t":"idOrVar","v":"value"}," ‮ɯouʇɥs‬"]},"$x":[{"t":"idOrVar","v":"plural"},"value"]},{"$i":"years-until-long","$v":{"zero":"‮ʇɥıs‬ ‮ʎǝɐɹ‬","one":"‮uǝxʇ‬ ‮ʎǝɐɹ‬","two":["‮ıu‬ ",{"t":"idOrVar","v":"value"}," ‮ʎǝɐɹs‬"],"few":["‮ıu‬ ",{"t":"idOrVar","v":"value"}," ‮ʎǝɐɹs‬"],"many":["‮ıu‬ ",{"t":"idOrVar","v":"value"}," ‮ʎǝɐɹs‬"],"other":["‮ıu‬ ",{"t":"idOrVar","v":"value"}," ‮ʎǝɐɹs‬"]},"$x":[{"t":"idOrVar","v":"plural"},"value"]},{"$i":"minutes-ago-short","$v":{"zero":"‮ɾnsʇ‬ ‮uoʍ‬","other":[{"t":"idOrVar","v":"value"},"‮ɯ‬ ‮ɐƃo‬"]},"$x":[{"t":"idOrVar","v":"plural"},"value"]},{"$i":"hours-ago-short","$v":{"zero":"‮ɾnsʇ‬ ‮uoʍ‬","other":[{"t":"idOrVar","v":"value"},"‮ɥ‬ ‮ɐƃo‬"]},"$x":[{"t":"idOrVar","v":"plural"},"value"]},{"$i":"days-ago-short","$v":{"zero":"‮ʇopɐʎ‬","other":[{"t":"idOrVar","v":"value"},"‮p‬ ‮ɐƃo‬"]},"$x":[{"t":"idOrVar","v":"plural"},"value"]},{"$i":"minutes-until-short","$v":{"zero":"‮uoʍ‬","other":["‮ıu‬ ",{"t":"idOrVar","v":"value"},"‮ɯ‬"]},"$x":[{"t":"idOrVar","v":"plural"},"value"]},{"$i":"hours-until-short","$v":{"zero":"‮uoʍ‬","other":["‮ıu‬ ",{"t":"idOrVar","v":"value"},"‮ɥ‬"]},"$x":[{"t":"idOrVar","v":"plural"},"value"]},{"$i":"days-until-short","$v":{"zero":"‮ʇopɐʎ‬","other":["‮ıu‬ ",{"t":"idOrVar","v":"value"},"‮p‬"]},"$x":[{"t":"idOrVar","v":"plural"},"value"]},{"$i":"incorrectDate","$v":"(‮ıuɔoɹɹǝɔʇ‬ ‮pɐʇǝ‬)"},{"$i":"dateTimeFormat_%c","$v":"%a %b %e %Y %I:%M:%S %p"},{"$i":"dateTimeFormat_%x","$v":"%m/%d/%Y"},{"$i":"dateTimeFormat_%X","$v":"%I:%M:%S %p"},{"$i":"shortTimeFormat","$v":"%I:%M %p"},{"$i":"shortTimeFormat12","$v":"%I:%M %p"},{"$i":"shortTimeFormat24","$v":"%H:%M"},{"$i":"shortDateTimeFormat","$v":"%x %I:%M %p"},{"$i":"weekStartsOnMonday","$v":"0"},{"$i":"firstDayOfTheWeek","$v":"0"},{"$i":"timePickerOrder","$v":"‮HWd‬"},{"$i":"datePickerOrder","$v":"‮Wpʎ‬"},{"$i":"hourMinutesSeparator","$v":":"},{"$i":"listSeparator_middle","$v":", "},{"$i":"time_am","$v":"‮∀W‬"},{"$i":"time_pm","$v":"‮ԀW‬"},{"$i":"durationPattern","$v":"‮ɥɥ‬:‮ɯɯ‬:‮ss‬.‮SS‬"}]