{"nospace2-title":"‮Noʇ‬ ‮ǝuonƃɥ‬ ‮sdɐɔǝ‬ ‮ou‬ ‮ɯǝɯoɹʎ‬ ‮ɔɐɹp‬","nospace2-text":"‮⊥ɹʎ‬ ‮ɟɹǝǝıuƃ‬ ‮nd‬ ‮sdɐɔǝ‬ ‮qʎ‬ ‮pǝʅǝʇıuƃ‬ ‮ɯǝpıɐ‬.","error-saving-title":"‮Ԁıɔʇnɹǝ‬ ‮uoʇ‬ ‮sɐʌǝp‬","error-saving-text":"‮∀u‬ ‮ǝɹɹoɹ‬ ‮dɹǝʌǝuʇǝp‬ ‮Ↄɐɯǝɹɐ‬ ‮ɟɹoɯ‬ ‮sɐʌıuƃ‬ ‮ʇɥǝ‬ ‮dıɔʇnɹǝ‬.","error-recording-title":"‮Ʌıpǝo‬ ‮uoʇ‬ ‮ɹǝɔoɹpǝp‬","error-recording-text":"‮∀u‬ ‮ǝɹɹoɹ‬ ‮dɹǝʌǝuʇǝp‬ ‮Ↄɐɯǝɹɐ‬ ‮ɟɹoɯ‬ ‮ɹǝɔoɹpıuƃ‬ ‮ʇɥǝ‬ ‮ʌıpǝo‬.","nocard2-title":"‮No‬ ‮ɯǝɯoɹʎ‬ ‮ɔɐɹp‬ ‮ɟonup‬","nocard3-text":"‮Iusǝɹʇ‬ ‮ɐ‬ ‮ɯǝɯoɹʎ‬ ‮ɔɐɹp‬ ‮ʇo‬ ‮ʇɐʞǝ‬ ‮dıɔʇnɹǝs‬.","pluggedin2-title":"‮Ↄɐɯǝɹɐ‬ ‮ɔɐu‬ ‮uoʇ‬ ‮qǝ‬ ‮nsǝp‬ ‮ʍɥıʅǝ‬ ‮dɥouǝ‬ ‮ıs‬ ‮dʅnƃƃǝp‬ ‮ıu‬","pluggedin2-text":"‮∩udʅnƃ‬ ‮ʇɥǝ‬ ‮dɥouǝ‬ ‮ʇo‬ ‮ɔɐdʇnɹǝ‬ ‮dɥoʇos‬ ‮ɐup‬ ‮ʌıpǝos‬","storage-size-limit-reached":"‮ʎon‬ ‮ɥɐʌǝ‬ ‮ɹnu‬ ‮onʇ‬ ‮oɟ‬ ‮ɯǝpıɐ‬ ‮sʇoɹɐƃǝ‬ ‮sdɐɔǝ‬.","activity-size-limit-reached":"‮ʎon‬ ‮ɥɐʌǝ‬ ‮ɹǝɐɔɥǝp‬ ‮ʇɥǝ‬ ‮ɯɐxıɯnɯ‬ ‮ɟıʅǝ‬ ‮sızǝ‬ ‮ɟoɹ‬ ‮ʇɥıs‬ ‮ɐʇʇɐɔɥɯǝuʇ‬.","retake-button":"‮ᴚǝʇɐʞǝ‬","select-button":"‮Sǝʅǝɔʇ‬","close-button":"‮Ↄʅosǝ‬","delete-photo?":"‮pǝʅǝʇǝ‬ ‮dɥoʇo‬?","delete-video?":"‮pǝʅǝʇǝ‬ ‮ʌıpǝo‬?","cancel":"‮Ↄɐuɔǝʅ‬","delete":"‮pǝʅǝʇǝ‬","mp":"‮WԀ‬","camera-resolution":"‮Ↄɐɯǝɹɐ‬ ‮ᴚǝsoʅnʇıou‬","camera-resolution-header":"{{camera-resolution}}","video-resolution":"‮Ʌıpǝo‬ ‮ᴚǝsoʅnʇıou‬","video-resolution-header":"{{video-resolution}}","scene-mode":"‮Sɔǝuǝ‬ ‮Wopǝ‬","scene-mode-header":"{{scene-mode}}","self-timer":"‮Sǝʅɟ‬-‮⊥ıɯǝɹ‬","self-timer-header":"{{self-timer}}","self-timer-off":"‮Oɟɟ‬","self-timer-2-seconds":"2 ‮sǝɔoups‬","self-timer-5-seconds":"5 ‮sǝɔoups‬","self-timer-10-seconds":"10 ‮sǝɔoups‬","battery-shutdown-title":"‮˥oʍ‬ ‮Ԑɐʇʇǝɹʎ‬","battery-shutdown-text":"‮⊥ɥǝ‬ ‮qɐʇʇǝɹʎ‬ ‮ıs‬ ‮ʇoo‬ ‮ʅoʍ‬ ‮ʇo‬ ‮nsǝ‬ ‮ʇɥǝ‬ ‮ɔɐɯǝɹɐ‬.","battery-critical-text":"‮Ↄɹıʇıɔɐʅʅʎ‬ ‮ʅoʍ‬ ‮qɐʇʇǝɹʎ‬","battery-verylow-text":"10% ‮qɐʇʇǝɹʎ‬ ‮ɹǝɯɐıuıuƃ‬","battery-low-text":"15% ‮qɐʇʇǝɹʎ‬ ‮ɹǝɯɐıuıuƃ‬","hdr":"‮Hpᴚ‬","hdr-header":"{{hdr}}","hdr-on":"‮Ou‬","hdr-off":"‮Oɟɟ‬","hdr-deactivated":"(‮Hpᴚ‬ ‮pǝɐɔʇıʌɐʇǝp‬)","grid":"‮פɹıp‬ ‮˥ıuǝs‬","grid-header":"{{grid}}","grid-on":"‮Ou‬","grid-off":"‮Oɟɟ‬","flash":"‮ɟʅɐsɥ‬","flash-on":"‮Ou‬","flash-off":"‮Oɟɟ‬","flash-auto":"‮∀nʇo‬","flash-deactivated":"(‮ɟʅɐsɥ‬ ‮pǝɐɔʇıʌɐʇǝp‬)","options":"‮Odʇıous‬","open-gallery":"‮Odǝu‬ ‮פɐʅʅǝɹʎ‬","preview":"‮Ԁɹǝʌıǝʍ‬","weekday-0-long":"‮Snupɐʎ‬","weekday-1-long":"‮Woupɐʎ‬","weekday-2-long":"‮⊥nǝspɐʎ‬","weekday-3-long":"‮Ｍǝpuǝspɐʎ‬","weekday-4-long":"‮⊥ɥnɹspɐʎ‬","weekday-5-long":"‮ɟɹıpɐʎ‬","weekday-6-long":"‮Sɐʇnɹpɐʎ‬","weekday-0-short":"‮Snu‬","weekday-1-short":"‮Wou‬","weekday-2-short":"‮⊥nǝ‬","weekday-3-short":"‮Ｍǝp‬","weekday-4-short":"‮⊥ɥn‬","weekday-5-short":"‮ɟɹı‬","weekday-6-short":"‮Sɐʇ‬","month-0-long":"‮ſɐunɐɹʎ‬","month-1-long":"‮ɟǝqɹnɐɹʎ‬","month-2-long":"‮Wɐɹɔɥ‬","month-3-long":"‮∀dɹıʅ‬","month-4-long":"‮Wɐʎ‬","month-5-long":"‮ſnuǝ‬","month-6-long":"‮ſnʅʎ‬","month-7-long":"‮∀nƃnsʇ‬","month-8-long":"‮Sǝdʇǝɯqǝɹ‬","month-9-long":"‮Oɔʇoqǝɹ‬","month-10-long":"‮Noʌǝɯqǝɹ‬","month-11-long":"‮pǝɔǝɯqǝɹ‬","month-0-genitive":"‮ſɐunɐɹʎ‬","month-1-genitive":"‮ɟǝqɹnɐɹʎ‬","month-2-genitive":"‮Wɐɹɔɥ‬","month-3-genitive":"‮∀dɹıʅ‬","month-4-genitive":"‮Wɐʎ‬","month-5-genitive":"‮ſnuǝ‬","month-6-genitive":"‮ſnʅʎ‬","month-7-genitive":"‮∀nƃnsʇ‬","month-8-genitive":"‮Sǝdʇǝɯqǝɹ‬","month-9-genitive":"‮Oɔʇoqǝɹ‬","month-10-genitive":"‮Noʌǝɯqǝɹ‬","month-11-genitive":"‮pǝɔǝɯqǝɹ‬","month-0-short":"‮ſɐu‬","month-1-short":"‮ɟǝq‬","month-2-short":"‮Wɐɹ‬","month-3-short":"‮∀dɹ‬","month-4-short":"‮Wɐʎ‬","month-5-short":"‮ſnu‬","month-6-short":"‮ſnʅ‬","month-7-short":"‮∀nƃ‬","month-8-short":"‮Sǝd‬","month-9-short":"‮Oɔʇ‬","month-10-short":"‮Noʌ‬","month-11-short":"‮pǝɔ‬","minutes-ago-long":{"_":{"zero":"‮ɾnsʇ‬ ‮uoʍ‬","one":"‮ɐ‬ ‮ɯıunʇǝ‬ ‮ɐƃo‬","two":"{{value}} ‮ɯıunʇǝs‬ ‮ɐƃo‬","few":"{{value}} ‮ɯıunʇǝs‬ ‮ɐƃo‬","many":"{{value}} ‮ɯıunʇǝs‬ ‮ɐƃo‬","other":"{{value}} ‮ɯıunʇǝs‬ ‮ɐƃo‬"}},"hours-ago-long":{"_":{"zero":"‮ɾnsʇ‬ ‮uoʍ‬","one":"‮ɐu‬ ‮ɥonɹ‬ ‮ɐƃo‬","two":"{{value}} ‮ɥonɹs‬ ‮ɐƃo‬","few":"{{value}} ‮ɥonɹs‬ ‮ɐƃo‬","many":"{{value}} ‮ɥonɹs‬ ‮ɐƃo‬","other":"{{value}} ‮ɥonɹs‬ ‮ɐƃo‬"}},"days-ago-long":{"_":{"zero":"‮ʇopɐʎ‬","one":"‮ʎǝsʇǝɹpɐʎ‬","two":"{{value}} ‮pɐʎs‬ ‮ɐƃo‬","few":"{{value}} ‮pɐʎs‬ ‮ɐƃo‬","many":"{{value}} ‮pɐʎs‬ ‮ɐƃo‬","other":"{{value}} ‮pɐʎs‬ ‮ɐƃo‬"}},"weeks-ago-long":{"_":{"zero":"‮ʇɥıs‬ ‮ʍǝǝʞ‬","one":"‮ʅɐsʇ‬ ‮ʍǝǝʞ‬","two":"{{value}} ‮ʍǝǝʞs‬ ‮ɐƃo‬","few":"{{value}} ‮ʍǝǝʞs‬ ‮ɐƃo‬","many":"{{value}} ‮ʍǝǝʞs‬ ‮ɐƃo‬","other":"{{value}} ‮ʍǝǝʞs‬ ‮ɐƃo‬"}},"months-ago-long":{"_":{"zero":"‮ʇɥıs‬ ‮ɯouʇɥ‬","one":"‮ʅɐsʇ‬ ‮ɯouʇɥ‬","two":"{{value}} ‮ɯouʇɥs‬ ‮ɐƃo‬","few":"{{value}} ‮ɯouʇɥs‬ ‮ɐƃo‬","many":"{{value}} ‮ɯouʇɥs‬ ‮ɐƃo‬","other":"{{value}} ‮ɯouʇɥs‬ ‮ɐƃo‬"}},"years-ago-long":{"_":{"zero":"‮ʇɥıs‬ ‮ʎǝɐɹ‬","one":"‮ʅɐsʇ‬ ‮ʎǝɐɹ‬","two":"{{value}} ‮ʎǝɐɹs‬ ‮ɐƃo‬","few":"{{value}} ‮ʎǝɐɹs‬ ‮ɐƃo‬","many":"{{value}} ‮ʎǝɐɹs‬ ‮ɐƃo‬","other":"{{value}} ‮ʎǝɐɹs‬ ‮ɐƃo‬"}},"minutes-until-long":{"_":{"zero":"‮uoʍ‬","one":"‮ıu‬ ‮ɐ‬ ‮ɯıunʇǝ‬","two":"‮ıu‬ {{value}} ‮ɯıunʇǝs‬","few":"‮ıu‬ {{value}} ‮ɯıunʇǝs‬","many":"‮ıu‬ {{value}} ‮ɯıunʇǝs‬","other":"‮ıu‬ {{value}} ‮ɯıunʇǝs‬"}},"hours-until-long":{"_":{"zero":"‮uoʍ‬","one":"‮ıu‬ ‮ɐu‬ ‮ɥonɹ‬","two":"‮ıu‬ {{value}} ‮ɥonɹs‬","few":"‮ıu‬ {{value}} ‮ɥonɹs‬","many":"‮ıu‬ {{value}} ‮ɥonɹs‬","other":"‮ıu‬ {{value}} ‮ɥonɹs‬"}},"days-until-long":{"_":{"zero":"‮ʇopɐʎ‬","one":"‮ʇoɯoɹɹoʍ‬","two":"‮ıu‬ {{value}} ‮pɐʎs‬","few":"‮ıu‬ {{value}} ‮pɐʎs‬","many":"‮ıu‬ {{value}} ‮pɐʎs‬","other":"‮ıu‬ {{value}} ‮pɐʎs‬"}},"weeks-until-long":{"_":{"zero":"‮ʇɥıs‬ ‮ʍǝǝʞ‬","one":"‮uǝxʇ‬ ‮ʍǝǝʞ‬","two":"‮ıu‬ {{value}} ‮ʍǝǝʞs‬","few":"‮ıu‬ {{value}} ‮ʍǝǝʞs‬","many":"‮ıu‬ {{value}} ‮ʍǝǝʞs‬","other":"‮ıu‬ {{value}} ‮ʍǝǝʞs‬"}},"months-until-long":{"_":{"zero":"‮ʇɥıs‬ ‮ɯouʇɥ‬","one":"‮uǝxʇ‬ ‮ɯouʇɥ‬","two":"‮ıu‬ {{value}} ‮ɯouʇɥs‬","few":"‮ıu‬ {{value}} ‮ɯouʇɥs‬","many":"‮ıu‬ {{value}} ‮ɯouʇɥs‬","other":"‮ıu‬ {{value}} ‮ɯouʇɥs‬"}},"years-until-long":{"_":{"zero":"‮ʇɥıs‬ ‮ʎǝɐɹ‬","one":"‮uǝxʇ‬ ‮ʎǝɐɹ‬","two":"‮ıu‬ {{value}} ‮ʎǝɐɹs‬","few":"‮ıu‬ {{value}} ‮ʎǝɐɹs‬","many":"‮ıu‬ {{value}} ‮ʎǝɐɹs‬","other":"‮ıu‬ {{value}} ‮ʎǝɐɹs‬"}},"minutes-ago-short":{"_":{"zero":"‮ɾnsʇ‬ ‮uoʍ‬","other":"{{value}}‮ɯ‬ ‮ɐƃo‬"}},"hours-ago-short":{"_":{"zero":"‮ɾnsʇ‬ ‮uoʍ‬","other":"{{value}}‮ɥ‬ ‮ɐƃo‬"}},"days-ago-short":{"_":{"zero":"‮ʇopɐʎ‬","other":"{{value}}‮p‬ ‮ɐƃo‬"}},"minutes-until-short":{"_":{"zero":"‮uoʍ‬","other":"‮ıu‬ {{value}}‮ɯ‬"}},"hours-until-short":{"_":{"zero":"‮uoʍ‬","other":"‮ıu‬ {{value}}‮ɥ‬"}},"days-until-short":{"_":{"zero":"‮ʇopɐʎ‬","other":"‮ıu‬ {{value}}‮p‬"}},"incorrectDate":"(‮ıuɔoɹɹǝɔʇ‬ ‮pɐʇǝ‬)","dateTimeFormat_%c":"%a %b %e %Y %I:%M:%S %p","dateTimeFormat_%x":"%m/%d/%Y","dateTimeFormat_%X":"%I:%M:%S %p","shortTimeFormat":"%I:%M %p","shortDateTimeFormat":"%x %I:%M %p","weekStartsOnMonday":"0","time_am":"‮∀W‬","time_pm":"‮ԀW‬"}