{"number-selected2":{"_":"{[ plural(n) ]}","_[zero]":"Select","_[one]":"{{ n }} selected","_[two]":"{{ n }} selected","_[few]":"{{ n }} selected","_[many]":"{{ n }} selected","_[other]":"{{ n }} selected"},"delete-photo?":{"_":"Delete photo?"},"delete-video?":{"_":"Delete video?"},"delete-n-items?":{"_":"{[ plural(n) ]}","_[zero]":"Nothing selected","_[one]":"Delete selected item?","_[two]":"Delete {{ n }} items?","_[few]":"Delete {{ n }} items?","_[many]":"Delete {{ n }} items?","_[other]":"Delete {{ n }} items?"},"pickoneimage2":{"_":"Select"},"cropimage":{"_":"Crop"},"cancel":{"_":"Cancel"},"delete":{"_":"Delete"},"ok":{"_":"OK"},"edit":{"_":"Edit"},"save":{"_":"Save"},"done":{"_":"Done"},"exposure":{"_":"Exposure"},"crop":{"_":"Crop"},"effects":{"_":"Effects"},"borders":{"_":"Borders"},"enhance-on":{"_":"Auto-enhance on"},"enhance-off":{"_":"Auto-enhance off"},"original":{"_":"Original"},"blackandwhite":{"_":"B&W"},"sepia":{"_":"Sepia"},"freeform":{"_":"Freeform"},"portrait":{"_":"Portrait"},"landscape":{"_":"Landscape"},"square":{"_":"Square"},"emptygallery2-title":{"_":"No photos or videos"},"emptygallery2-text":{"_":"Use the Camera app to get started."},"emptygallery2-title-pick":{"_":"No photos"},"nocard3-title":{"_":"No memory card"},"nocard4-text":{"_":"Insert a memory card to use this app."},"pluggedin2-title":{"_":"Memory card in use"},"pluggedin2-text":{"_":"Unplug the phone to use this app."},"scanning-title":{"_":"Scanning"},"scanning-text":{"_":"Looking for photos and videos."},"upgrade-title":{"_":"Database Upgrade"},"upgrade-text":{"_":"Please wait while Gallery updates its database."},"share-noprovider":{"_":"Can not share this image file type."},"memorycardfull":{"_":"Can not edit photos: Memory card is full."},"imagetoobig":{"_":"Image is too large to display on this device."},"imageinvalid":{"_":"Image is invalid or corrupt and cannot be displayed."},"saved":{"_":"{{filename}} saved to Gallery"},"overlay-camera-button":{"_":"Go to Camera"},"name-label":{"_":"Name"},"size-label":{"_":"Size"},"image-type-label":{"_":"Image Type"},"date-taken-label":{"_":"Date Taken"},"resolution-label":{"_":"Resolution"},"close-button":{"_":"Close"},"byteUnit-B":{"_":"Bytes"},"byteUnit-KB":{"_":"KB"},"byteUnit-MB":{"_":"MB"},"byteUnit-GB":{"_":"GB"},"gallery":{"_":"Gallery"},"preview":{"_":"Preview"},"date-group-header":{"_":"%B %Y"},"weekday-0-long":{"_":"Sunday"},"weekday-1-long":{"_":"Monday"},"weekday-2-long":{"_":"Tuesday"},"weekday-3-long":{"_":"Wednesday"},"weekday-4-long":{"_":"Thursday"},"weekday-5-long":{"_":"Friday"},"weekday-6-long":{"_":"Saturday"},"weekday-0-short":{"_":"Sun"},"weekday-1-short":{"_":"Mon"},"weekday-2-short":{"_":"Tue"},"weekday-3-short":{"_":"Wed"},"weekday-4-short":{"_":"Thu"},"weekday-5-short":{"_":"Fri"},"weekday-6-short":{"_":"Sat"},"month-0-long":{"_":"January"},"month-1-long":{"_":"February"},"month-2-long":{"_":"March"},"month-3-long":{"_":"April"},"month-4-long":{"_":"May"},"month-5-long":{"_":"June"},"month-6-long":{"_":"July"},"month-7-long":{"_":"August"},"month-8-long":{"_":"September"},"month-9-long":{"_":"October"},"month-10-long":{"_":"November"},"month-11-long":{"_":"December"},"month-0-genitive":{"_":"January"},"month-1-genitive":{"_":"February"},"month-2-genitive":{"_":"March"},"month-3-genitive":{"_":"April"},"month-4-genitive":{"_":"May"},"month-5-genitive":{"_":"June"},"month-6-genitive":{"_":"July"},"month-7-genitive":{"_":"August"},"month-8-genitive":{"_":"September"},"month-9-genitive":{"_":"October"},"month-10-genitive":{"_":"November"},"month-11-genitive":{"_":"December"},"month-0-short":{"_":"Jan"},"month-1-short":{"_":"Feb"},"month-2-short":{"_":"Mar"},"month-3-short":{"_":"Apr"},"month-4-short":{"_":"May"},"month-5-short":{"_":"Jun"},"month-6-short":{"_":"Jul"},"month-7-short":{"_":"Aug"},"month-8-short":{"_":"Sep"},"month-9-short":{"_":"Oct"},"month-10-short":{"_":"Nov"},"month-11-short":{"_":"Dec"},"minutes-ago-long":{"_":"{[ plural(value) ]}","_[zero]":"just now","_[one]":"a minute ago","_[two]":"{{value}} minutes ago","_[few]":"{{value}} minutes ago","_[many]":"{{value}} minutes ago","_[other]":"{{value}} minutes ago"},"hours-ago-long":{"_":"{[ plural(value) ]}","_[zero]":"just now","_[one]":"an hour ago","_[two]":"{{value}} hours ago","_[few]":"{{value}} hours ago","_[many]":"{{value}} hours ago","_[other]":"{{value}} hours ago"},"days-ago-long":{"_":"{[ plural(value) ]}","_[zero]":"today","_[one]":"yesterday","_[two]":"{{value}} days ago","_[few]":"{{value}} days ago","_[many]":"{{value}} days ago","_[other]":"{{value}} days ago"},"weeks-ago-long":{"_":"{[ plural(value) ]}","_[zero]":"this week","_[one]":"last week","_[two]":"{{value}} weeks ago","_[few]":"{{value}} weeks ago","_[many]":"{{value}} weeks ago","_[other]":"{{value}} weeks ago"},"months-ago-long":{"_":"{[ plural(value) ]}","_[zero]":"this month","_[one]":"last month","_[two]":"{{value}} months ago","_[few]":"{{value}} months ago","_[many]":"{{value}} months ago","_[other]":"{{value}} months ago"},"years-ago-long":{"_":"{[ plural(value) ]}","_[zero]":"this year","_[one]":"last year","_[two]":"{{value}} years ago","_[few]":"{{value}} years ago","_[many]":"{{value}} years ago","_[other]":"{{value}} years ago"},"minutes-until-long":{"_":"{[ plural(value) ]}","_[zero]":"now","_[one]":"in a minute","_[two]":"in {{value}} minutes","_[few]":"in {{value}} minutes","_[many]":"in {{value}} minutes","_[other]":"in {{value}} minutes"},"hours-until-long":{"_":"{[ plural(value) ]}","_[zero]":"now","_[one]":"in an hour","_[two]":"in {{value}} hours","_[few]":"in {{value}} hours","_[many]":"in {{value}} hours","_[other]":"in {{value}} hours"},"days-until-long":{"_":"{[ plural(value) ]}","_[zero]":"today","_[one]":"tomorrow","_[two]":"in {{value}} days","_[few]":"in {{value}} days","_[many]":"in {{value}} days","_[other]":"in {{value}} days"},"weeks-until-long":{"_":"{[ plural(value) ]}","_[zero]":"this week","_[one]":"next week","_[two]":"in {{value}} weeks","_[few]":"in {{value}} weeks","_[many]":"in {{value}} weeks","_[other]":"in {{value}} weeks"},"months-until-long":{"_":"{[ plural(value) ]}","_[zero]":"this month","_[one]":"next month","_[two]":"in {{value}} months","_[few]":"in {{value}} months","_[many]":"in {{value}} months","_[other]":"in {{value}} months"},"years-until-long":{"_":"{[ plural(value) ]}","_[zero]":"this year","_[one]":"next year","_[two]":"in {{value}} years","_[few]":"in {{value}} years","_[many]":"in {{value}} years","_[other]":"in {{value}} years"},"minutes-ago-short":{"_":"{[ plural(value) ]}","_[zero]":"just now","_[other]":"{{value}}m ago"},"hours-ago-short":{"_":"{[ plural(value) ]}","_[zero]":"just now","_[other]":"{{value}}h ago"},"days-ago-short":{"_":"{[ plural(value) ]}","_[zero]":"today","_[other]":"{{value}}d ago"},"minutes-until-short":{"_":"{[ plural(value) ]}","_[zero]":"now","_[other]":"in {{value}}m"},"hours-until-short":{"_":"{[ plural(value) ]}","_[zero]":"now","_[other]":"in {{value}}h"},"days-until-short":{"_":"{[ plural(value) ]}","_[zero]":"today","_[other]":"in {{value}}d"},"incorrectDate":{"_":"(incorrect date)"},"dateTimeFormat_%c":{"_":"%a %b %e %Y %I:%M:%S %p"},"dateTimeFormat_%x":{"_":"%m/%d/%Y"},"dateTimeFormat_%X":{"_":"%I:%M:%S %p"},"shortTimeFormat":{"_":"%I:%M %p"},"shortDateTimeFormat":{"_":"%x %I:%M %p"},"weekStartsOnMonday":{"_":"0"},"time_am":{"_":"AM"},"time_pm":{"_":"PM"}}