{"nospace2-title":{"_":"لا توجد مساحة كافية على بطاقة الذاكرة"},"nospace2-text":{"_":"حرِّر مساحة بحذف ملفات."},"error-saving-title":{"_":"لم يتم حفظ الصورة"},"error-saving-text":{"_":"حدث خطأ منع الكاميرا من حفظ الصورة."},"error-recording-title":{"_":"لم يتم تصوير الفيديو"},"error-recording-text":{"_":"هنالك خطأ منع الكاميرا من تصوير الفيديو"},"nocard2-title":{"_":"لم يتم العثور على بطاقة الذاكرة"},"nocard3-text":{"_":"Insert a memory card to take pictures."},"pluggedin-title":{"_":"لا يمكن استخدام الكاميرا والجوَّال موصول."},"pluggedin-text":{"_":"إفصل الجوَّال لعرض الصور."},"storage-size-limit-reached":{"_":"You have run out of media storage space."},"activity-size-limit-reached":{"_":"You have reached the maximum file size for this attachment."},"retake-button":{"_":"Retake"},"select-button":{"_":"Select"},"close-button":{"_":"Close"},"delete-photo?":{"_":"حذف الصورة ؟"},"delete-video?":{"_":"حذف الفيديو؟"},"cancel":{"_":"Cancel"},"delete":{"_":"Delete"},"mp":{"_":"MP"},"camera-resolution":{"_":"Camera Resolution"},"camera-resolution-header":{"_":"{{camera-resolution}}"},"video-resolution":{"_":"Video Resolution"},"video-resolution-header":{"_":"{{video-resolution}}"},"scene-mode":{"_":"Scene Mode"},"scene-mode-header":{"_":"{{scene-mode}}"},"self-timer":{"_":"Self-Timer"},"self-timer-header":{"_":"{{self-timer}}"},"self-timer-off":{"_":"Off"},"self-timer-3-seconds":{"_":"3 seconds"},"self-timer-5-seconds":{"_":"5 seconds"},"self-timer-10-seconds":{"_":"10 seconds"},"battery-shutdown-title":{"_":"Low Battery"},"battery-shutdown-text":{"_":"The battery is too low to use the camera."},"battery-critical-text":{"_":"Critically low battery"},"battery-verylow-text":{"_":"10% battery remaining"},"battery-low-text":{"_":"15% battery remaining"},"hdr":{"_":"HDR"},"hdr-header":{"_":"{{hdr}}"},"hdr-on":{"_":"On"},"hdr-off":{"_":"Off"},"hdr-deactivated":{"_":"(HDR deactivated)"},"grid":{"_":"Grid Lines"},"grid-header":{"_":"{{grid}}"},"grid-on":{"_":"On"},"grid-off":{"_":"Off"},"flash":{"_":"Flash"},"flash-on":{"_":"On"},"flash-off":{"_":"Off"},"flash-auto":{"_":"Auto"},"flash-deactivated":{"_":"(Flash deactivated)"},"options":{"_":"Options"},"open-gallery":{"_":"Open Gallery"},"preview":{"_":"Preview"},"weekday-0-long":{"_":"Sunday"},"weekday-1-long":{"_":"Monday"},"weekday-2-long":{"_":"Tuesday"},"weekday-3-long":{"_":"Wednesday"},"weekday-4-long":{"_":"Thursday"},"weekday-5-long":{"_":"Friday"},"weekday-6-long":{"_":"Saturday"},"weekday-0-short":{"_":"Sun"},"weekday-1-short":{"_":"Mon"},"weekday-2-short":{"_":"Tue"},"weekday-3-short":{"_":"Wed"},"weekday-4-short":{"_":"Thu"},"weekday-5-short":{"_":"Fri"},"weekday-6-short":{"_":"Sat"},"month-0-long":{"_":"January"},"month-1-long":{"_":"February"},"month-2-long":{"_":"March"},"month-3-long":{"_":"April"},"month-4-long":{"_":"May"},"month-5-long":{"_":"June"},"month-6-long":{"_":"July"},"month-7-long":{"_":"August"},"month-8-long":{"_":"September"},"month-9-long":{"_":"October"},"month-10-long":{"_":"November"},"month-11-long":{"_":"December"},"month-0-genitive":{"_":"January"},"month-1-genitive":{"_":"February"},"month-2-genitive":{"_":"March"},"month-3-genitive":{"_":"April"},"month-4-genitive":{"_":"May"},"month-5-genitive":{"_":"June"},"month-6-genitive":{"_":"July"},"month-7-genitive":{"_":"August"},"month-8-genitive":{"_":"September"},"month-9-genitive":{"_":"October"},"month-10-genitive":{"_":"November"},"month-11-genitive":{"_":"December"},"month-0-short":{"_":"Jan"},"month-1-short":{"_":"Feb"},"month-2-short":{"_":"Mar"},"month-3-short":{"_":"Apr"},"month-4-short":{"_":"May"},"month-5-short":{"_":"Jun"},"month-6-short":{"_":"Jul"},"month-7-short":{"_":"Aug"},"month-8-short":{"_":"Sep"},"month-9-short":{"_":"Oct"},"month-10-short":{"_":"Nov"},"month-11-short":{"_":"Dec"},"minutes-ago-long":{"_":"{[ plural(value) ]}","_[zero]":"just now","_[one]":"a minute ago","_[two]":"{{value}} minutes ago","_[few]":"{{value}} minutes ago","_[many]":"{{value}} minutes ago","_[other]":"{{value}} minutes ago"},"hours-ago-long":{"_":"{[ plural(value) ]}","_[zero]":"just now","_[one]":"an hour ago","_[two]":"{{value}} hours ago","_[few]":"{{value}} hours ago","_[many]":"{{value}} hours ago","_[other]":"{{value}} hours ago"},"days-ago-long":{"_":"{[ plural(value) ]}","_[zero]":"today","_[one]":"yesterday","_[two]":"{{value}} days ago","_[few]":"{{value}} days ago","_[many]":"{{value}} days ago","_[other]":"{{value}} days ago"},"weeks-ago-long":{"_":"{[ plural(value) ]}","_[zero]":"this week","_[one]":"last week","_[two]":"{{value}} weeks ago","_[few]":"{{value}} weeks ago","_[many]":"{{value}} weeks ago","_[other]":"{{value}} weeks ago"},"months-ago-long":{"_":"{[ plural(value) ]}","_[zero]":"this month","_[one]":"last month","_[two]":"{{value}} months ago","_[few]":"{{value}} months ago","_[many]":"{{value}} months ago","_[other]":"{{value}} months ago"},"years-ago-long":{"_":"{[ plural(value) ]}","_[zero]":"this year","_[one]":"last year","_[two]":"{{value}} years ago","_[few]":"{{value}} years ago","_[many]":"{{value}} years ago","_[other]":"{{value}} years ago"},"minutes-until-long":{"_":"{[ plural(value) ]}","_[zero]":"now","_[one]":"in a minute","_[two]":"in {{value}} minutes","_[few]":"in {{value}} minutes","_[many]":"in {{value}} minutes","_[other]":"in {{value}} minutes"},"hours-until-long":{"_":"{[ plural(value) ]}","_[zero]":"now","_[one]":"in an hour","_[two]":"in {{value}} hours","_[few]":"in {{value}} hours","_[many]":"in {{value}} hours","_[other]":"in {{value}} hours"},"days-until-long":{"_":"{[ plural(value) ]}","_[zero]":"today","_[one]":"tomorrow","_[two]":"in {{value}} days","_[few]":"in {{value}} days","_[many]":"in {{value}} days","_[other]":"in {{value}} days"},"weeks-until-long":{"_":"{[ plural(value) ]}","_[zero]":"this week","_[one]":"next week","_[two]":"in {{value}} weeks","_[few]":"in {{value}} weeks","_[many]":"in {{value}} weeks","_[other]":"in {{value}} weeks"},"months-until-long":{"_":"{[ plural(value) ]}","_[zero]":"this month","_[one]":"next month","_[two]":"in {{value}} months","_[few]":"in {{value}} months","_[many]":"in {{value}} months","_[other]":"in {{value}} months"},"years-until-long":{"_":"{[ plural(value) ]}","_[zero]":"this year","_[one]":"next year","_[two]":"in {{value}} years","_[few]":"in {{value}} years","_[many]":"in {{value}} years","_[other]":"in {{value}} years"},"minutes-ago-short":{"_":"{[ plural(value) ]}","_[zero]":"just now","_[other]":"{{value}}m ago"},"hours-ago-short":{"_":"{[ plural(value) ]}","_[zero]":"just now","_[other]":"{{value}}h ago"},"days-ago-short":{"_":"{[ plural(value) ]}","_[zero]":"today","_[other]":"{{value}}d ago"},"minutes-until-short":{"_":"{[ plural(value) ]}","_[zero]":"now","_[other]":"in {{value}}m"},"hours-until-short":{"_":"{[ plural(value) ]}","_[zero]":"now","_[other]":"in {{value}}h"},"days-until-short":{"_":"{[ plural(value) ]}","_[zero]":"today","_[other]":"in {{value}}d"},"incorrectDate":{"_":"(incorrect date)"},"dateTimeFormat_%c":{"_":"%a %b %e %Y %I:%M:%S %p"},"dateTimeFormat_%x":{"_":"%m/%d/%Y"},"dateTimeFormat_%X":{"_":"%I:%M:%S %p"},"shortTimeFormat":{"_":"%I:%M %p"},"shortDateTimeFormat":{"_":"%x %I:%M %p"},"weekStartsOnMonday":{"_":"0"},"time_am":{"_":"AM"},"time_pm":{"_":"PM"}}