{"nospace2-title":{"_":"Carte mémoire saturée"},"nospace2-text":{"_":"Essayez de libérer de l’espace en supprimant des médias."},"error-saving-title":{"_":"Photo non enregistrée"},"error-saving-text":{"_":"Une erreur a empêché l’application Photo d’enregistrer la photo."},"error-recording-title":{"_":"Vidéo non enregistrée"},"error-recording-text":{"_":"Une erreur a empêché l’application Photo d’enregistrer la vidéo."},"nocard2-title":{"_":"Aucune carte mémoire"},"nocard3-text":{"_":"Insert a memory card to take pictures."},"pluggedin-title":{"_":"L’application Photo ne peut pas être utilisée tant que le téléphone est branché"},"pluggedin-text":{"_":"Pour afficher les photos, débranchez le téléphone."},"storage-size-limit-reached":{"_":"Vous avez épuisé l’espace alloué pour le stockage des médias."},"activity-size-limit-reached":{"_":"Vous avez atteint la taille maximale pour cette pièce jointe."},"retake-button":{"_":"Recommencer"},"select-button":{"_":"Sélectionner"},"close-button":{"_":"Fermer"},"delete-photo?":{"_":"Supprimer la photo ?"},"delete-video?":{"_":"Supprimer la vidéo ?"},"cancel":{"_":"Cancel"},"delete":{"_":"Delete"},"mp":{"_":"MP"},"camera-resolution":{"_":"Camera Resolution"},"camera-resolution-header":{"_":"{{camera-resolution}}"},"video-resolution":{"_":"Video Resolution"},"video-resolution-header":{"_":"{{video-resolution}}"},"scene-mode":{"_":"Scene Mode"},"scene-mode-header":{"_":"{{scene-mode}}"},"self-timer":{"_":"Self-Timer"},"self-timer-header":{"_":"{{self-timer}}"},"self-timer-off":{"_":"Off"},"self-timer-3-seconds":{"_":"3 seconds"},"self-timer-5-seconds":{"_":"5 seconds"},"self-timer-10-seconds":{"_":"10 seconds"},"battery-shutdown-title":{"_":"Low Battery"},"battery-shutdown-text":{"_":"The battery is too low to use the camera."},"battery-critical-text":{"_":"Critically low battery"},"battery-verylow-text":{"_":"10% battery remaining"},"battery-low-text":{"_":"15% battery remaining"},"hdr":{"_":"HDR"},"hdr-header":{"_":"{{hdr}}"},"hdr-on":{"_":"On"},"hdr-off":{"_":"Off"},"hdr-deactivated":{"_":"(HDR deactivated)"},"grid":{"_":"Grid Lines"},"grid-header":{"_":"{{grid}}"},"grid-on":{"_":"On"},"grid-off":{"_":"Off"},"flash":{"_":"Flash"},"flash-on":{"_":"On"},"flash-off":{"_":"Off"},"flash-auto":{"_":"Auto"},"flash-deactivated":{"_":"(Flash deactivated)"},"options":{"_":"Options"},"open-gallery":{"_":"Open Gallery"},"preview":{"_":"Preview"},"nocard2-text":{"_":"Pour prendre des photos, insérez une carte mémoire ou sélectionnez dans les paramètres un autre emplacement par défaut pour les médias."},"storage-setting-button":{"_":"Paramètres stockage des médias"},"weekday-0-long":{"_":"Dimanche"},"weekday-1-long":{"_":"Lundi"},"weekday-2-long":{"_":"Mardi"},"weekday-3-long":{"_":"Mercredi"},"weekday-4-long":{"_":"Jeudi"},"weekday-5-long":{"_":"Vendredi"},"weekday-6-long":{"_":"Samedi"},"weekday-0-short":{"_":"dim"},"weekday-1-short":{"_":"lun"},"weekday-2-short":{"_":"mar"},"weekday-3-short":{"_":"mer"},"weekday-4-short":{"_":"jeu"},"weekday-5-short":{"_":"ven"},"weekday-6-short":{"_":"sam"},"month-0-long":{"_":"Janvier"},"month-1-long":{"_":"Février"},"month-2-long":{"_":"Mars"},"month-3-long":{"_":"Avril"},"month-4-long":{"_":"Mai"},"month-5-long":{"_":"Juin"},"month-6-long":{"_":"Juillet"},"month-7-long":{"_":"Août"},"month-8-long":{"_":"Septembre"},"month-9-long":{"_":"Octobre"},"month-10-long":{"_":"Novembre"},"month-11-long":{"_":"Décembre"},"month-0-genitive":{"_":"janvier"},"month-1-genitive":{"_":"février"},"month-2-genitive":{"_":"mars"},"month-3-genitive":{"_":"avril"},"month-4-genitive":{"_":"mai"},"month-5-genitive":{"_":"juin"},"month-6-genitive":{"_":"juillet"},"month-7-genitive":{"_":"août"},"month-8-genitive":{"_":"septembre"},"month-9-genitive":{"_":"octobre"},"month-10-genitive":{"_":"novembre"},"month-11-genitive":{"_":"décembre"},"month-0-short":{"_":"jan."},"month-1-short":{"_":"fév."},"month-2-short":{"_":"mars"},"month-3-short":{"_":"avr."},"month-4-short":{"_":"mai"},"month-5-short":{"_":"juin"},"month-6-short":{"_":"juil."},"month-7-short":{"_":"août"},"month-8-short":{"_":"sep."},"month-9-short":{"_":"oct."},"month-10-short":{"_":"nov."},"month-11-short":{"_":"déc."},"minutes-ago-long":{"_":"{[ plural(value) ]}","_[zero]":"à l’instant","_[one]":"il y a {{value}} minute","_[two]":"il y a {{value}} minutes","_[few]":"il y a {{value}} minutes","_[many]":"il y a {{value}} minutes","_[other]":"il y a {{value}} minutes"},"hours-ago-long":{"_":"{[ plural(value) ]}","_[zero]":"à l’instant","_[one]":"il y a {{value}} heure","_[two]":"il y a {{value}} heures","_[few]":"il y a {{value}} heures","_[many]":"il y a {{value}} heures","_[other]":"il y a {{value}} heures"},"days-ago-long":{"_":"{[ plural(value) ]}","_[zero]":"aujourd’hui","_[one]":"hier","_[two]":"il y a {{value}} jours","_[few]":"il y a {{value}} jours","_[many]":"il y a {{value}} jours","_[other]":"il y a {{value}} jours"},"weeks-ago-long":{"_":"{[ plural(value) ]}","_[zero]":"cette semaine","_[one]":"la semaine dernière","_[two]":"il y a {{value}} semaines","_[few]":"il y a {{value}} semaines","_[many]":"il y a {{value}} semaines","_[other]":"il y a {{value}} semaines"},"months-ago-long":{"_":"{[ plural(value) ]}","_[zero]":"ce mois-ci","_[one]":"le mois dernier","_[two]":"il y a {{value}} mois","_[few]":"il y a {{value}} mois","_[many]":"il y a {{value}} mois","_[other]":"il y a {{value}} mois"},"years-ago-long":{"_":"{[ plural(value) ]}","_[zero]":"cette année","_[one]":"l’année dernière","_[two]":"il y a {{value}} ans","_[few]":"il y a {{value}} ans","_[many]":"il y a {{value}} ans","_[other]":"il y a {{value}} ans"},"minutes-until-long":{"_":"{[ plural(value) ]}","_[zero]":"maintenant","_[one]":"dans {{value}} minute","_[two]":"dans {{value}} minutes","_[few]":"dans {{value}} minutes","_[many]":"dans {{value}} minutes","_[other]":"dans {{value}} minutes"},"hours-until-long":{"_":"{[ plural(value) ]}","_[zero]":"maintenant","_[one]":"dans {{value}} heure","_[two]":"dans {{value}} heures","_[few]":"dans {{value}} heures","_[many]":"dans {{value}} heures","_[other]":"dans {{value}} heures"},"days-until-long":{"_":"{[ plural(value) ]}","_[zero]":"aujourd’hui","_[one]":"demain","_[two]":"dans {{value}} jours","_[few]":"dans {{value}} jours","_[many]":"dans {{value}} jours","_[other]":"dans {{value}} jours"},"weeks-until-long":{"_":"{[ plural(value) ]}","_[zero]":"cette semaine","_[one]":"la semaine prochaine","_[two]":"dans {{value}} semaines","_[few]":"dans {{value}} semaines","_[many]":"dans {{value}} semaines","_[other]":"dans {{value}} semaines"},"months-until-long":{"_":"{[ plural(value) ]}","_[zero]":"ce mois-ci","_[one]":"le mois prochain","_[two]":"dans {{value}} mois","_[few]":"dans {{value}} mois","_[many]":"dans {{value}} mois","_[other]":"dans {{value}} mois"},"years-until-long":{"_":"{[ plural(value) ]}","_[zero]":"cette année","_[one]":"l’année prochaine","_[two]":"dans {{value}} ans","_[few]":"dans {{value}} ans","_[many]":"dans {{value}} ans","_[other]":"dans {{value}} ans"},"minutes-ago-short":{"_":"{[ plural(value) ]}","_[zero]":"à l’instant","_[other]":"il y a {{value}} min"},"hours-ago-short":{"_":"{[ plural(value) ]}","_[zero]":"à l’instant","_[other]":"il y a {{value}}h"},"days-ago-short":{"_":"{[ plural(value) ]}","_[zero]":"aujourd’hui","_[other]":"il y a {{value}}j"},"minutes-until-short":{"_":"{[ plural(value) ]}","_[zero]":"maintenant","_[other]":"dans {{value}}m"},"hours-until-short":{"_":"{[ plural(value) ]}","_[zero]":"maintenant","_[other]":"dans {{value}}h"},"days-until-short":{"_":"{[ plural(value) ]}","_[zero]":"aujourd’hui","_[other]":"dans {{value}}j"},"incorrectDate":{"_":"(date incorrecte)"},"dateTimeFormat_%c":{"_":"%a %e %b %Y %H:%M:%S"},"dateTimeFormat_%x":{"_":"%d/%m/%Y"},"dateTimeFormat_%X":{"_":"%H:%M:%S"},"shortTimeFormat":{"_":"%H:%M"},"shortDateTimeFormat":{"_":"%x %H:%M"},"weekStartsOnMonday":{"_":"1"},"time_am":{"_":"AM"},"time_pm":{"_":"PM"}}